{
  "coherence_metrics": {
    "cv": 0.5461910489282549,
    "umass": -10.548319473207778,
    "per_topic_cv": [
      0.7150242429107807,
      0.6213208134180005,
      0.5542114444104822,
      0.5396187514496009,
      0.535105284336107,
      0.8396547802709193,
      0.5369609823917844,
      0.5425792995994823,
      0.4277615957756387,
      0.44975808761554265,
      0.5242618690228478,
      0.32940182534548695,
      0.4033451396737863,
      0.5366949468596107,
      0.6793505277016135,
      0.5333525964541356,
      0.625298568824318,
      0.5209043842829809,
      0.5546531777555104,
      0.45456266046646754
    ]
  },
  "artist_metrics": {
    "silhouette": null,
    "js_divergence": 0.1352509125470671,
    "specialization": 0.23818910416627304,
    "pct_specialists": 2.18978102189781,
    "pct_moderate": 43.06569343065693,
    "pct_generalists": 54.74452554744526,
    "mean_dominant_ratio": 0.2984057347386575,
    "mean_significant_topics": 4.802919708029197,
    "mean_topic_concentration": 0.07072081468134819
  },
  "temporal_metrics": {
    "mean_variance": 3.7040783115623155e-05,
    "decade_changes": {
      "1990s->2000s": 0.018415046539247533,
      "2000s->2010s": 0.022188580587011526,
      "2010s->2020s": 0.024192741834463558
    },
    "biannual_changes": {
      "1992-1993->1994-1995": 0.08764268537501253,
      "1994-1995->1996-1997": 0.062218558249085,
      "1996-1997->1998-1999": 0.04365725350143198,
      "1998-1999->2000-2001": 0.02198438721637853,
      "2000-2001->2002-2003": 0.023889637727273687,
      "2002-2003->2004-2005": 0.021805973812338123,
      "2004-2005->2006-2007": 0.01907829360946309,
      "2006-2007->2008-2009": 0.014110254537588929,
      "2008-2009->2010-2011": 0.016004855314140188,
      "2010-2011->2012-2013": 0.011419703600860639,
      "2012-2013->2014-2015": 0.019181944334154953,
      "2014-2015->2016-2017": 0.009773439336662304,
      "2016-2017->2018-2019": 0.018165411240733734,
      "2018-2019->2020-2021": 0.011013243697454433
    },
    "mean_biannual_js": 0.02713897439661272
  },
  "parameters": {
    "num_topics": 20,
    "alpha": "symmetric",
    "eta": "auto",
    "passes": 15,
    "iterations": 400,
    "min_word_len": 2,
    "min_doc_freq": 5,
    "max_doc_freq_ratio": 0.3,
    "use_ngrams": "ngrams_only",
    "ngram_min_count": 10,
    "ngram_threshold": 50,
    "vocabulary_size": 38894,
    "num_documents": 115785,
    "num_words_per_topic": 30,
    "timestamp": "20260123_203941",
    "run_dir": "/home/robin/Code_repo/psycholinguistic2125/JADT_rap_fr/results/LDA/run_20260123_203941_ngrams_only"
  }
}