{
  "coherence_metrics": {
    "cv": 0.31009689905093035,
    "umass": -4.086983800617454,
    "per_topic_cv": [
      0.37487251130258326,
      0.475441321456531,
      0.24983650858763876,
      0.17373242510287645,
      0.22043543924165884,
      0.23771037913384213,
      0.31871677132310056,
      0.3787162578754988,
      0.19786181710096937,
      0.5706282222705938,
      0.32696243260494,
      0.37151466022765556,
      0.2054635564156177,
      0.22947267890203063,
      0.365311871936187,
      0.37475238419237733,
      0.36464923177815534,
      0.34082177009727976,
      0.21067290978530342,
      0.21436483168376644
    ]
  },
  "artist_metrics": {
    "silhouette": null,
    "js_divergence": 0.18928152417061286,
    "specialization": 0.4565051426479072,
    "pct_specialists": 29.56204379562044,
    "pct_moderate": 56.20437956204379,
    "pct_generalists": 14.233576642335766,
    "mean_dominant_ratio": 0.4415733132984939,
    "mean_significant_topics": 4.297445255474453,
    "mean_topic_concentration": 0.10590061317188167
  },
  "temporal_metrics": {
    "mean_variance": 0.00020427688396814042,
    "decade_changes": {
      "1990s->2000s": 0.03423323643052516,
      "2000s->2010s": 0.09165422039972208,
      "2010s->2020s": 0.05324580297261838
    },
    "biannual_changes": {
      "1992-1993->1994-1995": 0.07858209062091985,
      "1994-1995->1996-1997": 0.04374633092217442,
      "1996-1997->1998-1999": 0.02963980576318108,
      "1998-1999->2000-2001": 0.01825717775153305,
      "2000-2001->2002-2003": 0.028080718167393996,
      "2002-2003->2004-2005": 0.018161013709393752,
      "2004-2005->2006-2007": 0.020317052206708378,
      "2006-2007->2008-2009": 0.01734986081442763,
      "2008-2009->2010-2011": 0.022644760291260606,
      "2010-2011->2012-2013": 0.02323052664611429,
      "2012-2013->2014-2015": 0.04286343719714697,
      "2014-2015->2016-2017": 0.037651368703495565,
      "2016-2017->2018-2019": 0.028878882361583785,
      "2018-2019->2020-2021": 0.010943231452153871
    },
    "mean_biannual_js": 0.030024732614820516
  },
  "parameters": {
    "num_topics": 20,
    "alpha": "symmetric",
    "eta": "auto",
    "passes": 15,
    "iterations": 400,
    "min_word_len": 2,
    "min_doc_freq": 5,
    "max_doc_freq_ratio": 0.3,
    "use_ngrams": "trigram_only",
    "ngram_min_count": 10,
    "ngram_threshold": 50,
    "vocabulary_size": 80458,
    "num_documents": 115805,
    "num_words_per_topic": 30,
    "keep_all_the_document": true,
    "timestamp": "20260224_095305",
    "run_dir": "/home/robin/Code_repo/psycholinguistic2125/JADT_rap_fr/results/LDA/run_20260224_095305_trigram_only"
  }
}