row_0,0,1,2,3,4,5,6,7,8,9,10,11,12,13,14,15,16,17,18,19
100 Blaze,-0.8694218631920257,2.743606988335659,-3.2376196011262217,0.5037027179995975,0.015332507166324033,1.3343044696889417,-1.6208264512938018,-3.146281597063986,1.0487477330293615,-2.009149646621042,-1.9431809516495069,-2.954742452313569,1.5503377281733415,2.27884033792156,-1.854632107753102,-0.9791256405350597,-1.237177421515106,-0.46688018677225157,5.974450387423578,17.227161888800996
10vers,-1.3158475895481574,-1.2338471380125222,-1.1395574400462543,-0.24863341746844514,-0.22440760800439088,-0.18425865706037928,-1.0318745734917154,-0.035903394001125084,-0.018553928539977213,1.0825014525437047,4.267422301242384,1.1356287381425554,0.11840175626406184,-0.9376712576841474,2.269908639007214,-0.8991324697789396,-0.8776043216197118,1.4224236937632413,-0.8616827398420795,-0.3028702962019803
113,5.665957521189686,0.5995198225666709,-3.7863113881734862,6.415190541418509,-1.3049436620548078,-1.8970249474092724,-3.0756125427072636,0.14202726222845752,1.8008374038258563,-1.9831043750208308,0.06236452073472723,2.029351084707119,0.17237096662901402,0.7808801098354663,-0.920366942308184,-2.7626813464524402,-2.9727454227885555,-0.49191623150263863,-0.7326202900900952,-1.1312114342507242
13 Block,13.304615835422169,3.7156629387719167,-4.480393866895118,-1.8311875759271061,-1.5356757266142895,2.6833262565137344,-2.647241200285864,-4.622265191618976,-1.445675882391064,-3.965333353704374,-4.319341890360484,0.5359588917084245,1.7918042784664099,1.6226988795720543,-2.4115181218235433,-1.6858029912453736,-2.481299616661769,-2.9260096483374225,6.188361450888427,0.651565916118646
1995,0.7306373984275192,-0.21097004062235802,-3.1621435650897864,5.772542982476982,0.4405572972345,0.9021131740362355,-0.0693916333026287,-2.4711847032767653,3.9831494976914072,1.0037920368612496,-0.7729051210056913,1.869750718604509,-2.2331295376287796,-1.4489428144413057,-1.0564508890828526,-1.6933853619214772,-2.0246182360107863,0.8880203871174931,-1.9728502095039355,0.34943476128913914
2 Bal,1.056597743465382,-1.202605430711839,-1.1107032012205302,1.615638146259415,-1.0901584421340056,-1.068603704445347,-1.0057469257436356,-0.9923336234273921,0.03274109419713343,2.214986356860794,2.2833050544854037,4.433331215005453,-0.9186840630312808,-0.9139288911658403,-0.9121280443101402,-0.8763659271646957,-0.8553828838913687,-0.8496934469719655,0.35080388803602836,-0.295201449014739
2zer,-1.0148070443952795,-2.3291430039345817,3.0115152296191456,-2.251890025966016,-0.9339736651033749,3.055039286987319,3.9647109927651996,-1.8255835186291116,-0.3861332691016798,-2.01443231612474,-1.5866818387876862,-1.58307918801499,-1.9050281800051883,-1.1308795619223395,1.151229185671461,3.3815898895615444,2.779178058234568,2.0171487197934654,-1.1947966064641917,-0.8539653449940042
3010,10.493577764786506,2.1169209044896284,-4.945051225393018,1.9124072270417094,0.6458174952573593,2.7058528569316955,1.3600288719034523,-2.8665538624239533,-0.13018121101666086,-4.509798135510816,-4.592568966929739,0.47279576077725183,1.7728713265467633,0.690201904345981,-0.24508859950908446,-2.8262576636372523,-2.6523333913324962,-2.6047171130432574,-1.482310418484528,-1.098804200762766
404Billy,-1.9959149229800979,-0.4065314363271665,-0.8987166395579387,-2.9966604313832637,1.8989341653126806,1.8561719745224032,2.4644944047859236,-2.176202369722033,0.27930532266209324,-3.0460731801158003,-2.6954291073254213,-0.7133088457056386,2.5307114437490332,0.2750449166523314,2.8875724802734317,1.479680181256997,-0.47766020839154244,2.041798347338485,1.513702801198857,-1.1210293059836622
47ter,-3.8728809328952427,-2.3418592146525286,10.632459793015594,-2.9242279447889397,-2.8699066821109436,-2.5037327150822124,2.4852841463485897,10.064834861544682,-0.6175677650516795,-2.580968392348191,-0.2974630054499279,-3.1494362016970663,-0.5279563691704066,-2.441090165041891,-0.8116873480898463,-1.6110993458579186,0.9144432435646924,4.789842955125584,-1.0767241337431597,-0.9976347117422323
4Keus,-0.9693081350178568,3.3159049072720457,-0.18746259310016206,-1.5646736334890048,1.4158287647594785,3.088297197048183,0.6317122597048573,-3.237662786692852,-0.7914021436841397,-3.3237421221427836,-2.413128995006375,-0.9958760600924939,1.3841552944975348,-0.013085503522785794,0.2892789034237131,2.3811211453264343,0.13804235096162876,-1.0573277711172193,1.513702801198857,-0.22899196620781814
5 Majeur,0.9564261726918947,0.4355101402614194,-2.070108892177836,1.347590311710434,-0.06313760684817948,0.5188434702486441,-1.874493250751184,-0.7681167931383124,0.8934730224693267,1.0612489200041064,-1.1633497723600037,4.0204821030426245,-1.7122270341155377,-1.116290998148291,-0.5235430207117757,-1.0211185595462984,-0.9669922117506595,2.2050878229167306,-0.2876340309488693,-0.550191215933941
667,15.91400879257629,1.8704416147991385,-2.0385023202212134,0.4441159922988367,-2.0007959923580767,-0.4315884135210482,-1.8458733525244548,-1.8212555717692525,-1.8055264947548773,-1.740553592800943,-1.7119995832936978,-1.710381282919404,-1.68608462819432,-1.6773573382491598,-1.674052197425388,-1.6084170586307776,-1.569906336461479,-1.5594643656925826,1.0535765257253624,-0.5417908567415298
A2H,-2.8263770645590665,-0.48390742122540353,5.6783244763942715,0.5298485382331984,-0.09335365172625107,0.3193737727132572,4.839752431920582,-3.7305862486715493,-0.5318102487727924,-5.181843122478645,-4.901469138578069,-2.508983973095644,0.9631566123931067,-0.47382935272911125,-0.26610882869429703,4.835344620918596,4.2020893832767605,1.2764202196664256,-1.037783956818775,0.01353272984408956
AM La Scampia,-0.3615732420236616,3.893571357862512,0.8358296376002838,-1.822692705750684,2.1196994968484018,-0.12363297867294619,-1.0954587921747345,-0.18943284425030488,-1.8802368761078563,-1.780873890946426,-2.192846930183841,-1.2778547802762608,2.0076823458449913,-1.6830282839922024,-1.677875884544452,0.3668113463886532,0.9729774276399804,0.5056980330327476,3.0905610591738557,-0.6939630293558477
ASHE 22,1.5656932468851257,6.299750392127272,-3.356399435900831,-0.46808884028737546,1.4603362019573995,-0.7738187617603336,-2.0810771290611254,-3.4600860248191587,-0.8064522230179382,-2.7019449136675013,-3.2525176172308012,-2.941698072915913,0.5428726684220391,9.679258842971064,-1.9227298140891533,-0.43769366997136044,-2.9825638198646502,-1.612617723666383,6.29142846649579,-0.05779221672343068
Abd Al Malik,-4.119254521669306,-3.8625525043293045,1.7586599385444275,-2.697208505962983,-2.9301917511461784,-3.140801593406532,-0.7537116159927268,6.225461471321706,-1.8937169241393768,10.742747686874916,14.69425870622901,0.6818696301683059,-2.6117395049545746,-2.9353753419711617,1.1665430925282299,-2.459455971188153,-0.9273912993324716,-1.2633579173165002,-2.697493654018333,-0.9481339994064435
Abou Debeing,-2.5463428528431913,-1.2101535774431527,12.809492300558867,-3.6698323271980082,-0.6889148813891912,0.20714701828979717,0.9721448583831157,-0.25219196027234025,-3.1612983046538723,-3.568400183714162,-2.0853019124770173,-2.3658174978602116,4.643409201560995,-0.5308793963642593,-1.392472102932328,0.3416202373343138,4.548932160352337,-2.5715805049535154,0.9535647330423754,-1.1107538434634574
Abou Tall,-3.0948348449882737,-1.9754384323536485,14.550684559528925,-2.127920058289003,0.9663620090604182,-1.0536275673352946,0.26023879205720607,0.34525260054384505,-1.6210168851535662,-2.5122304554184027,0.027461198978264517,-2.1008491180958084,-0.9684505700506575,-0.5821060604715651,-0.5723765195011634,0.38080105115137725,0.13089792132305078,-0.22379911194044178,-0.16675326692461548,-0.8907682650082238
Ademo,3.071028611128384,6.0916319001664805,-2.6724990880926875,0.7352651633926413,-0.3356658374755089,2.0958755501948945,-1.5935005695469338,-1.968870693433401,-0.6772089243430717,-2.2818850110707194,-2.244450388793565,-1.7963638477796409,-2.2104755960336115,1.4389269724746332,1.9060855483360277,-1.1601795595989564,-0.6005551827380753,0.40114055346750255,-0.536283058660262,-0.7102938055608496
Afrojazz,4.518809673862243,0.8008290761610719,-1.7282244258802082,4.6905410557978024,-1.6962573311275921,-1.0612941073683066,-1.5649152729758347,-1.5440445339089617,-0.22412596507467936,0.5574092273501075,-1.4514182630991626,4.067018998947147,-1.429447790976282,-0.7188381582987909,-0.7146477149020392,-1.3636019052548967,-1.3309528520495635,-0.565727940534808,-1.3068065777520526,-0.4593255465020351
Aketo,-0.0865050241916239,-1.1019061649743986,0.3993230527650617,1.2008321463503369,2.824521219812393,-0.5642096835891484,-0.2918187884352217,-1.0809632750381208,2.8055823688582797,-1.80621811677857,-2.2136326738264978,-1.7593666365983645,-1.2627455232393499,1.0586920101919328,1.0693378216127585,0.3244941456120335,0.9258991435277024,-0.5286053544102004,0.013868137110346736,-0.700541025033433
Akhenaton,2.655466965138211,-4.092076139747249,-4.760083446440998,4.634606306625248,-3.531093466789529,-3.1977677860049334,-4.165364032691934,-0.009797540344873398,-0.7475967010134725,16.86429412699054,6.887794578269997,8.857282521122293,-3.2183131337734556,-4.2950086874055975,-0.07049724961445762,-2.7144642324696013,-3.517396124256678,-2.2937645710963985,-3.1866543323370506,0.5976449557236944
Al Peco,1.3916367944938992,-0.7814108663117325,-2.457325556470121,3.294153862969725,0.49043741274169605,-1.5182267127580207,-0.42746368245334243,-1.2844666598236134,2.8775410051501025,-0.19173031700018603,-2.0637407605422147,0.363287303748116,-0.5564876798531171,-0.5382876136088705,2.441871381261732,0.6399364252962064,0.22120465929153754,-1.879866214631136,-0.24358577682317362,-0.653105226024
Aladin 135,-3.3870819465166524,-0.04488613714472097,0.7182927843066356,-2.6109720401872205,-1.1625249903864097,-0.5443783234780958,3.663474103793189,0.5514674282064936,0.3715356781581406,-0.6415242764201934,0.27619228489078856,1.6226352738551872,-1.2356382064207971,-2.8424369499161974,3.7336271395018663,1.0455902729476187,1.5332289754379163,1.5892382056891852,-0.6903703344018397,-0.3372564722229022
Ali (FRA),-0.5402202310532253,-3.229286996607702,-1.3060653760551548,-2.962765224736606,-2.5857324794016874,-2.5209622502825666,-1.5898404796084165,-0.03767573526221778,-1.127434205030953,12.375378793882815,13.065268081239646,4.290939120518583,-0.8454140683725142,-2.45412053592947,0.40869229734162227,-2.353254875343683,-2.2969103195521856,-1.8433501839411774,-2.255239552232979,-0.7926874241383585
Alibi Montana,-1.2106580459116103,-0.7985434357288773,-2.10504325847493,5.826129424817931,-1.4058741113455255,-0.3630437195162066,-1.999392240763105,-0.2564177993896774,7.63186997875623,-2.4748427556562134,-0.2658232971239187,0.4587747948688555,-2.7398875208457096,0.9430690183203962,-0.8823257781298505,-1.083267154051685,-0.9831453627420478,0.622772885339382,1.4874944193451658,-0.88041014229816
Alkpote,-0.5657409614941115,10.980852029759548,-5.886440722882332,3.052675010816694,2.0642724279029947,0.4884636881124843,-2.6642285749396635,-6.051231942425684,1.5926943502277726,-4.483077923978244,-5.75374857604755,-1.9821896086914172,0.5586517967531083,17.902545394897597,-2.552852383353673,-3.992786496360297,-4.141969438609618,-2.543126226160323,1.7399751876266152,-1.0288003850662295
Alliance Ethnik,1.4930435104132609,-0.1326891613855174,0.026402886125819744,1.0597277694032299,-0.9686311946556507,-0.9494793076350287,-0.8936295941490703,0.25244618571386046,-0.8740967556214413,0.3441018767742621,0.3777189272388803,0.37964396498571434,1.633890827759056,-0.8120471295375831,-0.8104470351165726,0.505566944182491,-0.7600276369772325,-0.7549724396157051,0.5938138545537901,-0.26229337051497603
Alonzo,-0.4816708801645467,1.0259450472443021,1.4837275369611476,-0.5621967604363146,-1.6513208904478054,0.9440809635056608,-0.07669411241064147,-1.4497088234373672,-1.1887245597627465,-3.655696051222443,-2.8066244904465276,-2.617591761766634,1.7312197910824738,2.905544675526438,-1.8819407241484152,4.062596447240663,1.45186310583912,0.3364860693025898,3.8763357444903437,-1.7477479414192216
Aloïse Sauvage,-2.8221786696434727,-2.268422230874008,6.148117234019518,-2.4279004108279323,-1.148281368206269,-1.9261679541164747,3.660924060733597,6.059626355301159,-2.164750219940544,2.2258687572307085,1.8448512394777759,-0.5877422661635765,-0.04285929717494908,-1.5138357361498511,-0.5124376986030234,-1.928424308115195,-1.3509729643161466,0.8044478213713899,-1.3070083745059495,-0.6495844174845841
Alpha 5.20,7.598943239466016,-1.2488955130358859,-0.8149468300124365,1.0570925483744043,-3.425935656034572,-2.617266233321652,-1.0170139018898547,-3.4507274575862494,2.961999859992431,-0.6071436794813252,-0.22328651552413967,1.6675828228621707,3.982154916369668,0.19860919889678463,-1.1615771592443542,-2.062853528409607,-3.11702497266946,-1.32120034660597,2.02733127262463,-0.3272362374590641
Alpha Wann,2.5599312402540213,3.3231391813612454,-2.484107639987148,4.619364880658469,2.4715475901101174,-1.7524621127237117,-2.2271181058865195,-2.1602385383025897,2.695052433498605,-3.111853705798703,-3.3496290150262342,-0.6570557883698184,-1.177021429150492,1.2887442365142976,-0.2223043479581639,0.6662357934764812,-1.769368641163406,-1.0847355520313473,0.29988166215939044,-1.0600460372375684
Alrima,-2.9958503132352208,1.7226874464945197,4.28675772594264,-3.5473076008599755,0.2628623283826699,1.194009809828874,1.472167600594926,-2.260021611270873,-1.6617032647754886,-3.186473855517712,-3.417305124712074,-3.1211697328402717,8.519459936038878,1.1319217827010857,-2.4437741203607053,1.150085146720607,4.205952787546007,-1.1853253213245398,1.1483148793050466,-1.0814632722722533
Amalek,-1.1395574400462543,-0.1326891613855174,-0.9868856921389524,-0.9803532308493212,0.06375347910959905,0.10372953203930173,0.22540228037942955,-0.8817115622878058,2.5580175730428896,1.5308456382655364,-0.8288182343051284,2.7950014509676127,-0.8162722106147181,2.882319724826391,-0.8104470351165726,-0.7786715601799528,-0.7600276369772325,-0.7549724396157051,-0.7462391426890677,-0.26229337051497603
Assaf,-1.5741025161206401,0.13989300468667157,-1.2230538460924991,-0.6431399905388189,-0.6082940223007834,2.362978774743183,1.4805692552000984,-0.33857746238257386,-0.9468584620554621,-1.5229843936931307,-0.8304427305918314,-1.4965836225466482,-1.475324049662087,2.6203755583214403,2.631338765247056,0.7242783623801102,-0.6456901286046692,0.8340257640082599,1.6169691396930743,-0.474066999624119
Assassin (FRA),0.995514276938918,-3.2196356968549105,-3.4658286488369767,1.494828544598261,-3.401720960534595,-3.0345632663227637,1.9599386501714955,0.4559639100126405,-1.7666794183906651,14.612693305945566,1.2119858384384687,5.689121942329824,-1.4712986898770852,-2.851815796134014,-0.03542771181083558,-2.7346046486237596,-0.7958593132289722,-1.1427255111559877,-1.4759759261623633,0.1644624951890604
Ateyaba,0.8325362807669854,5.990322254279605,-4.023085966789638,-0.04035766318585681,-0.7655853306684626,-0.5909601924189766,-1.6565423347717032,-3.4079945419936437,0.829295245096062,-3.656390429880756,-2.8436162747964016,-3.084440056518374,6.46383898434526,8.795160582073633,-3.2278687490007276,-2.5181830555692146,-1.5910346349292157,-3.169604028493118,5.335805236333465,5.696146152057799
Axiom,-2.2045079411920656,-2.6206708239243173,-0.17086493852635481,-2.346079843224192,0.6736634289921115,-2.628989158176145,-0.8577610216928172,1.6547476730661197,5.843295904300689,2.8100480353788373,4.24135647214869,0.7604116682455799,-1.8177079565342096,-1.8037071827548663,1.7666220842802334,-1.2284190336639769,-0.20366109644462108,1.2581788905776083,-1.0983020839345892,-0.726257457327278
B.e.Labeu,0.24995239741630756,0.47409775976615554,-0.6791639053624027,0.7774038292094506,1.5501734420715094,-1.3427665140873104,-1.2637830918231436,-1.2469284495286834,-0.4272023814381202,-1.1916755816323825,-1.1721259877390917,-1.1710180132142956,-0.2881197811270469,4.94698626443638,-1.1461451886905454,-0.1931141259531157,-1.0748413920380961,-1.0676922633692627,4.630021852842003,-0.37093884203762345
BFG,-0.27945189680394456,0.802416364390485,0.14656598981351307,-1.3829454300569763,1.0372319235682972,3.986255333577003,3.248377869948141,-1.8642928128533016,-1.8406468807857697,-1.2871502849091232,-2.161293530757301,-1.6961268698261363,-2.1285775036320627,-0.7008348234253725,1.6720049818360518,1.9093368776418986,-0.9727818372075415,1.078926994929862,0.10959385862892775,-0.683977429195967
Bakyl,5.496073830838054,0.8679603644090165,-1.2483226309803592,-1.2400596484196733,-0.4090605674918666,-0.36837218503971925,-1.1303619608437165,-1.1152867104808544,-1.1056546572780706,-1.0658670430532609,-0.09452997664750729,3.7263790349961643,-0.06399977049661529,0.9199348966668885,-1.0251434215887982,-0.9849502717766674,-0.9613673670406716,-0.9549729919672407,-0.9439261480593191,-0.3317777864863324
Bambi Cruz,0.87661134774516,-0.4733762629014247,-0.31131374511499016,-0.29787801719211393,-1.1460998856138356,-1.1234390672920054,2.72566140468215,-1.0432551896543838,-0.0673565530204657,2.0119172942176475,0.039039055600420224,3.1029553500285707,-0.9658263045654608,-0.9608271212170894,-0.9589338639660924,-0.9213366149927584,-0.8992768275658359,-0.8932954373839629,-0.8829620611067275,6.133993531672949
Barack,-3.8362869713046424,-1.6679773056448057,6.281111354055743,-3.7862837675326135,-0.47357551149032423,2.235512300577271,6.656378085099309,-0.596493975317737,-1.6508100199539846,-3.4674824477063795,-3.117394225680507,-2.5269305994643294,2.892943958755998,-1.8452885411577213,1.4626006681840589,2.4133064949544534,1.988344725177435,0.4339884798092589,0.1857135791914303,-1.0793406730280928
Bastard Prod,0.9573284778354122,-0.8340630449597877,-1.174468641129859,-0.006582570923475605,-1.1313679376553196,-1.0857025014014143,-1.5818337676156011,-1.560737392379729,-0.2546492153593264,7.22401510140977,-0.10388517601265605,8.08587777910168,-1.4449017297340425,-1.4374228190512983,-0.04046435446674506,-1.378343975911065,-1.3453419497102388,-1.3363936315927933,-1.3209346270228968,-0.46429137240580615
Beat de Boul,6.252360361339191,-1.2054557345775456,-2.250445627210889,7.605432384048431,-1.3033577111822017,-0.3176954287425944,-2.0377890048832255,-1.5132506367492262,-0.4881655822959047,-0.3602544389298404,-1.8899963653686447,2.3486074952677347,-0.7869194588084966,-0.7716943369953551,-0.7659131633295206,-1.2124685148853567,-0.579147922685225,-1.7216020446759195,-1.701687063605655,-0.5981209108062965
Bedjik,-0.9269788504101641,1.9948552376017652,0.0846623661562561,0.70325265580763,-0.45340682938069254,0.8335949043410349,2.3897257675780965,-1.5101053447153532,-1.4970634830264413,-1.4431907986956147,-1.419515064746491,-1.4181732409615744,-1.3980275191154359,2.2042846369450717,-1.3880507545712366,0.9158722469825463,3.3076680359588226,-1.2930395437208857,0.2867627189420772,-0.4492292466294305
Beeby,7.281426555190589,6.075422042077214,-3.8874014146542444,-0.5564150765616311,0.8611413835014398,0.9064997293307047,-2.7954966409344006,-3.5104201033425446,-1.6140969591215593,-1.5282484644243215,-0.7505310066715679,-0.9584538980894723,-1.7161362789408507,1.405538629067224,0.5435634004033206,-1.598023008013002,1.6327904688084744,-2.326510777128769,-0.5779348718600574,-1.4666554690804505
Beendo Z,-3.0270486389734215,0.05928878944626857,-1.7888618647506525,-2.3665032493297464,12.799504069525428,4.375386490038929,-0.6500335452579237,-2.611876829571988,0.49318043779481713,-2.8200191266850854,-2.773756343806484,-2.7711343975320277,-0.9014537170055991,1.3300157195449933,-2.7122745518084117,6.603818137426826,-2.1503859630059514,-2.130835535308517,0.705945517023655,-0.8778015139200847
Bekar,-3.9919468257877195,-2.759914791571979,1.2256936737303699,-2.898944652296872,1.4102744967810128,1.1275306491407067,2.72426714200892,2.0897364192875,1.130605793488266,-2.3380918951145926,-0.05210826984242627,-1.6989706821615287,-1.0604576869666604,-2.1530122020545184,1.2359119076372762,-1.6534518321756426,0.8735837376325247,10.294754466699269,-0.5174413883382845,-1.1493119665126803
Benab,-1.8026670216501228,2.4164932217159887,2.0757590531003016,-3.8411189783979918,2.059722112419809,0.6754108916436495,2.9511106332653174,-0.10593207129727564,-2.0274242763102377,-3.0992579859555995,-3.8101607490059575,-2.7557413431168345,2.1102955287292122,1.3565929275912334,-0.773246341361823,2.845611024149874,2.230300397349285,1.1393578042679617,-1.0985395103585769,-1.205788994882763
Benash,-1.0998401188556803,-1.0418637845187635,2.4126984480961466,-1.5968878326389706,-1.2023327306041325,-0.06075595041221052,-0.46097928821179934,4.124968736786529,-1.872101649338069,-2.1431468398161466,-0.09146044541553075,-1.6911340417998733,1.2038381100097217,1.6445853613920822,0.8379164249819806,-1.918147847906185,0.7702438912377859,2.565510584346152,0.868279888728362,-0.7897891057529421
Benjamin Epps,-0.058333725475891565,1.7360821978511134,-1.861105721872183,0.07992039377544936,0.1435865139645713,0.24933342715180296,2.67590030639474,-1.0639381917774813,0.6888998214868776,-1.793585824970586,0.9738397474105598,-1.292578744347634,-1.248217010908719,0.6207932672255926,1.5588551892919043,-1.103755398241145,-1.030492353725051,-0.013892955184576611,0.03264795250630168,0.7369258981524722
Beny,11.358829703202769,0.28644694815543964,-2.791334260795119,0.8335301036921938,0.18032206961893787,-1.5684363593672614,-1.7362911568192867,-2.4938568991175147,-0.4499262102730364,-0.28546475999516147,-2.3442519755421696,2.781710945816777,-1.4425030120505546,0.31549572717612945,-0.9835556597775013,-1.7483688846597913,-1.2193129571618062,-1.6670847955783858,-0.6893421905335849,-0.7418776842774365
Bigflo,-0.9758586902624954,-0.9150455277989891,0.338147716186654,-0.8395243506178058,1.5816449369002332,-0.8130855023303936,-0.7652586650507723,4.542590983559537,-0.7485317414631226,-0.7215953992958392,-0.7097575323204105,-0.7090866204279023,-0.6990137595040709,-0.6953956162306705,2.1877136271296473,-0.6668144861735734,-0.650848784191902,2.446966439679838,-0.6390410231221185,-0.22461462314776262
Bigflo & Oli,-5.313939205931763,-4.703759343704274,2.98027328212902,-1.4805947488196114,-0.4119955699311318,-2.1702046424961994,2.47453122406505,3.058759921708978,6.783364774006422,0.5418634467515421,3.8411434440132926,-2.882345691732313,-1.8854123760814907,-3.223283951381426,0.6872276971795712,1.541588470960089,-0.17443240676049832,3.818905587773958,-0.5262054191430658,0.006697976025239662
Bimbim,-1.9737713843539013,1.9314374147430957,-0.5392912932100214,-0.5201802905489148,0.7064718343078166,3.2200168553508144,0.39040820177535374,-1.527169223568891,-0.8534692809900466,-1.4594985569839785,-1.4355552921256682,-0.7369446586144968,2.8299819278410308,0.015455578736069515,-1.4037354417367003,2.358578526475756,0.20288108295733617,-0.5429203650211121,-0.5188441510786346,-0.45430544444054316
Bisso Na Bisso,-1.0513701920691576,-1.367924480325666,-1.3583278107509555,4.800556654855915,-0.5496841340275717,-2.3131674719427373,-2.527566183705633,1.5159962738443535,-1.2588833155213794,3.490730766003411,4.0543775899753784,1.5007742027394229,-1.4425030120505546,-1.8614308187279516,0.7614239637812006,-1.2943220070792525,0.17624178331443902,-2.1353845268087706,1.6795592134019814,-0.7418776842774365
Black Kent,-1.259087349712158,-0.8689584280893381,-0.8157428746433103,5.211432647512118,-0.6611654859471365,-0.7244629339962475,-2.4224453402124433,0.36078170756485667,7.8768465154612235,-3.371230210326662,-2.2523688161642954,-3.0329094392951075,0.48614910193991406,0.7947840398252405,-0.7942507925646585,0.8647942524114145,-0.6518022853851236,0.252283271019123,0.336255684199928,2.0973277250703855
Black M,-5.978447815252829,-3.584477334057932,4.816407026156707,-2.4887331218859514,-1.6679984767774707,-2.024759912309721,8.776720497102595,1.9691944188290291,5.044079140073849,-4.253823334700734,-0.8233427804781088,-2.904734210874786,4.60959251783716,-2.988391144405575,-2.975778207982502,1.4996365533349705,2.892891216472244,2.283317990500754,0.5565968943878518,0.463202879549001
Blackapar,2.7956201861416123,0.13989300468667157,-1.2230538460924991,8.951173978462457,-1.1794952578037035,-0.5506357226097445,-1.6151391834516424,-0.966088043836658,0.9520732004874511,-0.8663788473080117,-0.8304427305918314,-0.8283950997738871,-1.475324049662087,-1.4676876709600304,-0.09941752674379081,-1.4073649262936037,-0.6456901286046692,-1.3645313199724218,-1.348746826981363,1.6353394774095622
Blacko (FRA),-3.8363219978994745,-3.319261650229135,-1.817394513061023,-2.9973635870951365,-3.2608985114505447,-2.25787472186467,-1.3463955081864092,26.004691070000028,-2.6028182098494383,-1.0741781626838094,11.903974664625007,-2.7875804433851505,-2.747981740905042,-2.733757998504852,0.5703000107766119,-2.239923409394439,-0.21363328006382468,-0.1809131277464174,-2.512215302468103,-0.8830110641903305
Bolémvn,0.7400302906979683,3.557787087673801,-0.9093270743588734,0.5295978164977386,1.3420379091347794,1.5398127737753708,-0.6456272792249473,-2.8619797899878128,-1.5229483109448885,-3.717824104002197,-2.8364506404229175,-2.8322177337191756,3.062451770589588,-0.23353557388623644,-3.0164580752304517,2.6769240668560177,3.505549912472107,-2.1301830099870025,3.389397754717469,-1.157265777448525
Booba,6.598239742425878,4.815571789193035,-4.813848022920963,6.9419282358661905,-0.5049740023658682,2.0978773815206755,-2.665248538715343,-4.060683886298277,0.9487166550663889,-4.065793429645681,-2.6883689020532864,-0.5216256901058887,-3.654882610216699,1.7026993019991181,-1.2132488434508812,-1.018726383417927,-1.5743026169831638,-1.319437494021978,-3.412707089676598,11.869190800502569
Boostee,-3.768014066834346,-2.9671414932882887,5.93024539898254,-2.0076358474073364,-3.20283632823102,-2.820988385470323,0.09101202453894167,13.891686591062749,-1.8522810604049902,-0.9917154546765159,3.8275204984663627,-0.1812848382874848,-2.328551926428727,-2.685081856873857,-1.1871373597961483,-2.5747235630351386,1.0681917366080629,1.108886751278962,-2.4674838566204182,14.121955952252689
Bosh,-0.6431110753568131,1.9318044569661028,-1.5482302158085484,-1.2265384477985914,3.1714063256734395,-1.3362947002169534,5.247884343513568,-2.203487000695139,-2.807495250613021,-2.6830222907183856,-2.290795483141885,-2.287354341242301,2.900767562596274,1.569361887246437,-1.1751340601699596,0.08578452995049746,-2.3513965729650437,1.3713863764219287,3.3230728700115235,3.3241231003572183
Bouga,1.9240861813268688,-0.9557338834367103,-0.882697397446522,-0.876854586444846,2.5963533856167267,0.32828316996264456,-0.7992866076766367,-0.7886267959165492,0.49725758510665563,-0.753681813953044,0.6076319901259214,0.609609061602055,-0.7300960604177172,-0.7263170330180772,-0.7248858650597308,-0.6964650162689189,-0.6797893844091394,-0.6752678784330199,2.3289930150255214,-0.2346023225649848
Boyya,-1.0608702424249643,-0.9947593648481525,3.4350455554582844,-0.9126591895436519,1.3161714940931921,-0.8839171312195963,-0.8319238775195489,0.3974520555957607,0.4151542656108525,-0.7844569032663171,-0.7715877850906626,-0.7708584269682864,-0.7599080726633498,-0.7559747362389374,-0.754485129399741,-0.7249037720980656,6.359118898206141,-0.702841091538752,-0.6947108345615025,-0.24418183915672137
BraSco (FRA),-2.2625900157486813,-0.2217837348756234,-1.7632379425489735,0.6292187379313733,-0.10194980132661785,-0.004108853010598731,3.760246849148966,-0.08028242961257152,0.8446802637290551,1.9609229512576198,2.532898854399155,0.2006832260688798,-1.6331337530702512,-2.096696672824864,0.7747288598292905,-1.5131378892721907,-0.9432138384705763,2.667639419292507,-1.9267811814289564,-0.6772385709684413
Bridjahting,3.368574596361183,-0.8724616782076139,-0.8057887933772634,0.44883431003977187,-0.790884058595204,-0.775246608324127,-0.7296455082157052,-0.7199144759492863,-0.7136970123415723,-0.6880142177937112,0.8009729461945476,2.282109128319878,-0.6664834690482272,0.8451852477887982,0.8494694497593577,-0.635782666526375,-0.6205599669756318,-0.6164324156138502,-0.6093017085327075,-0.21416164014766428
Busta Flex,-2.6797221106452525,-1.551587959050818,-3.2816130878290353,16.885653152440756,-1.191118013502834,-3.408177080150701,0.1697142582872126,-2.282728345597322,8.193035713717231,-3.992731202258807,-1.3951759908102306,-3.220625123225896,-1.050953449504286,1.7909548702900047,0.40726072924599827,-0.4520549879663298,-0.7632192174171071,-2.7245677280351805,0.13189008760639523,-1.3829602967141754
Butter Bullets,-2.8728319299597125,2.699830059919795,-2.66978542038015,3.2248621327777993,0.6452136672313241,0.31591587937165033,3.2268688229127327,-2.3280789366903627,2.6428546622859903,-3.5216651425626573,-2.020428649122681,-3.171651681371204,5.089306221537534,1.3206792259250977,-2.5014026449911406,-0.796036966769377,-0.6578152021661875,0.3309673055170828,0.7289056307779566,0.7282675509403743
Cabadzi,-3.4564488518038137,-3.2410512869227595,5.358411268127293,-2.637261182475786,-2.5976367327851015,-2.532680659080947,3.9302971425432336,6.673654828404634,-1.8969103394203755,2.921750260644695,4.64617322844009,-0.9189142715155537,-0.05249170440668117,-2.4630608953596944,-0.42420520711787313,-1.091625091708775,-0.5701292880605943,2.5136644722785615,-2.263455388375944,-0.795575183881561
Caballero,0.40621921963651303,-0.4618126734512839,-2.4796659432960664,3.122325280530997,1.9090693601397766,-1.7363396161488325,-1.1108338112008598,-1.9179607640370067,4.9638819334918995,-2.0077906486268273,-0.993156602674864,-1.3019865475036299,-0.5927036747620197,0.717212063884053,2.01388614136353,-0.3250340757041403,-0.8718201969131752,1.571473562389296,-0.780858161958513,-1.0090627444209679
Calbo,-0.11824789341334456,-0.9947593648481525,-0.9187405800453694,1.2787393332279524,-0.9017465677295528,1.3787384154428983,0.3701091772800033,-0.8208287936687748,-0.8137397944569703,-0.7844569032663171,-0.7715877850906626,0.5263966393927556,-0.7599080726633498,-0.7559747362389374,3.2217363792464946,-0.7249037720980656,-0.707547224167148,3.5655490687814146,-0.6947108345615025,-0.24418183915672137
Canardo,-2.1844603050091975,-1.766095921439253,1.938518812294096,0.4157634724055294,-2.0945500361155918,-1.9397706585129135,2.4809583003108115,6.4228081257167595,1.1649947389579849,-2.4268268829448303,0.7546936411485037,-2.793851860806131,0.6544890289731891,-0.9916912248250621,0.2341436740085661,-0.18261670277218275,-0.5116190664759644,2.657810072386942,-1.1687705532605044,0.910250982735145
Caribbean Dandee,-1.7156553541528914,-0.9871353009918267,-1.485801120826779,2.589167524163719,-1.4583181478388298,-1.4294841142459094,-1.3453998403009442,2.4391444874307506,0.20377350227063604,5.825600564909826,-1.2478234017538112,1.1598172387205685,-1.2289347946858291,1.2312659655515739,0.4189582124804375,-1.1723253119455872,0.6036045151081975,-1.1366452122392412,-0.23341867667834018,-0.39489455278150903
Carré rouge,3.464451852801165,-0.8126873685900645,-0.6434568385882877,0.10409010713450607,-1.3468270205175068,-1.3201974022745162,-1.2425415270332532,-0.4102896487953854,1.2529770835076584,0.5353542516763415,-0.2846895519105097,4.060003098995755,-1.1349804501762228,-1.1291057133418057,1.5353348715031578,-1.0826988673914022,-1.0567755441753524,-1.0497465774874557,-0.07384406951687014,-0.36470413174399213
Casey (FRA),-0.32895066794254596,-2.634966735585007,-2.74441773854413,-1.2590357433112862,-1.5799252718446277,-1.1254698422611502,-1.277879940746227,-1.2284195613306632,0.8603812998884781,11.312709978242108,1.1660917687889722,10.725675566003382,-2.269960900418526,-0.04406976548945399,-0.03524862480696858,-2.1653977348520757,-2.113551088421675,-1.6231877202923997,-2.0752068418599063,-0.7294082636936304
Casseurs Flowters,-2.1756633235690557,-0.13684641772134384,-1.4245076431569552,-2.316125869085938,3.666075394128675,1.0012647632313916,-1.2626995866879798,-0.5144145643330021,2.9915861943720135,-2.7862452241816755,-2.0107523949208135,-1.6422340518413312,1.0059517715697497,-0.8229412345570515,-1.1871373597961483,6.746665476239529,1.0681917366080629,1.108886751278962,0.36941413608724455,-0.8672885416953792
Chiens de Paille,-1.4168263375989103,-2.429401753506695,-2.978436766911673,2.2579664322205963,-2.911969939764552,-2.8419983416655974,-2.9728018138963264,2.180793436544317,0.18727659564129706,12.179784315348797,10.662231786742908,1.2387443601511827,-1.2424132325749646,-2.7014046932793794,-1.5833558090838604,-1.818286694570007,-2.5283535288666488,-1.7152113623531884,-0.06554978963761453,0.2734910014061512
Chilla,-3.0023630611737837,-4.1014979335363195,5.979456781517386,-2.434259712756344,0.8543588726924971,-2.546934541961317,6.190572643519104,1.638736806454642,-1.5668315906539259,1.4032485470422122,2.1623257451444045,-0.3466556016523509,0.3776274536160415,-2.4753136080126428,-1.824988056447242,-0.9813969954833284,0.16776097250523486,3.3135319944700843,-1.1187792605854512,-1.0067875154953512
Cookiesan,-1.715981983531561,-2.7371093139223053,4.872251375956838,-0.8425262637191818,-0.46530468378609546,-2.233446528403747,1.690589549464269,0.4381731934038461,1.8605675165850157,-2.8200191266850854,-1.3316686100083788,-1.327682212928383,2.3931143643423263,2.065951212547901,-1.2374975985392,1.23146303134354,0.20853209024144,2.222805078418507,-0.8957241634362811,-0.8778015139200847
Cuizinier,-2.4036785155685703,-1.123341047148483,2.6387328053327734,-1.1099771606949866,-0.6753749777931968,-2.155212570221982,1.7725257444193583,1.0155247079216234,-1.492732056857051,-2.2610454420360413,-0.8750031402359567,-1.7717751676840998,-0.364044478064038,-1.2610782747134404,-2.1746575953631297,1.739464411376468,-0.5683242936419555,-0.05127859772198226,6.487570779853771,20.608854987877425
Cut Killer,-0.2620237898930825,0.8031646431228355,-0.9868856921389524,3.099808769655781,-0.9686311946556507,-0.9494793076350287,-0.8936295941490703,-0.8817115622878058,-0.8740967556214413,-0.8426418847170122,0.3777189272388803,2.7950014509676127,-0.8162722106147181,1.6508641067050664,-0.8104470351165726,0.505566944182491,-0.7600276369772325,-0.7549724396157051,0.5938138545537901,-0.26229337051497603
D. Ace,-3.786941551995121,-2.547002873028115,2.4973183617770385,1.2181204542750526,-0.48919969597866353,-1.7234244212012164,5.130839870199442,2.0441917952045183,2.637674865847425,-1.7039107201702999,-0.8050202120580521,-2.403008778733981,-0.9744283104924675,-2.304476948264196,2.0764361082743834,2.738398112799266,-0.5196671960299514,0.9889743712709965,-0.4035633095916197,-1.1846836586821698
DTF,-4.073146977426335,-1.0164982115700185,-2.0901837333569957,-2.7118142011533135,5.023136057933012,-0.21413860055375392,0.0561519125919961,-1.3180813547813703,-3.5063153823358695,-3.6025015008142107,-2.481682326817646,-2.476846511545263,3.4774078284874474,1.3845198523306088,2.478957749799045,5.119236960803813,1.3981279772874704,5.500548594711593,3.013620475326695,-1.2019792255019368
Dabs,-3.525668445264822,-1.1366583006577962,-0.5172199661465434,-3.3833847292645447,4.057170484131912,4.050272622541389,0.25209485570499773,-2.0769220778375743,-2.8489434923874084,-3.5350810583546908,-3.189490579358189,-2.322324305948708,1.8318582200409899,5.399372608487803,0.42349523632604047,4.38624807166478,5.906705693924837,-2.5358318706583085,1.3412675389719977,-1.1003824320041984
Daddy Lord C,3.110879448335415,1.076194584078157,-2.1621582211422874,0.6456496420296822,-0.708513686284603,0.32340439153263373,-0.936312680047357,0.13894602699370545,0.17366822218761435,-1.3044639325826703,-1.2651434222033944,3.1469133680998795,-0.11085085417635145,-1.2170261053170064,1.040348267653242,-1.7059839137045791,1.9381697211843336,-1.6540617420037835,-1.6349280470926881,-0.5746559831910837
Dadinho,-1.9068443160996027,5.482620696227543,-1.0458198696497514,-0.4212631318537206,0.2300735448470934,2.1876932449869644,-0.15782940871758683,-1.4753856382592345,-1.4626436295647012,-1.4100095633159473,-1.3868781718762027,-1.3855671987389493,-1.3658846588497686,0.8489917330059806,0.11863967736258658,1.7669504669363019,0.30084254955102746,-1.263310522793985,1.9546424389247543,-0.4389007568746016
Dadju,-4.442767403402301,-3.8332207362766177,31.34829013309079,-4.545538725513609,-4.060501517165507,-4.3889284620930615,4.891902892865708,7.646163815290702,-4.240345377553886,-4.087754127710731,-3.523267420834241,-3.518996136016836,-0.6768640027192457,-3.93933539963406,-1.6424131556698642,-1.9243131862811729,2.8224048502983363,-1.2050943048822054,-2.7913852233256184,0.29939754289540527
Dadoo,3.0550612748663792,2.733390895640896,-1.2584772215924522,0.6115859638857263,-1.6688727213594825,-1.6171830959344673,-1.971393604672413,-0.4027660783377099,1.1832408215699766,-0.2450648574801028,-0.7345735930893487,0.3630674240753027,-0.6900841530947901,-1.7914184225335084,-0.10993157265330511,-1.7177901716258397,1.901880854409735,-1.6655086726500534,1.998420826460805,2.8777900672429464
Dala,5.546963101762245,2.195812851566499,-1.6315979518229309,0.2301421630074531,0.2719213965240668,2.889540599510293,-1.4774195503354335,-1.4577157117570887,-1.4451263074740819,-1.3931226120639197,-1.3702682532697383,0.09197623254864798,-1.3495261686309359,-0.5976846794977713,-0.5935686798856757,0.2662030583555185,-1.2565381641726878,-1.2481805096579817,-0.42319964466902216,-0.43364427076121315
Damso,-2.329572753180891,-0.6084133952876949,1.6378122136659228,-2.768150185903534,-0.5299258372270582,-2.778336506707015,1.577082430883049,-0.895791765010734,-2.5051520174188573,-1.2995286939102635,-1.6925193558202718,-0.1713152382645567,4.807147224918404,2.039910299352537,-0.005001836020545491,0.03632775160017303,2.4189113353198834,1.09865613244184,5.118799675743897,-1.254263386027154
Dandyguel,-1.732575700567194,-3.2815289825342733,1.6591071371529222,9.298896815496194,-0.9104175573370192,-1.0624787248929626,-2.1796134304139576,-0.9147500210080508,3.0816710672191645,0.9187603124187159,-0.24159095467728128,-2.1588201405385194,-1.4504349792915763,-1.0992617129130255,0.8752766652518774,-0.20784716207503573,0.6276121584798777,-0.03295802245292248,-1.389591988329164,0.023341897542564282
Dany Dan,0.49576342857038075,-0.28833439610210615,-2.0231722146718836,3.818459576756302,-0.16806360664739045,1.76381237251748,-0.9078340882622107,0.13301544150542519,3.4455105937443227,-0.593805651777759,0.18131088372271367,1.2186379947105228,-2.8666537932351273,-2.1505082282726344,-0.7381198961590918,-1.2718703546703047,1.4520647214674174,-1.5198881514818883,-0.7128227158603017,-0.9211440450866772
Darryl Zeuja,-1.0028280350020813,-2.419228557432802,2.7979883745398775,0.5608320172265819,-1.3513479475205075,-1.5970610566246433,2.9802875588507196,2.3656152479070727,-0.1419483013302336,-1.0930926535215044,0.139540978258987,-0.24388321472902286,1.402382319214112,-1.3365240249582404,0.25823560811813046,-2.0079338072267827,-1.093461171662922,3.61698274242829,-1.0271329286650823,-0.8155032304998527
Davodka,-1.328358922350939,-0.7781018186556642,-2.1983222033418657,2.0637171505138023,-1.1303469443761618,0.4674891241802179,-1.316650336799497,-0.708727252486237,0.9291870952385098,0.69724423179771,2.216604309360683,3.05816640285205,-2.7071583442097085,-1.5523303351136313,5.2642475046165185,0.15352246111855983,-2.399918100320847,3.7163026340127985,-3.247069362999948,-1.1413027263110123
Deen Burbigo,-0.8064080499342392,-0.46743210692875053,-1.2418195297956152,2.4520380093363956,3.811085443083123,0.2845405199985254,-0.5481214157444776,-0.1845123574331957,0.42344912220976433,-0.42341266424108154,-2.0391025332124357,-0.01937130325228412,-1.9643673215204702,-0.177824987337257,1.0117277474313118,-0.2055270646109936,-1.3067292141334783,-0.010010955546412587,1.3412675389719977,-1.1003824320041984
Def Bond,2.4955524822988173,-2.7589660745120552,0.5914319306667692,2.999578659703882,-2.101154125603471,0.4037971766223431,-1.4405433278367976,0.7982323844319678,-1.3707400092603117,0.5820513038337113,2.065609021046213,2.0716110898539117,-2.107605785256245,-1.61975596273638,-1.614682895691098,-0.02098758718138038,2.114293407891237,-0.41034049832260217,-1.9267811814289564,2.2759304972137926
Demi Portion,0.7372710736629731,-3.650821613170831,-1.7189672842454227,4.22547242142677,-2.8984183679597324,-2.1609278336944233,-2.3019267816549216,1.8066686044964761,6.376174034006526,2.7617559213952902,1.1610786146980183,7.014818421094827,-3.4735767147539436,-3.675333916860581,2.7649774491618087,-2.2714060704645553,-1.3896566140073743,0.6277847904275673,-3.5105406688158114,-0.6996409354426371
Demon One,1.187061509443903,-1.450200002861554,-1.5719173620953066,5.568505224175916,-0.24028160970243065,-1.448023903196267,-1.2579373705014596,3.4396317050420917,-0.2504902264762065,2.3322593499682416,0.4577596926400129,-0.5295784170295263,-0.9824326247117832,-1.4724635435229714,-0.9610135474593946,-0.8422712517172624,-1.8513083446697625,0.8798821475394565,-1.8177217311172247,-0.6389055900331168
Denzo,2.5110793043546424,2.4129932563013257,-1.651289692537686,-0.5254277645190363,-1.2086823487626037,3.4193050447729254,-2.4850830541268665,-2.4519403524889203,0.8603812998884781,-1.0630418038806044,-1.0032468219936137,-0.5655583610526524,0.37325643375551204,-0.4868980977415703,-0.478951248793249,-0.31816203513063646,1.1984104904539266,-0.6705768507844844,1.2979508880768822,-0.7294082636936304
Despo Rutti,1.217083419562053,0.26317112811889326,-1.2010094874977983,0.3324866873774592,-0.8319024102631929,2.826767313552582,-1.305040150165837,-2.1459348349488585,5.251247109964832,-1.3678747126305448,-1.505803205502672,2.500556581346586,-2.674889531679862,-2.9028181648985965,1.960262703156017,-0.8368520660248593,2.0487900114967608,-1.1789891460133712,-2.217590888374624,2.6793408130711915
Diamond Deuklo,0.612846836860269,0.43877358601175315,-0.804384001680826,-0.7848723772839441,-1.2937339743061789,-0.1362409294042943,-0.5159797753031568,0.12033078913092977,-0.4525599338223496,0.903074959046955,1.6069325615024763,-0.934582943309533,1.0339309876500151,-0.8917169996475148,-0.23708411322921838,0.5531339587503334,-1.4420510506043485,-0.7343594660865007,-0.7096192793168601,11.558595554386878
Diam’s,-4.413526077720483,-3.790310055641913,2.459959186608169,-2.1888137133071863,-2.098319571422636,-1.9487480588474522,5.720578433137663,6.374261663142237,0.7391486777449394,1.3238567902147127,4.403343209647936,-0.2110543735339327,-2.5665768624310776,-4.0276227853263045,-2.2782572697858883,2.093246541659323,2.597084289649386,2.3977324505810773,-1.80996045646711,-0.5322536077448748
Dibson,1.4952651253074554,2.9094488410827712,0.2850780799922653,-1.9906180036388008,0.1259052437059918,5.362594101647662,-0.5891926728806878,1.4248093155342865,-2.418203169907539,-1.2696500498987957,0.5248692019612987,0.5308712335383226,-2.8666537932351273,-2.5011620122033245,0.3159183803632925,-1.6375539281586686,-0.04655130166350899,1.120250330799415,-2.6207057416154553,-0.9211440450866772
Dicidens,3.2811449308374185,-0.8956916237292817,-1.783689530186992,0.485602829343684,-1.7506964933066234,-0.5506357226097445,0.24228587973940208,-0.33857746238257386,0.31909597963981334,-0.8663788473080117,3.1748986981021563,3.8489245596354404,-1.475324049662087,-1.4676876709600304,1.2659606192516324,-1.4073649262936037,-1.3736680443952631,-0.6316789586455279,-0.6073178353127536,-0.474066999624119
Diddi Trix,-2.7470501821539104,2.454326969636198,-2.793200228576545,-2.485745106682124,4.322575674246961,-0.9012850218643232,0.9897917032698937,-2.926552712219957,-2.584163416036038,-3.0922393168096005,-3.0415107260818868,-3.0386356798526974,3.6812765011594504,8.429560753746145,-2.974094015079854,7.291287435527808,-1.7134428698358104,-2.4095759440350935,5.660378064905842,-0.9625368594276795
Dika,1.2389168810254798,7.235875927759028,-1.8114131498205712,-0.729649147735269,0.7547056228535673,1.9722379840184643,0.11273412339902289,-2.164121285860774,-0.9544504837636884,-2.4422082028621728,-2.4021434576394545,-2.399872785558413,1.015764628885316,1.4704968167988568,0.6312213844706566,-0.04128268342051732,-0.8408473921234647,-2.1881180112612832,-0.7757198803173111,-0.7601984105187898
Dinos,-5.504071481224645,-2.5183930072500678,8.785502624636774,-4.969637109715883,0.027070287725276563,-4.576006705097108,9.979996726615575,2.257995939529872,3.121838847160669,-4.745319697703123,-2.4766183839296727,-4.253068387987887,-0.3502024601547924,-0.90665653896795,-0.6864410506579299,1.3666949138103617,-0.9607856985749675,9.745416347409362,-0.36912470764615446,-1.598340419697283
Disiz,-4.490753546094235,-5.551084179079394,3.7543674350456646,2.6577448353965503,-0.7004988866336141,-2.5234463994461844,0.4165852931812838,3.014798032999675,6.957789164142631,-2.080397571003346,1.6228534660013378,-3.6611485631623206,2.8150524982777814,-2.0171311565022245,-0.8489523235020839,-0.05432473950883794,0.9278667908791034,1.010397825814201,0.4419161391971049,1.5740265335636927
Djadja & Dinaz,-5.301107047546806,-1.8608150455777102,-0.9682357566650014,-5.7011646050482145,10.984160523851353,4.597661523760524,9.412691162971607,-5.057074594658519,-3.5196934320700834,-4.992418558165742,-4.708066464779107,-4.89913033995439,1.3476850519347825,-1.3948471073596802,-1.3778889144724091,10.860683643728452,5.80013099171274,-0.1255697632969473,-0.4544634987727632,-1.6140457943534001
Doc Gynéco,-1.9273800003693986,-0.44008016208019546,1.004122471742393,-1.0985873497738916,-0.7223807040740047,-0.6086313026913552,0.7475747909516061,-0.5305764325148525,1.585175123811835,-1.0056434283260824,1.9803212417183003,1.9873942691465611,-1.2297647452172416,-1.2080642840141569,1.7764221411118162,-1.0337114872796156,3.826649932503859,-1.7052256041221754,-1.262871697266735,2.578629806843003
Don Choa,-1.509712242483168,0.05812924815529834,-1.060449771574276,1.2935049033411388,0.7106495108672802,-1.5521245181931078,-0.9310123815993974,-0.13252921877514462,0.6570344960319098,-0.664097257560072,2.1555873139591695,0.1998904689310693,1.0720106104083433,1.1036553344660953,0.31363044403517437,-1.5610228497403742,-0.20027989734677426,1.1210824953905685,-0.11834790642872871,-0.807022897130233
Doomams,0.87661134774516,-1.2643170875954246,-1.1676988983158332,-1.1599695858820538,2.343997312636154,-1.1234390672920054,1.7799068547306423,-1.0432551896543838,-0.0673565530204657,-0.9970273237335143,-0.9806709599877723,0.040930866012810575,2.1403222704913536,1.1207127891571507,1.126715704723269,0.1640430210809201,-0.8992768275658359,0.2261550355784951,-0.8829620611067275,-0.3103497013733847
Dooz Kawa,-0.16549621262470238,-3.0452491219253592,-3.988938855061181,-1.5770902604900292,-1.7362998573704895,-1.60566160281401,-3.3035942458544234,-2.18597026496384,-1.8723305407457493,18.010786112910335,10.822317306259643,5.4802625106701,-2.0644817939640188,-3.1893720119310935,-0.012040080925648408,-3.034138935295082,-2.332370800413836,-0.44846126872964914,-2.256298256779808,1.548168812917263
Dosseh,-0.9281183964318123,3.177363608276032,-4.027480549029131,-0.04764691657612602,3.8956935265937536,0.3255671902273135,2.34547024445959,-2.607014901757601,-1.3890047703191086,-4.833677422349616,-3.5356440496044885,-1.3052272788333477,0.45852953437367516,3.3983045530180642,1.358079274525124,2.2308542411818455,-0.13275266508949574,-1.8473608866604576,3.845527796851832,-0.9280741900253573
Doudou Masta,-0.9758586902624954,-0.9150455277989891,1.5214138486296485,2.73392768489093,-0.8294861985373984,-0.8130855023303936,0.5414890341247661,0.5693582416588756,-0.7485317414631226,0.6642227486355218,-0.7097575323204105,-0.7090866204279023,-0.6990137595040709,0.7426347314635199,0.746844124949031,-0.6668144861735734,0.8856064171580352,-0.64651977180244,-0.6390410231221185,-0.22461462314776262
Doums,0.13481175562285028,-0.09401868459589788,0.02792465774143131,0.4231652269748754,0.49555093263825567,1.3544884463717806,0.5905072615511266,-1.321498250376442,-0.48708922296953766,-1.570882528322365,-2.3637066823633006,-1.9380077185301596,2.8268748512312287,0.2749338108665332,-1.0133508049565,0.9314752339776243,-1.244810449259528,0.16912087046338917,2.5706085079504555,0.5888023727883713
Dr Bériz,-2.415524891052464,-1.8344011316046984,5.499927013447969,-2.387987000264261,-0.24028160970243065,-1.0156443765439818,6.551900258936791,4.3708555454823745,-2.129162860627399,-0.5909426961683825,1.4484121580439635,-2.0169630939702365,-1.9883113211893093,-1.9780196851047818,-1.467567826521457,1.2666302907689917,0.8494843213655748,-0.20766858158349658,-1.2675825195696435,-0.6389055900331168
Driks,-0.5299138400623358,-1.3627574455268379,7.412128884719646,-1.7353452200897477,0.6183155929080919,0.10428168947440165,1.5790546279690973,-0.27929183357985854,-1.547258252480447,-1.4915792807073895,-1.4671097273774611,-0.7834657214746918,-1.4449017297340425,-1.4374228190512983,-0.04046435446674506,-0.6528356721609954,3.857796182658944,-1.3363936315927933,0.1931448428998118,-0.46429137240580615
Dry,4.187732416268034,-2.9326926540267153,1.6377971250279182,0.49039036918724804,-2.5976031314073786,-0.232205942020308,-0.028790132661292638,-0.19814874691112697,0.13660095898858324,0.1287112261894882,1.1091950447545091,3.4154373470856934,-2.5565360892283304,-2.2412455012446917,1.5840840861642507,-1.7451905190863317,0.24886029654816225,0.9234273256525928,-1.861295132668822,-1.1024645198302518
Démocrates D,0.523166712769709,-2.0646211585006915,-1.9068443160996027,1.273304280592679,-1.8715732760552348,-0.7443935940689993,-1.7266564161269569,0.6443010115575271,-1.0968194130126776,5.128041928405856,0.8963402521354242,6.525515506136137,-1.5771877509483554,-1.569024118725878,2.9042476299220983,-1.504536392105612,-1.4685129100868213,-0.08770411523046195,-1.4418710080228774,-0.5067989402910497
D’ de Kabal,-1.7897462183467348,-1.0823418213923892,-1.5499656914073383,0.40871780095219223,-1.5212958616219534,-1.491216625452798,-1.4035011580364345,0.7816210426479352,0.08402778361239922,8.499599334430357,7.148706427160389,-0.5315337822122089,-1.2820065498950732,-1.275370795861304,1.084043489616336,-1.2229523771492228,-1.193670929920533,-1.1857314263534757,-1.1720152374211024,-0.41194814027948873
Eddy de Pretto,-3.768014066834346,-3.5332005084016775,5.317349312137582,-3.241595934121743,-3.20283632823102,-1.8654250982948943,0.429439927345672,7.374640830288482,-2.544262096801705,6.186403623344122,6.016872833486554,-1.2769967484528695,-2.328551926428727,-1.5677974834837738,1.425006598138833,-1.4095499331258052,3.853622453840494,-0.8940286768627117,-2.4674838566204182,-0.8672885416953792
Edgar Sekloka,-0.24875725089506648,-1.7449233565011915,-1.6115775868476032,-0.35162075104990653,-1.5817681172852387,-0.2605810918048611,-1.4592910165342,-1.4398289520027516,-1.4273940247882313,13.15855492036727,0.12424569170865757,3.085119910179985,-0.5827607843434217,-1.326067409702064,0.18774221660492815,-1.271565333170715,-1.2411199340721222,0.38937302393880746,-1.2186034171885067,-0.4283232806455313
Eklips,2.9253510518623993,-2.02741773004987,-1.8724839465039171,8.892081481128555,-1.837848472751799,-1.8015103220679964,-1.6955429413024359,-1.6729300657586412,3.165206222574974,-1.598800564618983,-1.5725720320926524,0.97492481160129,-0.2574183190899157,-1.5407510981287085,1.0635469059654055,-0.12371916340221248,-1.4420510506043485,-1.4324594879944923,-0.0033493365005996755,1.5117103591852423
Ekoué,1.0448134862261604,1.8704416147991385,-1.057389873052237,1.4317659596997132,-0.501392749157179,-0.4315884135210482,-1.8458733525244548,-1.8212555717692525,1.517603914710824,2.8556852319181103,-1.1278872916061076,4.720933248802072,-1.68608462819432,-1.6773573382491598,-1.674052197425388,-0.36495847356375405,-1.569906336461479,-0.9182185495275145,0.40482615801115,-0.5417908567415298
El Matador,1.8776651743110513,-2.0812757569668614,-3.1394132869862195,1.3430594957603468,0.5147402603324364,-1.239212204554977,-2.8683470191451788,0.8401937801774264,2.226488452533589,0.6831322343107723,1.6464386330104035,1.654829678012149,-0.4664653429925205,-0.714478431494631,2.694950910928387,-2.510277084400247,-0.5962171849464742,-1.7714836114001198,2.588374583494502,-1.1433102964226391
Elams,4.067337533442089,6.853091886642014,4.079277946410202,-2.175118785405272,0.1967316742137297,2.341236016430283,-1.393424977686285,-2.9433538038357625,-1.837637736942661,-4.165140216399839,-3.419364509389159,-2.97158280555216,1.1544601781629968,1.4323009617962355,-1.711812662256243,-0.4866508111991396,1.1536113159568626,-2.908152003127436,-1.1279283457827067,-0.7334426307691895
Elh Kmer,0.5250631690356409,0.7213515750747647,0.02879596601852381,-2.3664953544054197,1.9185654179835636,0.09456370584193959,-0.7638663006233847,0.6877961104101126,-2.265209665238795,-2.0829647656663783,0.3167656032584547,-0.5466331749636968,0.42690360333724275,-0.7187471516902214,0.4786506130084072,0.15123699921395703,0.31209270023429664,-0.27987775025838,3.9743057095556655,-1.09201438332065
Eli Mc,-1.8608895071818186,-1.7449233565011915,0.24995239741630756,-1.6009101222318947,-1.5817681172852387,-1.5504932167449972,-1.4592910165342,3.4218596464419373,-0.7268166210827061,8.071450745744974,6.773896595360915,0.12692321651154523,-1.3329669382089853,-1.326067409702064,-0.5678561249247134,-1.271565333170715,-0.43539602900673924,-0.42174590370528037,-1.2186034171885067,-0.4283232806455313
Escobar Macson,2.847200158813338,-0.0011118498528091523,-1.62577407373954,3.3383987080837834,-1.5651442864629372,1.4760035162514897,-2.2131244030298123,-1.7256512165579874,2.9166674412930846,-2.0868504471029756,-2.0526153923751957,-0.10009798208880218,0.9464832806014026,-0.022100545590344765,-1.0106644907459488,0.14580799805292344,-1.3509729643161466,-1.3348961086293543,2.480658103729052,-0.6495844174845841
Explicit Samouraï,-0.7490346262481027,0.598593803912468,-1.5913053636767225,4.74525054902533,2.9199336943798935,-1.530989381018184,-1.4409344239629658,-1.4217171750201263,0.00956596463173305,0.8492424994462131,-1.3364292463513898,0.16277516259974278,-1.3161993910106404,-0.5456702986847157,-1.3068065777520526,0.3373316565073869,0.40646889422540894,-1.2173564802744319,2.120987895041295,-0.4229353519414957
Expression Direkt,2.7001113003127872,0.31378691006678044,-3.05775348035226,2.229953103514748,1.6636161014327775,0.4573628766391115,-1.6853120752674455,0.9285950341862803,-1.2313428934913853,-0.3127109768447551,1.3260825696559557,-0.6166887329542119,1.0294132990910003,-0.528783048689657,1.0730393371301155,-1.169167002891697,-1.9302057205001564,-1.0567049162208078,-1.4471369274285335,-0.8126862851892003
Eye’s Berg,-1.323512088419568,-0.5987412090259091,2.111482381680218,-1.6009101222318947,-1.5817681172852387,0.38437497066520687,-1.4592910165342,2.7273327038069817,-1.4273940247882313,-1.3760284356964319,-0.6146044086971488,-0.6126259569055647,0.9176515233877053,0.9362610193658254,-0.5678561249247134,-1.271565333170715,6.816119116581707,-1.2328648313493682,1.2432311365988198,-0.4283232806455313
F430,-1.732575700567194,1.188767658919638,-2.105477025358846,1.4488681751037582,1.55528045961262,-0.5034935125403627,1.0869490551005119,-1.8176726690119995,1.563690108635917,-3.1753179231075475,-1.842499544839677,-1.5178508159511768,0.17507941863197138,3.4758597444511543,0.5478370736475434,0.13295435137998868,0.2784505842403094,2.076039066187548,0.03286057954533723,-0.9883971543811283
Fababy,-2.1841917645604974,-1.0399805248821012,3.910376957095849,-2.159791147016355,-3.147429134180059,1.3607369257733393,4.095982723536428,2.849723360080454,-0.38683635601728883,-3.5528303818702884,0.2900525707884221,-0.45650668823066415,3.221803475161828,-3.387271427764043,2.273471086252692,-1.8680209052622903,0.18511761562219942,0.786655097415159,0.32220784178100575,-1.2597365613458722
Fabe,-2.2791090707481856,-3.2726305656996377,-1.5889423907089955,-0.2564619143331182,-1.4733293253586472,-0.28360811047994633,-1.8296226429570266,2.834852462321338,2.6303097021331334,4.183469512045146,-0.2188005273989507,3.150609654453436,-2.6036727665883928,-2.8955432788225246,3.6718229402421625,2.4520390452938328,0.9956413871931821,1.7130874307968496,-2.2688462405814427,-1.0359758066824056
Fabulous Trobadors,0.13496004964260255,1.108505386486575,-0.31131374511499016,-0.29787801719211393,-1.1460998856138356,0.6568087966730942,-0.11160224517237327,0.873821302894686,-1.0342452289003325,-0.9970273237335143,2.0784590867768054,-0.9797439619924428,0.06955655378681055,0.07994283397003074,0.08389092037858836,2.334802293228277,-0.8992768275658359,-0.8932954373839629,-0.8829620611067275,-0.3103497013733847
Faf Larage,-0.006618086127085859,-1.2334205643002674,-2.626569541061803,1.4340571226456775,-0.35594506209448123,0.40498627629060596,-0.21268207508965495,-1.5171470216912961,4.08981915114184,-1.3247453020396964,1.3147385744753706,3.1585590623855264,-1.5642029122806518,-1.5444991493840614,2.2175771119202197,-1.3866318737335563,-1.6969708321873689,0.34024503600400485,0.8097290622337988,0.29813039969038907
Fanny Polly,-0.11824789341334456,-0.9947593648481525,-0.9187405800453694,1.2787393332279524,-0.9017465677295528,0.2474106421116511,-0.8319238775195489,-0.8208287936687748,2.872942385746498,1.7650776745382826,1.8204698372692596,1.8236517057537975,-0.7599080726633498,-0.7559747362389374,-0.754485129399741,-0.7249037720980656,-0.707547224167148,-0.702841091538752,-0.6947108345615025,-0.24418183915672137
Fatal Bazooka,-1.0000761982399147,-1.4712028872899268,0.06467359874783457,2.5957923014082454,-0.6867750632163069,-1.4657984085076754,-2.1889365248298525,-1.6967254662702247,2.0623733850789217,-2.064042653574928,-2.0301817636852184,-2.028262695514826,3.502061387755404,1.5300764417989021,-0.9777172443241827,5.956974610059132,-0.7873813610352051,-0.22705939174002607,2.5486896365534957,-0.6424849210655755
Fayçal,-2.3624686348086894,-3.4789238483400946,-3.2130670263869283,-2.565192975080994,-3.1536346884692197,-3.0912806618951945,-1.190907628310151,-2.17393730180781,-2.4944643417409686,38.81017795304457,1.0074127645364488,3.6100188939925175,-2.657589775016357,-2.6438339076455653,-1.8806536649798147,-2.535170926480238,-2.4744707102799732,-2.4580121800960364,-2.429578625322082,0.31704236126121293
Fisto,-1.7897462183467348,-1.6782135460218195,3.6114388764596814,-1.5397060524649502,-1.5212958616219534,-0.15002986172370228,-0.6909972928110707,-1.384783143741626,0.08402778361239922,4.721514293488969,2.539387904367306,0.237412833092556,-0.5019793339491005,-1.275370795861304,0.2984097439054752,1.230127608510233,-1.193670929920533,1.344352480600593,-1.1720152374211024,-0.41194814027948873
Fixpen Sill,-0.08955404980941982,-1.6837757303157561,-2.9321732595758463,0.8305490858309723,0.6334804078049161,2.860550322102564,-1.595812802182569,-2.490740071548505,0.12022656623688721,1.3551713659006135,1.1368271824419904,1.8239173114649707,-0.4815855775640275,-1.1478647717279955,2.6849305914031234,-0.9550437849054819,-0.8444894253835172,1.7979155797980808,-0.0062660348292418915,-0.9310491045497771
Flynt,0.33088451460122753,-1.680957595967731,-0.30020025726465055,3.787685277648438,-2.2441253746436716,-1.8239669701895125,0.6318269773401661,-0.03767573526221778,4.172297365793479,-0.19048308332788005,2.6852192462538875,2.292887186187177,-1.6561516965160534,-2.0466425879872525,-0.407872594967813,-0.2285381469104818,-0.5554404999102772,-0.9667849463004381,-1.8118276765454453,-0.7926874241383585
Fonky Family,2.394381920725936,-3.0097731711214344,-3.056159242292173,1.9544930750928047,-3.214578256135902,-1.5790972747322927,-2.024696449843071,1.3667688432113516,1.9996038051599412,1.7578409930516457,6.0225337757978945,6.329300989757212,-3.345720461752131,-2.1266251549983415,1.7957945977659053,-2.251637318613427,-0.868129698304821,0.46026650809077285,-2.0778519387590153,-0.1449220767666134
Francis Tra$h,4.095569624413336,3.898741957090475,-1.372208869244737,3.772130001021728,-0.6043411743688082,-1.3201974022745162,-1.2425415270332532,-1.2259701762138722,-1.2153822172153625,-1.171645994087057,-1.1524249881990425,-0.2827791805183265,0.6271644392218385,-1.1291057133418057,-1.1268808723359078,-1.0826988673914022,-0.1105008073855266,-1.0497465774874557,-1.0376034208938123,-0.36470413174399213
Franglish,-4.5595650858957475,-4.379207800052053,22.78598684416508,-3.4762935608415835,-0.9724420482700397,-2.393115500930062,11.916505713665146,0.2686260003830437,-2.602544334996634,-3.9283141658799554,-3.86386965782176,-3.3421117077513096,0.6619764988623039,-2.7290722921218755,-2.7195267013187845,1.3284629462827047,0.4080842261342241,-3.5196077755335984,-2.329103288331295,6.137454751367699
Freeze Corleone,19.3743565155177,-0.9126974017845993,-4.763549747955439,13.795778611104293,-4.080597274610944,-4.539459583447239,-2.9574863108692395,-4.54893955927808,-2.8103610948982274,-3.8885813438109333,-4.473571532701697,-2.6793704627874466,1.495385602135739,2.0051981185033663,-3.917208167833354,-3.7270418129727134,-3.8585048549472774,-3.5841874607021427,5.406468993877572,5.647725319616058
Fresh laDouille,0.7456388527546494,2.6429669046506983,-0.5805157805067905,-2.8619796406980664,6.299251101127019,7.461883443640269,0.6853729886454039,-1.8046753695378668,-2.092441294149102,-2.959261045201387,-2.5671556621859666,-2.5640791917365786,-1.1224599140375746,-0.3972393086191864,-2.143504264855604,-0.17481963420521365,2.2013727330328807,-1.1427255111559877,-1.857552531313394,-0.9211440450866772
Friz,0.04887983988883418,0.17779627023255407,-0.8451184162563402,-0.8395243506178058,-0.8294861985373984,-0.8130855023303936,-0.7652586650507723,-0.7550526723080112,-0.7485317414631226,-0.7215953992958392,-0.7097575323204105,-0.7090866204279023,2.1621602480142124,0.7426347314635199,-0.6940253772315857,2.3325204728296938,0.8856064171580352,-0.64651977180244,4.055493272357826,-0.22461462314776262
Fuckly,-0.930444753550606,-0.8724616782076139,1.6762511854979345,0.44883431003977187,0.4735237758683737,-0.775246608324127,-0.7296455082157052,-0.7199144759492863,2.0886126022742184,-0.6880142177937112,-0.6767272544960639,-0.6760875651058711,-0.6664834690482272,-0.6630337047944738,-0.6617272331705076,2.5099463770669366,2.6023356529720583,-0.6164324156138502,-0.6093017085327075,-0.21416164014766428
Furax Barbarossa,6.676954792280923,-1.1105510814788189,-2.8968195013197975,-0.6020928947893464,-1.6436824112356383,-0.33778135214459326,-2.311311393693316,-1.4818975049409093,-2.184252492901656,5.369121856326008,3.9846134458333973,6.664962953545416,-1.7972552167497378,-3.1293004697431215,3.424817950394836,-2.3872310625285733,-2.2750316087780975,-2.2443722648307673,-3.079784246161992,-1.1866178373721026
Fuzati,-1.556931864446089,-1.4599076217399403,-1.3483425465625125,-0.592824306453207,-0.567773946119751,-0.5263657582301959,0.41716447142160806,2.115826557954362,0.4804567892651544,4.060376968009481,2.3999978265316195,-1.1313108804012268,0.6780955620985301,-0.20813437347393976,-0.20416869405599597,-1.0638678853763217,-0.07537117441292873,-0.06201617461596882,-0.0387384039806975,-0.3583609673081953
Féfé,-0.80162383469155,-1.9633662452584555,0.7076545724684661,-0.8672936538208812,-2.042378756514744,-1.153061718267324,-0.49137917274140125,2.7008939299559094,-1.3068677755174505,-0.2553274434113755,6.010974004263879,0.29210398926804104,1.3247684290979378,-2.0543347975238753,1.8516062143692114,0.060658822848506454,1.1978205318591635,-1.3863709675764422,-1.8878522961980935,3.8575427650413308
GLK,0.7911393318525175,5.7052385860551125,0.18304645691796292,-3.602754226576564,1.1351132338803394,3.650031511076027,0.08144571305401783,-3.054051216366596,-2.1712024629148887,-3.393454376334087,-3.947545808728545,-2.2017118705652186,1.6507153587832628,0.5968580283761279,-0.940502651333017,1.6950448351770986,0.7607016732004088,-0.6099123563172383,2.860903727452246,-1.4556691310995364
Gambi,0.9401966469514101,3.93097257544655,-1.2890082761414787,-1.2581266885861933,0.16911012149583254,-0.4105324851787198,0.28229417593681216,-1.1482729304649835,-2.252043091652763,-2.537271067527783,-2.4956468035677273,-2.4932877456592695,3.644976576304661,2.46253193116493,-1.6207679873931997,2.77338268863243,-1.4145818038281366,-0.07383542050327602,2.648436211526911,-0.7897891057529421
Gambino La MG,0.10561154450836197,2.512086214586676,-1.371093803161621,-2.512662224512137,2.6050388073039135,0.9674000466228799,-1.1574036585207157,-3.0543384471868924,-1.7069385620080193,-2.9189971140193447,-2.871110584303581,-2.86839661206991,3.8917109934621483,3.2303267044735087,-2.451278409419642,2.492790714288599,0.40576216592345293,-0.3211104712652777,5.925431326571296,-0.9086108890461735
Gazo,-0.49751450179552054,3.673791708763379,-1.0513701920691576,-2.889497901710571,0.9457892276966892,-0.19868415237778747,-2.5759498957872293,-2.5323944327338332,-2.504499347769796,-2.7520568714473685,-2.7069090182613245,-2.7043502607008154,-0.04021233788934685,12.807109446166235,-2.2691097621924703,2.1754628995367433,-1.2736540105771768,-2.0601701989275205,7.410131380959418,0.31069600995817614
Gaël Faye,-0.013391782131747227,-2.298436069459252,-2.74441773854413,-0.5254277645190363,-2.6936540410907,-2.261663564019669,-1.277879940746227,-0.0048987701724061425,-2.430764434492434,12.59296016259963,7.674107541136729,1.6058327787658158,0.37325643375551204,-2.2582114267500355,-0.478951248793249,-1.241779884991356,-2.113551088421675,0.2820340187234309,-1.5933271661546509,3.3835147024440317
Georgio,-5.928688109049154,-5.111290995739754,0.09820520474092685,-3.7705101880488856,-2.0039793285607517,-1.804647777622788,2.046865617184171,10.459314289303254,-1.724212362659582,2.0557173607658306,9.466808542452215,-2.012930742499594,-2.2905003635513297,-4.4358961272107615,2.5443139668634833,-2.1310909082837273,-1.5248156278083063,15.20022720431715,-4.1917745903300645,-0.39488545861723634
Ghetto Fabulous Gang,3.7428257959825735,1.6429695991670248,-1.4414388140755872,-0.035149564905587696,-1.4147764139495933,0.05536230566573359,0.22706793590490826,-1.2878221650524087,-1.2767000280335692,-0.4182493382533202,-1.2105665147148659,-0.3825810913196202,0.4852700829406315,-1.1860707483279205,1.3506202221628711,-1.1373226091119621,-0.20926470491303928,-1.1027078279773317,2.5799342430170187,-0.3831039887215486
Gims,-4.212188037428438,-3.624199829889504,15.44587024938135,-2.2414322032714216,-1.2022727444564225,-1.2693436971108265,4.997532889684681,5.892043168596879,-1.8061914937913992,-4.555208750817776,-1.2679836478625657,-3.0225358500553394,1.9277846838864747,-2.68110688373426,-1.9435234444682412,-0.2657495183854585,-0.9748350615111767,0.05548604475842089,-0.4108239417941595,2.6595949230542906
Gradur,-1.609071517787282,2.504355168336205,-2.610151684951297,-0.008744520574547287,1.6131579680022021,0.5114097458524892,0.8613286043792157,-0.669931512671271,1.547536910362561,-3.539682318922864,-2.709378784518193,-3.208803349898841,0.4398825799676787,3.825682904489029,-2.3351889796252094,0.02543490671232772,0.20681588756342206,-1.4027553270219677,7.3395752776886,-0.4599694016530093
Grand Corps Malade,-4.172051464126339,-4.66583500234076,0.3318763189271635,-3.346335576423901,-2.33811943438799,-3.422339167737708,-2.620697324439896,8.61741248037454,-1.9827702989380633,8.5507294418107,17.104502816175565,-0.5733137106054869,-3.003162411964287,-3.5458358171795945,0.9823951867638744,-3.400100077313033,-0.6067777479461234,4.2869150668884775,-2.9515913397990703,1.4740538688270983
Gravité Zéro,0.8704623921709445,-0.18765081161541977,-1.3956671303706905,-1.3864288350194558,-1.369851372456175,-1.3427665140873104,-1.2637830918231436,-1.2469284495286834,-1.236159486666611,12.234797399341323,-1.1721259877390917,1.390855472870353,-1.154383230882915,-1.14840806392173,0.5988344348183434,-1.1012078810861117,-0.1444715650841319,-0.13109280093930348,-0.10778095486960683,-0.37093884203762345
Graya,1.314865691172343,4.522567129260137,-0.8828641035790048,-1.9626321887559588,0.32555032520633387,3.8771291835903425,-1.6517357304155738,-2.4307110321071126,-1.164759742218042,-1.8925261570501597,-1.8472371619857455,-1.4065921039765032,0.8603792240038491,1.7816036736611638,-0.44393697015443023,-1.6808070824018146,-0.18617299652668243,0.3210115496589389,1.3453788372555853,-0.7230929217620715
Green Money,-0.48402488353775347,-1.925398328030783,-1.9895988797372286,7.089980284541912,-0.03205207861051576,-1.257055708177619,-0.5675900216284415,2.7975120333862744,-0.4018566726823178,-1.1784117498858506,-0.27075657691073673,-0.26393223509936586,1.7379477631810478,0.6946604742501806,0.710500323615134,-3.232640751916416,0.3542630820010527,-1.9436323007996865,-0.7002560300596767,1.3476379259030469
Grems,7.686244258283926,1.827688690283709,-3.6739129961273718,3.533808946860964,1.4816480537416257,0.4768243695288822,-2.178165599559633,-4.5188613609497486,-0.015384265328100864,-2.929294292242911,-3.7769432456829626,-0.2378830627593947,2.748553106385038,1.124319623592339,-1.9868405634214152,-0.7332548762172213,-3.1250439287649328,-2.318646596897138,3.758037111515986,-1.3442801803950928
Gringe,0.2420571167328861,-2.153100485155759,4.572622743939837,-1.472600186958088,-1.8139678265971848,-2.1415602553816333,2.222078029547519,4.014790686389226,1.0922002756809184,-1.3618829383531965,0.496844123349576,-0.40284596087745966,-0.8040560966931634,-0.7856119400249874,-0.7786074035215943,-0.15634456911225444,-1.0446367368603005,0.4632598118934171,0.013868137110346736,-0.700541025033433
Grödash,5.968213650721187,-1.0656906537573339,-2.7599861446272653,2.030228707355229,-0.9771305348786204,-0.5667606710260723,-3.254906004527805,0.5250794021649603,0.5853668067802844,0.8406335308842167,0.9561949969984131,-0.6950223503743123,-0.9550780006754045,0.7612827188414987,0.43569162335483486,-2.1310178128116184,-1.3233421611053033,-2.3862153241028636,1.6968553055266948,2.184806499998238
Guizmo,-1.8719960173559553,1.00909655691583,-3.633972672508154,1.611344794086073,2.7636076720438614,1.5565304107633717,1.133902095484242,-3.38572736253529,4.8620141438460385,-3.605347918023536,-3.681780658156063,-0.6047952055539245,-0.8537599786014102,2.717552460626308,-0.9823965510527962,-0.4103300443903534,2.3261501096813695,1.9845917911494613,-0.6499536927640409,0.16697627070361015
Guy2Bezbar,0.18600030050351413,3.5591801657509463,-3.3163798836700638,-1.050327888347591,1.5738265319437772,-1.7233883422963225,-2.025991868636335,-2.9001151178380975,-0.9851029859439835,-3.0691912490470874,-2.3563348045733585,-2.0212879489451345,3.417397976292977,6.170791603433004,-2.613164728788361,2.1000114040131623,0.4828323565085976,-1.6589079531012836,7.583408168520836,-0.9553625716416146
Gérard Baste,-1.2240041711522123,0.7758946182779783,-2.458046057910421,1.5136402173584746,4.466181236411037,-1.9878023575716,-1.6945877317080602,-1.6305277897704207,2.830280542486919,-2.726260772740014,-2.3377719600125704,-3.000793161312268,1.436449551042539,7.591137752687684,-1.5751469743159288,2.8480352315245496,-1.3020798717727158,-0.9085407683238476,-1.2252766643301631,2.2055191321765872
H Magnum,0.8396199387648765,0.3212263687456721,3.131007207615483,1.8606316361409778,-0.7439407587854446,-0.3512015342298378,0.8896738220990347,-0.7415914199826419,0.33114204096260486,-2.5088488827988433,-1.0930529045577413,-0.820468465918161,2.2489885515681562,-2.320876770589355,1.773537717400041,0.15588608371863916,0.04038483472664831,-2.2518331823265063,-1.9028479322111125,-1.1885488684907828
Hache-P,1.9092670104019407,4.066292646509971,-1.6996573781418611,-1.2166809963403937,1.176354226607714,-0.1573174745330343,-0.4255468464832478,-1.9317332476109674,-0.8706909099476879,-1.8461358727356187,-1.815849772106718,-1.2629058971922191,-0.11085085417635145,1.5933739807330163,0.47715851586396985,0.6387040799685142,0.7370674392851506,-1.6540617420037835,1.423310514967702,-0.5746559831910837
Hamza,-3.9556909873600046,10.757483888974408,2.9119289134314976,-3.1598972914628143,-0.6905150105217172,-3.3955390718540213,-0.5245454852129279,-3.5376083934746907,-4.784375155183792,-4.571061833077502,-5.068682619178625,-4.273984986690896,4.623511217598359,7.921211617035097,-3.1404737785832446,0.2778828820119762,3.7427337022836062,-3.31755053870788,10.774880986507043,0.8895886591539005
Hatik,-3.9764648365005164,-0.7546253753677254,5.973106739003109,-5.037146104054254,0.2472002689079432,0.4509797887856308,5.862429603586302,3.4161494502445398,-1.3739768376808354,-3.174723939461951,-3.0844353113091145,-3.549387253200691,1.2898342908472724,-1.0566412774861622,-0.8021234250490278,2.2477275811277697,0.7042728989792194,2.8234348277253223,0.8602881568496388,0.8783472012790113
Hayce Lemsi,8.937563478169972,2.7315119487857613,-4.170571532775612,1.9183444868969148,-1.8186016595857994,-0.06162375588333274,-3.044156421287305,-2.7528806607632585,0.5135169132191174,0.14209527685635331,-1.669495212607438,3.8976133840488534,-1.7427554394448224,-0.48558860874920995,1.1557359685252155,-2.4140715845321075,-0.9458555840106159,-2.197013596358133,-1.234645160665268,-0.968693058955481
Heuss L’enfoiré,-0.4269477344705693,0.6577278498620521,-1.275687702723527,-0.03523022738527888,2.4850684765063673,3.051065304915276,-0.9149439603826661,-1.768256847834783,-1.290572632228359,-2.1206022394050654,-2.085813482106901,-2.0838418269898655,3.787336389427695,4.317693841776281,-1.5492833642834274,0.08160475759504683,-0.3442261522211914,-0.8473253863627721,0.25193827391495816,-0.6600905073563834
High Five Crew,0.27044529397680606,-0.08601333749761703,-0.8730476500192824,0.37009276701269683,0.8441561900245939,-0.2969567437904879,-0.47028578243917674,-0.8669196666394289,-0.3813833358857596,-0.23434562532488268,2.229049796416999,1.755221146120653,-2.054240014881005,0.40304709154737456,1.392498318172848,-0.9390045144059517,-1.3898715675907136,0.7316449954491081,-1.8779939922822773,3.884740793621228
Hippocampe Fou,-2.898146815573149,-0.46743210692875053,-2.2079522813277106,0.263754482361043,-1.1106153778926633,-0.4686059005100473,1.052311127154473,-0.995545094749358,-1.212747185088822,4.1026504544696225,1.987255628297701,3.722927326129405,-1.3803326228187072,0.702785159371963,0.12937898077340476,1.6311829898993158,0.2614088093574597,0.6214442732315614,-2.4918036627850833,1.625942446054917
Hocus Pocus,-0.519155785854244,-2.0724642079442135,-1.3774720142431338,2.0811547282923843,-2.543169393614665,-0.21738704123953606,1.1711084637177667,-1.1577261504818688,0.2790970221358457,4.846278006227489,-0.8739750307742666,1.7107049647983725,-0.056697520846261604,-2.2845278944241247,-0.7720473699287314,-1.375086390000905,-0.8835492665290438,-0.4519330630049791,-0.3996635790025149,17.760066780764706
Hooss,-0.011462861421006415,6.741941653443728,-2.76918532001861,-0.7417914887926114,1.9226860605267109,4.4020554573203174,0.4179992840957911,-2.627775724131559,-0.5537317667210356,-4.3794224399887725,-2.5980463672612304,-2.803748829979083,0.9495441184010877,1.0027088924696586,-0.7112523397010242,1.2081664615072363,0.2968916866906252,-1.7376783836918117,-0.7163179523339407,1.8559616925016744
Hornet La Frappe,2.1874196571972337,1.0670317570428847,-1.6443157592254032,-2.3339034598506654,0.8022710110833603,0.061032217989703826,-0.13118119695987843,-1.6700944244269584,-0.339754378887573,-3.930083973433633,-3.6221949453893814,-3.3951174072389025,6.142198732951164,2.5987133375402443,0.8069287485733188,1.192666523696689,-0.9911018255969407,0.031282287648454254,3.821832587260466,-1.427030218480587
Houari,-1.3046652732162152,5.428286359788871,0.8039532394726009,-1.541997569522653,3.9758068852421675,5.115474606408636,-0.4151201533635516,-2.6700011907847245,-1.9693628099149083,-2.869934844776356,-2.4686016795583208,-1.756424767088512,-2.420426651721186,0.8499453287905891,-0.22431141017340617,1.4956597204452973,1.2745895802018012,-2.182441715219124,-0.967786506120792,-0.8933390301374026
Hugo TSR,-0.22613045530446332,0.5820072135707446,-2.4616168607961377,0.6159141571474074,0.7182992654936416,2.1968718249714367,-0.8165326897216435,-3.2670368239075946,5.008985030290188,-1.6224750145767461,-1.5373296362593314,1.4680274442136678,-1.7635625193540938,-2.656511432522674,4.095493715009863,2.2901249953813845,-2.0783563236281495,0.5812571160124712,-1.0059215475028884,-1.0557104524541399
Humphrey,-2.1420446842449845,-2.0085576203127666,2.4574519766850824,-1.3001293126641507,-1.8207518362951383,-1.7847517222671982,-1.0844505462676202,16.44362595664759,-1.643053911222641,-0.9525857209620785,3.5770324658061488,-1.5564704615222105,-1.534360171979566,-1.5264182182499895,-0.8669886022192342,-1.4636816168223048,0.6712682675044764,-1.4191339938263372,-1.4027178733233012,-0.4930371217432918
Hyacinthe,-3.410082309499066,-3.23158105015085,1.9843425435802895,-3.456041941327684,-1.9427943892935768,-3.3012035643112148,5.654961319963297,6.366264580772388,-2.1102332020135175,2.2642030398351314,9.504082101195934,-1.5408122123810786,-1.749806944594858,-2.012021823457394,-0.5535596484457805,-2.109504690877064,-0.7645967203102167,5.494479320747286,-2.2336584758487557,-1.116930464815095
Hös Copperfield,-1.0256612793615851,0.7520201567413626,-0.6020288060732254,-1.7353452200897477,1.7847712799503663,1.8892579757881256,-0.9496560884986613,-0.27929183357985854,-1.547258252480447,-0.8211489436214543,0.5777270996697464,-0.10120852912266336,-0.7528131403348399,-0.046043766628012676,2.747787848728959,-0.6528356721609954,3.114490735177632,-0.5881111074145331,-1.3209346270228968,-0.46429137240580615
IAM,5.292416094213928,-5.671408481894226,-4.9421056177108555,5.104320381791898,-6.240426393513639,-4.7486280237553,-3.757254395012895,-4.1217163457870685,-0.803156889176778,21.341208719948813,8.711086788857514,13.528561411636165,-3.4928139267085974,-4.674442841166773,0.4162975574972435,-4.758746486404646,-3.675987005952934,-3.0652675096620268,-5.068942148301425,2.479328171085555
ISK,-2.402966521071626,-1.2789047271648193,0.9777322836300111,-2.6764263748413875,4.685927848305693,5.190217656880527,-1.8829553145444935,-1.5446876999225112,-0.18781629292342994,-3.6986763847495294,-2.8133699968598758,-0.33292281954901065,-1.0710190763117682,0.3633626804585392,5.156964306502244,1.2633696000926966,1.160283220831041,0.6090538041581328,-0.5278793922116891,-1.151305570728431
IV My People,2.516304975524706,0.598593803912468,-0.9628904643201324,1.582239231338915,-0.9216130758792676,-0.8778169865158221,-1.4409344239629658,-1.4217171750201263,1.4285705974745442,0.8492424994462131,-0.5881666632972335,1.6607162862260778,-1.3161993910106404,0.9817624089072374,-0.5415823915824154,-0.4591192537222191,-0.40951942343400805,-1.2173564802744319,-1.2032744621122058,1.941492201466897
Ideal J,0.04160604741282136,-1.2484203952995443,-0.8828641035790048,2.107451174883655,-2.670331922109357,-2.617533813234494,-2.0576512544809016,0.8605070082905698,0.9101714521567433,3.2732003268345764,6.905903394320785,-0.09237873518930617,-2.250307189364593,0.44151596755557476,0.4512186891455861,3.9093001243490426,-2.095251600363519,-2.081315382988028,-2.057239344869233,-0.7230929217620715
Intouchable,0.6333611318702533,0.13207065770698356,-1.8114131498205712,4.901509398694756,2.1795318376370405,-0.9348946043402924,-2.2038819459840537,-1.3814780850591954,2.2033947083339105,-1.623277205241845,0.5119206369161093,0.10025973646596431,-1.5203950626153846,-1.078858513143963,1.482684255433363,-0.9274914453267552,-0.8408473921234647,1.0109781818269632,-1.700444301481246,-0.7601984105187898
Iron Sy,1.194246885332664,0.7241962903215263,-0.25567089132912957,0.7153169654991507,-0.18087757165368146,0.8741360086951424,-1.412449459241691,-1.3797016490218172,3.937189316058888,-1.2709589050590497,0.4436206897040386,0.4474269468452293,1.072163223767612,-1.7542222939110077,-0.03722972110102223,-1.6821228236926442,-1.0327773240562768,0.20851795625777464,-1.612060794370403,-0.5666184407298827
Ixzo,1.37632188840535,0.5403511048364634,-0.8472742085849371,1.0010953912203677,-1.2425322726426218,-1.1810816511475717,-0.9973239830989282,0.05727606757171486,2.1384954065341253,-1.884204535021926,-0.774134268705873,1.389000065898493,0.914125403856935,-0.7143451932656232,-0.15678163849501575,-0.592504702716447,0.6541967144608045,-1.09581218490886,1.327808144858824,-0.586505806860028
J9ueve,-2.9712242108592175,-1.4447853104176007,-0.7229191742705585,-2.8186931334485625,3.319160684181142,0.9331792712584179,0.5442846674179797,-1.746150874485305,-2.115285291181803,-2.42274806641756,-2.3830025672802955,-2.380749988492227,0.6356887661333721,3.233187615563341,-1.4718800015706788,4.90779435646278,6.051950548194429,1.9754788154044127,0.18480739529765017,4.5499072682515935
JNR Slice,-1.539481448055952,2.394645324261479,-1.7296593366701793,-2.5058207014535423,0.3514431448933635,3.341756630869937,4.72063683623833,-2.2536887888874735,-1.7866425639024406,-2.153825184866605,-1.646457386594946,-1.644008220685636,2.2271788957315843,-0.14849232203830978,0.824870531268232,1.526717424527923,2.1754049879231414,-1.9297386990137706,0.18966181618659644,-0.6704319804165288
JP Manova,-0.4207453458906562,-1.6028908354126241,0.1554299148129146,-0.3412510582150446,0.23019884256927037,-0.7703064395349389,-0.01985105708286653,0.6084703408156613,1.8173467402771224,3.8364689082969714,2.716919354902235,2.722545924870414,-1.5912074733368329,-1.5829712740674946,0.31905979488975295,-1.5179103119373394,-1.4815666148921365,-1.4717122210817237,-1.4546878912636196,-0.5113039083570597
JR O Crom,0.9640517115987871,0.3870991998703224,1.4930435104132609,-0.24863341746844514,-1.1184789619747189,2.5520581749224673,0.9063454885110263,-1.0181128156853103,-1.0093199943281481,-0.9729990379607704,-0.9570368613880873,0.0897482670828677,1.1793534736066429,-0.9376712576841474,1.2013312167398813,-0.8991324697789396,-0.8776043216197118,-0.8717670825048701,-0.8616827398420795,-0.3028702962019803
JSX,3.238899691034047,2.4928885263841933,-1.5499656914073383,-0.2407568168535219,1.7653758016093701,-0.15002986172370228,0.021506572414293167,-1.384783143741626,-0.644397915045846,-1.3234217720172512,-1.3017108646269293,-1.3004803975169739,1.058075097942845,1.0768862963904866,-1.2728577475162464,-1.2229523771492228,-0.3559191049712641,-1.1857314263534757,0.5344472180118077,-0.41194814027948873
Jack Uzi,-4.324316442319263,-2.5751206704862595,-1.875792989587487,-2.6449618499757217,14.008024254134577,-0.8275716563727182,1.0322759899058904,-3.3458601315621137,-1.5080808937314802,-2.884866688822046,-3.1451440642329973,-3.1421710566073524,3.3592112820924775,9.89917977352283,-2.425114755288833,2.4599741618480206,-1.8439170125800501,-2.5158689650809674,4.230920983975505,-0.9953333598608727
James Delleck,-0.01806718468240594,-2.6606505284008772,-0.8295396127632378,-1.2120854900332763,-1.1680252369943283,-0.6722690153212741,-1.7757057294430731,-0.3734892345550055,2.8775410051501025,13.153287071367455,0.35904416258394994,0.8483027585152824,-2.032501413484232,-2.0219810464441585,-1.5224559296079287,0.1241738304481594,1.8064483196727075,-1.879866214631136,-1.8581204806535423,-0.653105226024
Jarod,-1.755529330352343,2.345169945124792,-0.4638613259513469,-0.05799575618865773,2.903496301198009,3.541143502117789,-0.9042815520369863,0.6884757948998756,-1.0452333606800763,-4.301509991227324,-3.4253277573033896,-3.4187954315053783,-1.5517847064121588,3.62870451720744,-0.5004521221383635,-0.11659380856397301,2.8594900359251447,3.5792637223513823,-1.8579653996615912,-1.6352191408450445
Jazzy Bazz,-2.637208746803392,-2.3083777505341505,-1.6201854232618516,-0.9920617790978409,1.1807245459093854,-2.0351647423518013,-0.789379051402144,-0.05728391293734352,2.6590993247147594,2.9784959853779,4.880119905774713,1.0228647469856014,-1.3774470516806563,-0.9970205434689774,1.1672050913862388,-1.553255801627836,-1.078671885126435,4.347238641269224,-0.6128930884352255,0.20886158314452966
JeanJass,-2.5541958280346795,-0.9737416065972677,1.597564395451663,-1.6422783073327822,1.360943410227426,0.36512266857864056,1.9116829018291406,-2.4624863811687616,2.883988210449892,-2.3533707099689205,-1.882753751685887,-1.4477385701057806,0.35217307540833526,0.3776668458500097,0.8291613408125871,1.9637690103658456,1.6462469262437944,1.2113357390750812,0.3149472046281903,-0.7325455180162053
Jeff Le Nerf,3.3917200716142344,-0.7321590426812093,-3.422291670297883,4.545579180568721,-2.0440987896702314,1.7704708831518443,-1.5930766492100645,-2.0884788792860656,2.262386415037501,-0.9730548302870251,-1.4840363415019038,4.584515989788185,-3.251455844345193,-0.14307864342439172,-0.44036635705458016,-0.5224348793797986,-1.3758439355772665,-0.3470698357541942,1.0645218461889836,-1.0447927810410809
Joe Lucazz,3.0675730639234278,-0.1788470029618002,-0.8462621302836717,-1.1149197500176184,-1.6706231499351238,1.5903523690865344,1.0637942160745784,-2.5922247068042834,-2.2200228577257284,0.40745282097349367,-1.6691347069903815,6.321170117797113,-1.9789366670064832,-1.2206935618089687,4.351182399506413,-1.818286694570007,-2.5283535288666488,1.470089612557478,-0.8711944919737323,-0.8725608610281835
Joey Starr,-0.06921538567807858,-2.115692085508175,-2.3214549986697577,2.030258047110879,-1.4007501413427463,-0.8902587123046884,-0.1992187045932188,-1.5919058473964942,1.8346423185471359,4.576386056053267,3.1795399644600617,3.1862359274111762,-1.9201202517553013,0.7073706277509708,0.19175843614713592,-1.8316720975353966,-1.228474224969348,-1.2128375854785423,-0.04635070075773286,-0.6169937017904823
Jok’Air,-3.3367836037299843,-0.8072605502239806,10.439557347232737,-2.830271289101156,-1.1757305689986257,-2.0193257958591855,6.185897554229591,-0.5738777630362256,-3.534963954951528,-4.270099521456746,-3.370283093077271,-3.7662446611356186,3.053500912092903,2.0950040583938354,-2.401690569412009,0.6696927019028305,1.1318889175642814,1.2003896915310595,4.890118785504267,-1.5752167355957423
Jorrdee,0.2930296873864257,3.8302350241408885,0.5219131913351963,-3.861026683989151,3.4293600369291495,1.0469662392913377,1.0280938060991247,-0.3428243117439094,-3.531566861726655,-4.675225563633354,-3.2917206781846655,-2.0061375418330822,1.2709027213686022,-0.5285980957267691,-2.7474381421687837,0.6764210234802163,7.707244907726753,-0.5863080968439474,1.7520061267237312,-1.158067679835106
Josman,-4.927045968121264,-3.0150213860712785,-0.374709356242301,-4.230539874364277,7.731696808537679,-2.3543072911991407,1.6880475517503148,-1.3805031850565785,-3.3984619895069144,-3.208339392506613,-3.6118026162035926,-3.119157563990027,3.6402520862853813,0.46460544612479815,-0.017537406720368846,1.0814039762259542,1.0286325184843452,8.315813357155003,10.938279474577334,-1.2974024592369446
JuL,-7.675562640691215,0.9411306051892078,4.1062894897855795,-8.940093950570729,17.66268660788943,9.278583708683449,6.202867148058107,-9.429217422872826,-5.169861874404338,-11.41490676714074,-10.696512867659123,-8.941179323443361,8.946857410418044,3.5098383177395576,-5.435845073667414,15.730398228714298,5.905409156359436,-2.3294902564979187,-0.3720119135550794,-2.807458770349688
K-Reen,-1.9720080991833597,-1.7952438388187475,8.074284998820398,-1.5701210575641626,-1.5396478531275029,-1.9916445980895314,-0.2740607078693139,9.504964546087121,-1.8335208229978983,-0.636024749492035,1.1374263199029577,-0.5854239022929711,-0.5441576367269524,-1.703364429280183,-1.7000080429070532,-0.40888187471813436,0.2875182070235815,-1.5836435496944616,-0.9264792312319389,-0.550191215933941
K-Rhyme Le Roi,0.8243744555982752,-0.9947593648481525,-0.9187405800453694,0.18304007184215032,-0.9017465677295528,-0.8839171312195963,-0.8319238775195489,-0.8208287936687748,1.6440483256786753,3.039844963440582,0.5244410260892984,0.5263966393927556,-0.7599080726633498,-0.7559747362389374,-0.754485129399741,0.6545896700665848,0.7057860003075098,-0.702841091538752,0.7447369904087143,-0.24418183915672137
KDD,4.593602650110124,-2.2348403964386274,-2.6966850931806485,-0.06575881458658692,-2.2689902055593905,-0.2818615788456584,-2.441860921265741,0.49611999290134917,0.1235634225803094,5.514931458416061,0.8260691520681412,5.6927512099707,-2.2304803078223,1.386397694494041,-0.4083373881244811,-1.6577526020055908,-1.1137666114099698,-1.5782411711063333,-2.039113534763039,-0.7167219348256767
KIK,-4.802656801375094,-1.4560476400180253,10.428524650976838,-4.3872718798955095,2.33817623817875,0.7181462254251644,3.60850808401071,-0.26513650491597607,3.091638792119362,-4.711767306527044,-4.634470147152521,-3.9821536618730056,-0.18250048312709813,-1.897922733642313,-1.0010955681439466,2.7657132689591135,-0.48494803430643313,6.674923332743899,-0.5779348718600574,-1.4666554690804505
KaNoé (BEL),0.4316553677411481,1.5143343998792813,-0.3354191191153846,-1.8821154566362248,-0.5444343635346762,3.500611198200331,1.6528725566634395,-2.128666047005504,0.03732146818578743,-2.7087146844375343,-1.9136054128019904,-2.2860680500598693,1.9493132454550066,-1.4611023151658946,1.6170650323523286,-0.10603093293949029,-0.39660626797091775,-0.7787015382593777,3.854242794225238,-0.8431552212768616
Kaaris,4.962659175965371,6.248781367455446,-4.2542909928126225,-1.379703417694455,-0.2921626634627319,3.832911788351298,-2.5608059940764276,-4.701560828082178,-2.7117215583775174,-4.580650259727167,-3.9199387117514646,2.0168771048799075,4.268269346142527,4.912599485678638,-1.8732060414054459,-0.7387755865235607,-3.135687852295121,-3.9036042696535125,5.830065144154193,-1.124228782016331
Kabal,-1.0986037663488648,-0.9539528391493196,-1.4637880354364403,-0.7663876646184923,-0.7406786350316198,-0.6982321461299261,-1.3254668888757162,-0.543140593163426,-0.5251846712272005,11.551799798747798,3.6513470232973337,1.214476473740142,-1.210727346733378,-1.2044605387552147,-1.2020872151904516,-1.1549565693621469,-1.127303162353513,-0.22679254441090413,-1.1068515202586535,-0.38904393967190165
Kacem Wapalek,-0.7409332461537127,-2.238930851720873,-2.598351497267049,2.5617744775445166,1.969595874310774,0.35603481216923144,0.7212865114103354,-1.482814554859056,7.002271612340174,-0.11786370295888224,-1.2523927750938586,2.401265708084073,-2.430609564342582,-0.7637883837826785,-0.3413812147009195,0.26907050505296487,-2.263130386650359,-0.9136040151786141,0.028079188220551686,-0.7810296211430209
Kalash,-2.8293830706659917,-1.72900276840242,3.604238874000463,-1.906084821468024,-0.5492783837469147,-0.1427420772312159,-1.0819853929413268,1.2587000917328763,-0.37784768074986047,-2.498210167669556,1.4771065927339377,2.3868093520659723,2.2113739784932394,-2.648516357402844,0.7382597635068917,0.709124996348558,3.1711422476677713,-1.0538460978472686,0.33889216318828397,1.7940174955710073
Kalash Criminel,-0.9755835224531935,0.24364912009221243,-1.014813774602528,-0.2786891157416031,2.131900073864716,-0.4781260542031422,0.7578065084253445,-2.675107068939695,-0.5834884526401202,-3.7684090700836568,-3.436797914973671,-2.892948573614945,5.389426029333093,4.629270255354146,-0.5894687810466227,-1.4721738649777567,-0.16265043085432318,-1.0069093471726023,7.749580602176444,-1.1730116138479318
Kalash l’Afro,-0.7032923046934708,-1.6366360710246486,-2.264825617789557,4.417324042934614,-2.2229329711883294,-1.720050747004167,-0.5879736275364011,0.9417599634959174,0.9850672396397715,4.788727158088727,3.88109037268481,5.4670788893564355,-1.873280997436054,-1.3269845438369805,-0.7845933718544081,-1.7869904401612124,-1.7442040919373796,-1.73260280865069,-1.7125605740104273,-0.6019428085498052
Kalif Hardcore,5.717536924933939,2.6742518484198285,-1.53264128149965,1.5196730031495342,-1.462181156972881,-1.3873788029565328,-1.163572063277597,-2.376808300056308,0.6145016264809615,-2.2714891255188934,-2.234225049104903,0.007916751995945695,-0.8370196877134852,-0.36171019759162804,0.10393912901037344,-1.6226389588517176,-0.5845075139731828,-0.5610757107226721,3.9537268746158563,-0.7070578260630741
Kamelancien,-1.724885905561663,-2.594282976699171,4.781421284061377,3.457122517342849,-2.9509028367885426,-0.8406539028239289,-1.3986972298538976,4.9129156109314716,1.86242679627926,-2.0815485909857423,0.9738149037889466,-3.0083997468018695,-1.2797012646594716,-2.6113667318507665,1.1308940799620304,-1.415154210910112,0.4979961426724816,3.4547532981784306,-0.8670342039550064,0.09640379483547047
Kamikaz,8.925236166056717,3.532711017434481,-1.2919364952578498,0.7416140082005441,-1.591181225529239,-1.2167002743813398,-0.5175178179672179,-0.6581176929404275,-0.5929815659507957,-2.8795861925425945,-0.9755768986130797,-0.7085798449411613,-1.6666599590279418,-1.636078333377974,1.3049809406685953,-1.3903039200147218,-0.11360590695257741,-2.0685391560281845,-0.8544372100810717,-1.2152611671100793
Kamini,-3.1671345749645194,-3.2410512869227595,-1.3230157564061265,-0.6194768188138061,-0.21506670047333395,-1.4909826440958207,0.978826073692215,-0.8047598998524493,4.892297173325077,-1.3820858875093047,0.6683380044395401,-1.3170741621731337,2.3708927919650447,1.5969280471283926,0.38939573750806766,3.9891856664222987,-0.5701292880605943,-0.10648603414506816,2.5963709003488904,-0.795575183881561
Karlito,1.3285296319257962,-0.04426708437926337,-2.085732577162515,-1.1066413715091352,-0.09321917614576576,2.976689207642467,-0.3001964549948287,-1.3268140843844862,0.8592077253373224,-0.09632081689387763,-0.03900888800785991,3.964246166813648,-1.7251496856265969,-1.1335443768378066,0.6224663777614117,-1.6456826286502202,0.26139015916170877,-1.5955957460462307,-0.30901881721495683,3.0535265799270093
Kayliah,-1.3800725947650962,-1.2940697956408151,4.661690617473931,-1.18726672262828,-1.1730706318155137,-1.1498765448080663,-0.1582290234581447,8.297193654314398,-1.0585837406911323,-1.0204900002792008,-1.003748728253798,-1.0027999155563028,-0.9885547390266409,-0.9834379117390522,0.03734849468672546,1.1778319986937953,-0.9204391777125494,0.1793955092084611,-0.9037404818674044,-0.3176530465202921
KeBlack,-3.8769035428670593,-3.4826699031303234,13.18004381622011,-3.2068265968395213,-0.11962440268975298,-0.8985296581741593,2.831819503813444,3.232010885696212,-3.1103194198972495,-3.476051082305181,-1.508940728716084,-3.134586665566361,1.889563239279402,-3.3300771963752522,-1.3780775825709521,4.346621041263054,5.805678707752038,-0.3720224496767764,-2.1083085141279843,-1.165165294255641
Kekra,3.5246788959647644,2.841641012095344,-5.325003428812763,0.8437720199770268,1.8013072914727069,-3.4188296071908884,2.280127841813333,-5.208901236528534,2.763866151807444,-5.478252454627381,-5.202796505114808,-4.454487064569527,13.16000204881949,4.380937715613457,-3.1812400619361356,-1.3091756046105967,-2.512571436339383,-3.074655694133361,7.309648511323809,-1.118816516312072
Kemmler,-2.521435852458152,-1.9446894721827719,4.220617018662637,-1.977684505838317,0.3008098999831241,-0.3467431545160633,-0.8577610216928172,2.064357317170074,0.8851597678887734,-2.333169729304399,-0.5518937087359026,0.32424936103237734,-1.3752605051445679,-2.248456688158587,1.3209944941018315,0.6268307414282395,4.548239251000081,3.650038117951058,-2.066242623529502,-0.726257457327278
Keny Arkana,-3.5495064017722804,-4.727179684951125,-4.200354070246605,-1.133864215067412,-4.845676573138412,-4.929715415764002,-2.335517477430906,2.5953211109174297,-2.3864493996747487,29.531342538372293,16.091652321890233,2.6905465596053135,-3.044029468507209,-3.242290574950039,-0.48817621319640225,-3.4891110496013944,-3.8585048549472774,-1.3755912510152681,-3.2830338538349455,-0.7093902421589068
Kerchak,-2.6351571998204166,1.913020828782643,-1.3732427726186691,-2.0076045090283428,6.458582061395137,0.5241400309417449,-1.2798646418000195,-2.3333549917437058,-2.3067858179890757,-2.583491097740947,-2.54110858813564,-2.538706556605169,0.6939770593091481,6.748410955859126,-2.4847835579975337,5.57121407843211,-1.901053010293468,-1.8826805521011296,4.7053076288840785,0.43933225539427384
Kery James,-5.7775321503599155,-5.730426026561927,-3.0044862199136695,-1.267834392657351,-5.213061557293378,-3.5245530893404107,-1.388447058772331,11.790561386994717,1.6419891531882147,5.604880509473883,20.149388414390444,-1.0659156747512986,-0.1315381503605194,-4.73703979620627,5.821280469139899,-2.8363266037174517,-1.8110819483811909,-1.3259937886722886,-2.7767686505756304,0.2848573976181953
Klub des Loosers,-3.2633437382257555,-2.992040441142919,2.504298012988902,-2.6480498328531707,-1.0499497550204098,0.32396645172878247,-0.954503798910874,4.90823237560066,0.5311765175508721,3.9748260010872216,3.4084867904292078,1.2387443601511827,-2.3471983842222426,-2.7014046932793794,0.6420960191374923,-2.204331108372121,5.3819326598896655,-1.3170487404893552,-1.6768391943098502,0.2734910014061512
Koba LaD,-1.7336786111798863,3.228571074548088,-2.6281100823151355,-3.4056613360667347,6.4794054134138435,4.672224779562175,-1.0267428223510975,-4.131989185658498,-2.7045980080315113,-3.9281045336030216,-3.855725923688124,-3.607465761629255,3.392579701527271,3.7010987598636826,-0.7658950769489284,5.495148642114936,-0.8333742378942783,0.5501332373166453,1.7271372318565172,-1.2974024592369446
Kobzx2z,-1.6382170376297913,-1.536127298770067,3.5152263555340695,-1.4093465666976732,-1.3924950779245393,-0.6323416491213397,2.60736605994252,3.4660373217498512,-1.2565932591846847,-1.2113740331778233,-0.3522239670951057,-1.190374994214611,0.5308886146627503,-1.1673913014323023,-1.1650910207706673,-1.1194108974285102,1.65311399296217,-0.1639720771613596,-1.0727863596610079,12.88305007949176
Kodes,-1.9379837972449756,0.8767361945430571,-2.271629646075995,-2.930146632071714,4.3584968561038115,2.44778855041925,0.6986577074626134,-2.6353196821581046,-1.847027379096309,-2.518545563875372,-2.07355156162376,-2.474886846604613,3.708491028863794,4.989150493846348,-2.009491926279216,2.828739435987508,-2.2716224629659485,-0.9270283114405115,5.39150496875289,-0.7839603242026247
Kofs,-1.7468572733177812,2.283609177560111,4.6258059147315205,-2.7270906600222125,3.4123094979749586,4.88451713843426,-1.6921937755851277,-1.6130673493434475,-2.638722085663613,-3.5816410462145036,-3.5228837560594948,-2.6671728781510726,-1.4520083710123002,0.31477269111829737,-1.1224543166253786,1.2223479740293994,8.841981984919048,-1.962509835696299,-1.2802607809320208,-1.114875393221588
Kohndo,-2.705106374605322,-3.3781260635114743,-0.5344111884560708,0.3499251096991454,-2.394328905335508,-2.301702177931448,-1.4115348006906003,4.573036562168574,-0.9851029859439835,6.705370700781172,10.231278441399374,1.6259424471246267,-2.300455224357983,-2.281566028741223,1.7907388909740332,-2.4836035808803505,0.12159745298581741,-0.5679468965989137,-2.3501497877817776,1.1380834761182872
Kool Shen,-1.3046652732162152,-0.3420125438712206,1.398976780860896,0.2549676497568918,-0.5709717756195877,-1.9968789432782703,-1.072238296405724,-0.33899992453728783,4.748660288746254,-0.43085508216226864,4.262176981007298,0.7256820510452417,-1.341337693716695,-1.681029405770143,2.673941993303771,-0.7667327290480305,-1.4296157251242105,-1.0157364383530108,-1.7546927213876424,0.22605681638783803
Kooly,4.899474796468793,4.085875055412416,-1.9405963933203212,-1.409011888378734,-1.9047010386126555,1.3466000702319427,-1.7572190793706566,-1.73378365029543,-1.7188100150821386,-0.44992620587981463,-1.01619343667238,2.6709006468657845,0.26393215542746884,0.28196488661134256,-1.5936502128676395,-0.8780709774090757,-0.15627174046128706,0.5362269699890793,-1.4673928302268222,-0.5157695294628003
Krisy,-3.68791814860967,-1.0930098779864765,8.028899766824322,0.965992023853348,-0.8319024102631929,-0.8798267366204957,5.413146451077135,1.1411666084338785,-2.3275813511071926,-3.3333091069298773,-1.7555801278945342,-2.2496952105261236,-0.3923458093161813,-2.6478826319028417,-2.382197938778971,2.353499476857642,3.410711984540883,1.5630933052234528,-1.1079215829703108,0.31153791466759256
Kroc Blanc,-1.6255270692539903,-1.3508849439024977,-0.24201244176750641,-2.1652807808949066,1.0372319235682972,-0.052616196487934655,-0.6137843415123271,-0.12457424366335139,1.669101823152721,9.180045247383243,-0.3105500093473245,1.0826150712944809,-1.1889828698716327,-1.1730764956651407,0.7256569102806023,-1.5380440182155468,0.03634592533222423,-0.952842506909426,-1.4320667396170181,-0.683977429195967
Kvra,4.00391744646138,1.1975723688117446,-1.1395574400462543,-0.24863341746844514,-1.1184789619747189,2.5520581749224673,-0.06276454249034459,-1.0181128156853103,-0.018553928539977213,0.0547512072914671,-0.9570368613880873,0.0897482670828677,-0.9425499610785193,-0.9376712576841474,0.13275379447254868,-0.8991324697789396,-0.8776043216197118,-0.8717670825048701,-0.8616827398420795,-0.3028702962019803
L.I.O. Petrodollars,0.9436318229986359,1.3366648068634015,-0.4207453458906562,2.778111408460476,0.1129277517132769,1.138094730876913,-1.5143508952466513,-0.9769416430324935,0.06548218839680417,-1.8967243042139312,-1.8656082937452685,-1.863844791797313,1.9724291051174874,-1.2807692673272266,0.3684185169362163,0.5294198562384045,0.04283490396903222,-1.1109393760025421,0.7016077761093565,-0.5904028982835418
La Boussole,3.4360656743316587,-1.8914518460938878,-1.7469084761864928,-0.582836787312233,-1.7145957811764567,-1.6806945968393223,-0.9496560884986613,1.6428765046199472,-0.9009537339198866,4.542293753066028,3.3041762023993564,1.9455630479334223,-1.4449017297340425,-0.7417332928396555,2.050724797930033,-1.378343975911065,-1.3453419497102388,-1.3363936315927933,-1.3209346270228968,-0.46429137240580615
La Brigade,3.9536039825087643,-0.9005647853652298,-1.3332300426686894,0.28767525610960437,-2.071958457403897,-1.6028111343920923,-1.408553166552192,0.8523301230305771,0.898852347312336,2.4890771593195944,3.0738827554525305,3.080798135003514,-1.1278450186884252,-0.6302751939346186,-0.6233316876245616,-1.4878814244940801,-1.4279018577916474,-0.8933289503942136,-1.9074160549509351,-0.6704319804165288
La Canaille,-1.8456559563504236,-2.4953360959985904,-2.5485884224979087,-0.44014355783116627,-2.840584264829383,-0.9887137396842287,-1.8574629925970445,-1.4254521202370354,0.16744143222337773,13.715939474648225,6.2093687227463175,4.160765897834973,-1.140532024419655,-2.381389646789446,0.1478144460486642,-2.283513264468701,-2.22883854908674,0.9476647757946546,-1.7314484669648949,3.130985419443395
La Caution,13.151586650098439,-2.29597534433261,-4.301735001069104,1.1090461558346487,-3.748474916117152,-0.5143441678983419,-3.1250705378799126,-3.8432915975980877,-1.7104166849014768,7.761832199712628,-2.5055404926417486,15.230794429004222,-3.2769951009475498,-2.692085492158999,-1.2680721303842644,-3.3941506412987263,-2.4073281710844516,-3.290848569716708,-2.3304932855305616,-0.2686571046754397
La Clinique,7.00763084429475,-1.1127618748980705,-1.570771530969118,1.0031135280528336,-1.541716854033867,-0.18781193538253402,-1.4223409427368487,-1.403371668685482,0.7650801496226793,-1.3411866175323668,1.7129925582786512,3.2346313620238534,-1.2992154615133413,-1.2924906329700205,-0.5147163096433168,-1.239368579838328,-1.2096940754623169,-1.2016479966089073,-0.3458180366541648,-0.41747789294860044
La Cliqua,1.6652313508715566,-2.3172368995766246,-1.275687702723527,8.476552654972211,-2.437668382938953,-2.3894705242315903,0.419030573447802,-1.768256847834783,2.800779201313338,1.1803468352352544,0.7907620369090322,4.634518375953542,-2.054240014881005,-1.5542762835670785,-0.5686894701313355,-1.9596137864069503,-1.3898715675907136,-1.3736488469667323,-1.8779939922822773,-0.6600905073563834
La Fouine,-1.0939432581424708,3.2917681857570216,-4.813738414997326,1.910487567722055,-1.5637269984456057,0.5224316417790493,0.4512507844223266,3.3440797670458555,2.097222400786695,-4.978037040119341,0.6034928997571555,-1.9570712450676953,4.1377092659074,0.0887257494215384,1.5021749242271236,-2.758895955380531,-1.6042835175003518,-2.5651686013545687,2.5241480773439666,1.9413982835182468
La Fève,-2.2326832848789024,2.392432169500995,-2.675919086653937,-2.8259343092970943,-0.9241686749293468,4.399263132832781,0.8913974993570776,-3.1836668147250844,-0.898044588549703,-2.92204384770885,-3.535234054927252,1.8960552399715735,2.0446607970168125,0.17398653018193974,2.842384013845101,1.283128586495489,2.2789609756110942,1.5698271214919253,-0.678082667300111,4.616133790165224
La Rumeur,-0.21419052747121012,-2.7622066875847326,-4.376013593700512,-1.0570583113446075,-3.1779820017417126,-1.251867890847398,-2.71717972202673,-4.1041439686362615,-2.3482472883601213,24.632502757001305,1.3261763193734546,15.604533861834696,-3.2731609049145667,-2.986196365084262,-0.8565298740636894,-2.2450254185307474,-2.407069541486805,-2.0914087377902577,-3.4735541731529804,-1.220909196766481
La Swija,-0.9758586902624954,-0.9150455277989891,-0.8451184162563402,-0.8395243506178058,-0.8294861985373984,-0.8130855023303936,-0.7652586650507723,-0.7550526723080112,-0.7485317414631226,0.6642227486355218,13.379561062611451,-0.7090866204279023,-0.6990137595040709,-0.6953956162306705,-0.6940253772315857,-0.6668144861735734,-0.650848784191902,-0.64651977180244,-0.6390410231221185,-0.22461462314776262
Lacraps,0.17945579133680753,-2.7511384788960385,-3.2784802909707507,0.4917186383184094,-0.5033823342749907,1.0259660063236098,-1.2638871671069691,-2.8776655725715,4.306930862545932,-0.34139316458071306,0.8208992711011389,8.624494538706431,-3.5300948400520484,-1.3893504606532587,6.852990358135621,-1.4083453418219396,-1.833674120212911,-0.08881713659608037,-2.026538642770708,-0.3987046866115124
Lacrim,-0.4234914469954711,4.5925171632632305,-2.3974800838133956,-4.366140911863474,0.7704906180806693,6.182367285870749,0.004740958481254291,-0.3146206411430909,-2.830805845403717,-4.697270016688386,-2.5082847205137386,0.26635253786429464,2.364783309587462,-1.970787834470764,1.5803067853626969,-0.4759340756424668,2.977981286492377,-2.050657408095079,2.0764625449979626,2.5337880688443466
Lady Laistee,-1.632878769660494,-2.8659061826322967,-0.4581271653095171,2.841185962391959,-2.737356701356836,-1.1305995565196894,-0.47960640816007705,9.802933999726427,-1.018457755149127,-1.5247245053828968,2.0483641178244203,-0.39835704927309956,-1.033737718326566,-1.7248957373781493,0.073673470614505,1.7912857357305327,-0.3264467986898657,0.09081952317011406,-1.403625223531154,3.523438648785253
Laeti,-1.4015812299798107,-1.2012321273188402,2.0793829288612464,-1.9607064617751455,-0.38868537867896186,0.2074590640872331,-0.6682273138010199,2.7732078675648237,-1.7481935113286855,-1.6852837695230303,-1.0543678878958103,-1.0522301845725446,0.20507785756243632,-1.6240942591675251,3.314653629030177,-1.5573431204562234,2.4271696079352876,3.7882617699046346,1.1876277091875556,-0.5245867413158913
Lala &ce,1.2476562089807246,7.178524389212385,-1.440021541794892,-0.7910335670424982,-0.7223807040740047,0.9791407642456692,-0.6020284295830659,-2.5823449980144417,-2.8990509690357684,-2.794726964423148,-2.7488791027768715,-1.6538941472666826,-0.491012793032029,1.0197227513850164,-2.687948728123673,-0.646499009041731,4.620071986860877,-2.104592956793201,3.1815812941417603,8.32622731086568
Landy,-0.4834829350527691,3.6245343085135566,-1.8327544006473186,-3.087365258917677,6.660175229697458,3.4730382963074318,-1.8184287701259123,-3.4750324703094666,-1.9936506504457334,-3.321049689598247,-2.3481721896281487,-1.7313726540228715,1.134596878782408,4.61088762890199,-1.315735396616088,2.14461993938023,0.6767917344414884,0.049153729206717886,-1.5810702380588464,-1.0337598131143362
Lapso Laps,-1.5844903200962004,-0.13962603634998735,2.271551284037509,-0.6295178716429383,0.13814467177989043,0.9521900411936299,-1.2425415270332532,-1.2259701762138722,-1.2153822172153625,-1.171645994087057,-1.1524249881990425,-0.2827791805183265,2.3893093286198996,1.5278642800927387,-1.1268808723359078,4.459008231595635,0.8357739294042992,-1.0497465774874557,-1.0376034208938123,-0.36470413174399213
Lartiste,-3.9823169177356035,-1.6946574988333887,5.03776450396106,0.2861644121524322,0.2170267404155409,-0.5777089282264624,0.41735202933007176,2.27613000857238,-1.107905760246392,-3.523307049737452,-2.976292246960869,-2.2812393662321337,2.7073650836668257,-0.9844966205111285,1.3790522882114156,1.2871079588352896,4.271897015457428,-0.18443922143694497,1.4361495699686784,-1.377976639796386
Laylow,-1.0311586921951992,1.1000759114477157,3.371485341420459,-1.5296085197705809,0.31168671857542213,-0.8082273370909191,0.15943012625373443,-3.0605296730963247,-3.3036138493758926,-2.874732300897359,-2.8084140045509773,-1.6260719811254019,0.8387295423415247,1.1782633210204079,-1.214581252179215,5.26809338251351,3.625983527092182,1.42973905601045,1.5184820603962335,1.71539957429346
Le (Vrai) Ben,-0.11824789341334456,-0.9947593648481525,-0.9187405800453694,2.3744385946137543,-0.9017465677295528,0.2474106421116511,-0.8319238775195489,1.6157329048602964,0.4151542656108525,-0.7844569032663171,-0.7715877850906626,0.5263966393927556,-0.7599080726633498,0.5668207910297886,0.5709220401490044,0.6545896700665848,-0.707547224167148,0.7199556285679702,-0.6947108345615025,-0.24418183915672137
Le 3ème Œil,0.6047537467439025,-2.144317462821575,-1.8268784867551076,3.8080355167521667,-2.8184782147017353,-2.038834799096183,-1.0619236899832984,2.5015494608519124,1.7815024409448101,4.889424039553728,4.222785872264333,2.5711627863150994,-1.9541252490028826,-1.516424262544405,-0.6619932093169637,-2.2657424631174274,-1.7593100787602323,-0.8311511012030719,-1.2502955370759632,-0.76320910907586
Le Juiice,-0.013391782131747227,6.114830583684635,-0.19378563119576073,0.5749842036693386,-0.8374394256805796,-0.3680073610888043,-0.4730778651591339,-1.6362598250500824,-0.7851915673019778,-1.4897918653331117,-1.8709822583066482,-2.302671272907427,0.37325643375551204,0.8415868990147787,-0.03524862480696858,-1.241779884991356,1.6715478588647268,-1.6231877202923997,2.261710239487393,-0.7294082636936304
Le Klub des 7,1.5076850893373714,-1.4712028872899268,-2.0036930504564103,3.012222091806755,-0.26530578503183366,-0.6058569918709815,-1.2752508252805155,-0.7706895427445425,5.331734602415945,-0.12609820607133748,-1.0450482964625383,0.9299339981985559,-0.9991755355083473,-1.9891011145845172,0.5334794387590664,2.286957392130078,-0.7873813610352051,-0.7678053435126336,-1.8279051258169523,-0.6424849210655755
Le Rat Luciano,1.1139115633748247,-1.8993147604609293,-1.8390866437356037,0.12550216503347572,-2.410143389807754,-1.6703016893321683,-1.7642980527910133,-0.9949559213862071,-0.231700333782554,6.717365606133055,3.865235984162991,6.9290628941776005,-1.0316602083089235,-2.567918496915796,1.7292238093259233,-2.0562638062507914,-1.9873443822397365,0.9634476251825647,-1.9360534045630147,-0.8294444665323079
LeDos,-1.1395574400462543,4.546579861156247,-0.9868856921389524,1.0597277694032299,0.06375347910959905,0.10372953203930173,1.3444341549079295,-0.8817115622878058,-0.8740967556214413,-0.8426418847170122,-0.8288182343051284,-0.8280347780052346,-0.8162722106147181,-0.8120471295375831,-0.8104470351165726,-0.7786715601799528,-0.7600276369772325,-0.7549724396157051,3.2739198490395056,-0.26229337051497603
Lebeey,1.0039459535314772,1.8970168017547628,-0.9047901204239609,-0.2407568168535219,-0.8639615289756887,-0.8206232435882501,-1.4035011580364345,0.059486313851414764,-1.3728236137040912,-1.3234217720172512,-1.3017108646269293,0.237412833092556,2.6181295298347904,1.8609719938077502,-1.2728577475162464,0.41243427995708115,-1.193670929920533,-1.1857314263534757,3.947372128877628,-0.41194814027948873
Leck,2.892155134870599,1.1612975996448704,-2.2486274533448265,0.7264013909695713,-0.6732228240370902,2.183540860882445,-1.8034770125485973,2.18411180202004,-0.3859171408994919,-0.8634966234183731,0.6118621909524091,0.269244801261693,-0.35209587612048326,-1.7465419241943771,-0.6703160388837048,-1.955941963231723,-0.7337035081769909,-0.7034756006656574,0.12283163594474777,1.2925513728955376
Leeroy,-0.6961616089721686,-1.1347670403634087,-1.2166218996469582,2.5146416910963953,-2.398870122976274,-1.5008965203204792,-0.8575747575459488,0.5641363045770555,-0.3169619794919521,1.2674867118232231,2.3320345684593975,-1.0753865502383508,-1.032201874951301,-1.5138357361498511,4.469830222826231,1.7014822276790122,-0.28841574440002343,1.8741197863717618,-1.3070083745059495,-0.6495844174845841
Lefa,-5.134394513549578,-3.4673845166235924,6.22154150316728,-3.550467595351873,1.534852931389598,-0.38534754023293144,11.260264789001914,-1.5616934984975788,-1.7063906227462393,-3.4164076662933107,-3.098955835875983,-3.0934750413118928,2.467837524791756,-2.0632201371809944,0.9388736369281091,6.350573418088488,0.5795692491331835,1.6251522126235993,-1.0082898860574285,-1.4076139366331475
Lemon Haze,3.2253426142405615,2.0238446843599114,-1.6628552903271079,-1.6456180285947348,0.29702366920082723,2.3367588783018127,0.14158384342172106,-1.9047146687547056,-1.8882648062644722,-1.8203145189235972,-1.7904520209836574,-1.229712934744472,0.5050606765726187,-0.6141159306085308,1.6763062526973236,-0.49314900337501755,0.18536272063656525,1.4348145084142918,0.2489112051727167,-0.5666184407298827
Les Sages Poètes de la Rue,0.29260470041617204,-2.8473537186901314,-3.3076146592561764,12.337944856683581,-3.831935552779606,-2.4157268280924846,-4.32280327198143,1.3618466854195177,3.103207931790718,3.529043815012585,1.2285503423554962,7.478717398241913,-3.695343737977548,-2.146155131973766,-1.36967244605968,-1.9083250347068619,0.947410576817791,-1.4615305891040262,-3.055779660238169,-1.268806056139744
Les Spécialistes,-0.67226934959545,-1.6782135460218195,-0.9047901204239609,-0.2407568168535219,-1.5212958616219534,-0.8206232435882501,-0.6909972928110707,3.6701599578340165,-0.644397915045846,2.4546632689241363,4.075827411965,1.7753060637020859,-1.2820065498950732,-0.4912850984440405,1.084043489616336,-0.4052590485960708,-0.3559191049712641,-1.1857314263534757,-1.1720152374211024,-0.41194814027948873
Lesram,1.4393484321420635,3.7190782898378885,-1.7798421482876865,-0.9714884624470614,3.056522571439943,0.7832810928454755,-0.1626081820889469,-2.2879239963319344,1.6998014265472852,-2.1865433899562916,-1.685702096659242,-1.2178184924343836,-2.1181176000182442,1.6894358747950209,-0.6764699102566071,0.4540261499923213,-1.4651148573844304,-1.4486021157378501,1.678581038792937,-0.6806163404065835
Less’ du Neuf,-1.3158475895481574,-1.2338471380125222,-0.2620237898930825,1.5181285545512104,-0.22440760800439088,-0.18425865706037928,-1.0318745734917154,-1.0181128156853103,-0.018553928539977213,5.193502433552655,4.267422301242384,-0.9561322039768198,-0.9425499610785193,-0.9376712576841474,-0.935823627794784,-0.8991324697789396,-0.8776043216197118,1.4224236937632413,-0.8616827398420795,-0.3028702962019803
Leto,-1.8674460587555384,4.853199407693753,-1.1346122194767172,-4.600014834351875,1.202547480347039,3.091971401729751,2.399685374460294,-2.733261466511077,-3.6595274797097295,-4.659445140989643,-4.57620594067504,-4.153132737466349,4.41143496399195,5.336479091966306,-3.183109747974118,1.732563399394221,-0.741731451233777,-3.4411591022344488,13.331489360100257,-1.51435148180232
Limsa d’Aulnay,-2.9213771173522507,0.3868115563362519,-2.034239358355514,1.3194007605455427,1.7444075269602959,2.585253109766721,-0.18490078214391892,-1.9634335225761659,0.678366884207776,-2.1964179621456914,-2.147579557281357,-1.7509038092709415,1.093554592708226,0.32190639206432614,-1.277434937915274,3.057979591571545,0.6738325909146569,2.0055094988493414,2.0828450602308957,-0.8041762466470896
Lino,1.57296825341441,0.8453283433639559,-2.5649137607999632,4.784604472197448,-2.188499634942799,-1.4931546691494013,-2.4702604276293267,0.18473240863084367,-0.41724949149086554,5.582228253243016,0.23038729106109931,7.170185876409662,-2.139911514309667,-0.7074066036361325,-0.6976450606471613,-2.343656423215122,-2.647399298041931,-2.249532143691013,-1.4452440858389342,-0.9136447829082291
Liza Monet,-2.4036785155685703,-0.0770246851677894,4.904514947257084,-1.1099771606949866,0.09411912539812894,0.19983398990597337,0.9384486308961416,0.5928490709415807,-0.6400163962040544,-2.2610454420360413,-0.8750031402359567,0.47860130271493107,1.9187601511506347,-0.8021418624512577,-0.3352875683555041,-0.17496531881086586,1.3930675194001803,-2.0258036354965125,0.4946715888156823,-0.7038069682632921
Lomepal,-4.5995428423712035,-2.6689406252490895,1.2192510050793144,-1.377485625915311,-1.900616772206103,-1.9588578094955709,2.9970853260825083,4.75529328249966,-1.116371405451411,-2.9902917123889052,0.25641231076726956,-1.9240196755097012,-2.0807305615322704,-2.0494792285599437,5.912438553164791,-1.5401189705780212,2.8482907868157477,12.518737895085348,-2.087345172522602,-1.3026944014991748
Lonepsi,-4.774954744338163,-4.66583500234076,-1.0604691655743197,-4.280751046228508,-3.993135453080427,-3.1811392760157546,-2.364423016055836,15.370609575276449,-3.2927757686905563,1.212634363363488,34.23598761713578,-1.9561922579371536,-3.5642848003318126,-3.5458358171795945,-0.4304936034078586,-3.400100077313033,-2.7160433394974843,-0.5665454128631066,-2.9515913397990703,-1.1453143475601346
Lord Esperanza,-1.217704572080172,-3.482501521491001,-1.7326722226782145,-2.5809337079304298,-4.3223713124701195,-3.8168486223772984,-1.2132200165739273,7.000815916518508,-2.039789634289602,9.255908357257754,14.949395618720477,1.1790757837229886,1.1102157666537757,-3.231787096692469,-0.35766220968483736,-2.988247687970327,-2.145630827079934,1.2061156151212924,-3.225032641035892,0.5713433783597868
Lord Kossity,-2.0942433160632152,-0.7321074833992057,2.9173644734415305,3.3832262675717915,1.38652687761978,-1.4834214975823738,-1.746737899664464,-2.1717088571468675,0.6339166467772942,1.2972393457153317,0.40783483913636104,-1.5491833663925623,-2.0105277796868384,-0.5002120064841276,0.5086040915559046,-0.8751160817206024,3.4699034780666653,-1.3217761270090012,-0.7499118242401711,3.99759911007596
Lorenzo,-1.9057508515901374,0.9564364558520582,-3.0270486389734215,-2.204681462351234,3.7371910754834525,1.509193293599041,0.8903422978100839,-3.407257181693497,1.062889028307554,-3.256277603828173,-3.2028579435314146,-2.88731381550247,2.2349638425157887,3.554009503626774,-2.1739691553739955,2.9728363586317252,1.8297010854197675,2.2239139143631323,2.317832852973689,0.9595712012383416
Lucio Bukowski,-0.150823669239142,-4.015541609955901,-5.704680041570851,-3.7087576481065954,-4.9226125710914,-2.9320016029823233,-3.8202373003379484,-3.17885565221786,-1.286469946722036,41.07518119491872,0.38098454333926396,11.367222332641957,-1.9939639549371562,-4.307444990927431,-0.7545202139748031,-4.269230768437521,-3.7176483746922275,-1.5669465325785012,-3.611790029676077,0.17869392413432436
Luidji,-3.6189320701468644,-0.8319423895072581,4.828359203456564,-2.6338427304057523,-2.5764216909840734,0.29998380240729966,0.16368242112052162,4.750312659376452,0.014712081391436498,0.5713399456497981,-0.26965400101100395,-1.2209457554975325,-0.5016587915667794,-0.47219389793011257,-0.4609984874831667,-0.2343014555967841,3.7257234832458432,0.6403286090316663,-2.117305271528596,4.042084795710806
Lujipeka,-4.012713527012974,-2.144261747463905,3.7265014800068235,-4.310582424886795,1.1412357307493262,-0.5818707283768252,1.9242562234634268,4.6351893218414375,-2.802624370958733,-1.5458664555461366,3.490165206207011,-1.4435496207821301,-3.0318841806536962,-2.7303380879680694,0.08457812017012334,1.2493833078927181,5.6353326866656115,6.018912070684416,-2.3668877181144192,-1.153295728775318
Lunatic,3.7759955659766766,-0.8031876658814049,-3.4564488518038137,1.2263036930154023,-2.508214873322047,-0.6190266413482344,-0.254275506314937,-3.088089067866497,1.1849775636246282,9.246959774066896,-2.213855255038028,5.720321937492088,0.289173223494296,-1.0860709602956575,0.6845018299409281,-1.993851945836021,-2.6619057041554774,-2.644200481298513,-1.4657768762818362,-0.918651093167353
Luni Sacks,3.6185452816437786,4.2472908479104685,1.2188167211072505,-2.2082317758461723,-1.7823477949546913,2.264820165777607,-0.6725044994153435,-1.475446850919545,-1.4478311149032577,-1.780873890946426,-2.192846930183841,-1.2778547802762608,-1.6966159807357952,-1.6830282839922024,0.18758580066970593,1.3376044054962903,2.962191790817985,0.5056980330327476,-1.9743631902892647,-0.6939630293558477
Luv Resval,2.5799226143624203,2.717258129154868,-2.1619845800912807,-1.9194801166351203,-1.6256083517785678,-0.302010037829183,-2.3135002805087783,-2.2120259736309844,-3.8011947106815898,-2.7304580846183053,0.43178502600419855,0.2225468124862603,4.564652979087124,4.412651600424198,-2.4756640663567024,-0.1285415395400989,-2.063581901134113,-0.5846062015626262,8.4689358046959,-1.4509352352096416
Lycos,-3.8876040143654027,-3.8723934183789575,27.18013379082671,-3.5527943377368976,-2.6556892850068983,-2.85966539608401,0.1581170568821776,2.750883431244923,-3.167721497030341,-3.0537292300447927,-2.0048417388533903,-2.6675479337233097,-2.2820710344303334,-2.9428540173837474,-2.937055284621666,0.013067040506257729,1.2393677971427859,6.401358866793702,-2.334593861422946,-0.950549631345745
L’Algérino,-1.5512884973955872,-0.7298325655187707,3.2869053587844745,-0.4757834491714646,-1.7986262287359318,-0.803164865630361,0.6157320579284246,5.476858116325691,-1.899253292214487,-2.354947864749586,2.300667953591878,-3.2079179107298046,-0.7008937939214971,-0.9065637701385377,1.068957321589172,0.9286664691999114,-1.7340977198296803,1.463289990913417,2.101325747500186,-1.3201810148263875
L’Animalerie,3.2427495169786247,0.3278940054440796,-2.6234582413301895,3.1496498347313495,0.53194629319147,1.834106866163588,-2.37555366560075,-2.343871719907503,2.8407062118223156,-0.4543072878216727,-2.203264313904365,5.06764149820268,-2.1699129648016595,-0.7689440394500401,1.0946948177941633,-2.069958393530438,-2.0203968745411514,-1.010425748051696,-1.9837426406621628,-0.6972597843944673
L’Armée des 12,7.791656211544278,0.8465394758526422,-2.250445627210889,2.6849415302463084,-1.75608833976943,-1.2414206876253968,-2.0377890048832255,-1.5132506367492262,-1.993247279942264,3.803118092820999,-1.3608948187754826,3.937413984791583,-1.8613870295813177,-1.311723349675429,-1.3070083745059495,-1.2124685148853567,-1.7331296682763868,-1.1407477159657649,-1.701687063605655,1.0737818460667659
L’Atelier,0.6762954324088166,-1.584905345449624,-0.7806290153156268,-0.07867649970690561,-0.7406786350316198,-0.6982321461299261,-0.5710157529508518,-1.3077895909045947,7.9592290263355725,1.950570029060683,0.3975582696891078,0.400259631283476,-1.210727346733378,-1.2044605387552147,-1.2020872151904516,-0.2891231463120425,0.6468424859804679,-1.1198050929489638,-1.1068515202586535,-0.38904393967190165
L’Entourage,-0.3833574482096424,2.0441461959025453,-2.9892239076160765,3.454434800652108,-0.1379363014586314,4.723084684794099,-2.646368235877015,-0.9025305919138379,3.597937920153218,-0.677607854924622,-2.04228933657638,1.5804276780814677,-1.622154472090946,-1.2332580289793103,-1.2250043951474021,-2.213279286106874,-0.5643158327257534,1.0536284376167955,-2.088335545159212,2.552661141845937
L’Skadrille,4.561838359049932,0.8401968557328843,-1.1473419124489586,4.099488627291086,-1.71316252674214,-0.9537290480332755,-2.440041506987097,-0.9487267702786649,0.5526904492345023,2.290301707460976,-0.6675406848202566,2.808744656907331,-2.555336211682138,-1.3619874128213474,-0.17219620748575848,-2.4376275571719734,-0.27777161740227174,-1.5172125585617509,-1.051905347123712,-0.8211081296624967
L’indis,1.8148817192445403,-1.1093175457437685,-2.1919825020240595,4.25199750900643,-0.7570205475332846,-0.21217426521300517,-1.984850372526661,-1.95837910285059,2.6942069867955145,-0.2686952873210002,-0.21125696698905408,4.685571376929716,-1.8130310499403306,-1.8036466765893457,1.533069005241336,-0.5731228428085606,-1.0957256217503137,0.11216202309909044,-1.6574798440990122,-0.582582647063452
MC Circulaire,-0.417377579862265,-0.234151869053672,-0.7138855819160556,2.1383968470916543,-0.6743596849873592,-0.6323416491213397,-1.2846734837903364,-0.4786106409520814,6.701431285571347,-1.2113740331778233,-1.1915012836086747,-0.3503035841215158,-0.3212883117561299,2.259051909853223,-0.30678898075935,-0.22608387853189404,-1.0926085691178113,-1.0853412650270569,-1.0727863596610079,-0.37707047796570703
MC Janik,-0.5028204751394724,-1.202605430711839,-1.1107032012205302,2.5219679145472753,-1.0901584421340056,-1.068603704445347,-0.011461013150113938,4.04629439587008,-0.9837634412794797,-0.9483621520674238,-0.9328041468324328,-0.9319223958584172,-0.9186840630312808,-0.9139288911658403,0.18420925845980524,1.4057857833772505,4.989952688607212,-0.8496934469719655,-0.8398644455682508,-0.295201449014739
MC Jean Gab’1,0.24542283402545306,1.0069939941617563,-2.767975404435913,1.250850729720822,0.5959742033654613,2.2185436323875254,1.4833482279002792,-1.259879777942763,1.2193976603667347,0.5984201084183306,-1.8944592995239857,1.1222203525496843,-0.9790851715247191,1.2348805242484,-0.5134022428739592,-0.8103494865986148,-1.1934723022616416,-1.6452631883053486,-1.137463107847062,0.6236368496154449
MC Solaar,6.978204224684275,-1.4514279057766721,-2.5530412048796167,3.4811782491745067,-3.5546029705822675,-2.302926173384827,-2.647577695831547,-0.10593207129727564,1.456626901414208,4.387106260360305,1.9638738519194994,6.701618663505604,-2.1535451589172387,-3.1973091130517797,-0.773246341361823,-3.3002730782581864,-0.34560033720583155,-2.0300460782875844,-2.2645379365529608,-1.205788994882763
MHD,-2.9500858817370403,0.3379537890227392,3.8446407530516566,-2.0358508206373545,-0.3158451932334521,-1.5671888377328276,3.0396462856021818,1.3181993406555437,-1.216767573699515,-2.2173924132016003,-1.777532397162039,-1.7743739302354482,7.002232748944135,-0.9119331190519947,-0.9038428929792542,-1.9883008987513024,1.9146913446317366,0.6718652771654176,0.29996391893092755,0.4249224770550685
MLC,0.44520751915583473,1.3011450771253323,-1.5499656914073383,4.3055655077864765,-1.5212958616219534,1.8617502838699413,-1.4035011580364345,-1.384783143741626,-1.3728236137040912,-0.5678047638289737,-1.3017108646269293,1.0063594483973208,-0.5019793339491005,2.6450576912250137,1.084043489616336,-1.2229523771492228,-1.193670929920533,-1.1857314263534757,-0.31878400970464726,-0.41194814027948873
MMZ,-3.7265707509935506,-1.6566708160392254,1.8558742745465433,-1.95578018321595,4.546258052761225,2.495911563861638,-1.1714622612294912,-2.9440498795933405,2.0502455466921528,-2.785708642904795,-2.075025652807764,-2.398685622826409,-0.020491357255634505,0.6784963317303434,0.3570647053909121,2.0037339907142058,2.5488646944722215,3.3216806797599014,0.8817348967701958,-0.9672901567777107
MRC,-2.929832539696497,-1.5011556924017802,6.045487307134646,-2.9004594607383827,2.8138492957482706,0.42556293220528335,1.1711084637177667,0.9193738504768529,-2.5144962120121264,-2.7606436532227963,-0.5056990503775545,-1.9755393321460908,-1.5524429049934214,-2.2845278944241247,6.760433707366479,-0.19910720924480813,2.3293217708323652,0.3566629380881977,-0.808693111685312,-0.8593194121471225
MZ,-0.4918135279249063,1.9041726738106464,-0.374709356242301,2.5747080665904463,1.261524600397863,-0.4379803628096911,-1.9316729470515683,-2.9855366854076983,1.6898738746460413,-4.168026247301825,-3.12395600123453,-1.6542329710723431,0.9158558539461678,4.447981832264964,0.7308202635081907,-1.2552843763035069,1.2946334836812914,0.5501332373166453,1.1853053352258809,-1.2974024592369446
Ma2x,-1.9931825118052404,-2.2583110605436243,12.297702925447876,-1.1066413715091352,-1.0701859019484223,-2.006676091321421,-0.3001964549948287,5.649484250471636,-1.8473589123176413,-1.7808806469295348,-0.03900888800785991,-0.6071581841486521,-1.7251496856265969,-1.7162201922586602,-1.7128384743082516,-1.0380320509788314,0.8839467614967268,-0.3421454251380078,0.32504095838239283,-0.5543436613797819
Mac Kregor,1.9092670104019407,-2.3410603444153444,1.537848522861121,2.042397620807239,-1.6509476427307617,-1.5994830727300384,-0.4255468464832478,1.174285664296042,1.2180273543229165,1.9455677083350196,2.039094677216546,2.044458551776855,-1.7883628113793986,-0.6549460881070018,-0.6492209877145747,-1.7059839137045791,-1.064585983563624,-1.0494893886453065,-1.6349280470926881,-0.5746559831910837
Mac Tyer,2.4405157795394685,-1.9927604571052786,-2.3236993335496243,1.4729661098679356,-3.9233670612125056,-0.970210723567669,0.7383561003274539,-0.7427777226606684,1.359463866283331,-1.0956269452019336,2.5994144162131563,3.846595378036674,-0.40623218744659817,-0.7098125064497167,1.8322531810102003,-1.2104303208930804,-2.133879871083278,-1.111957521979965,3.4943180238240994,-1.7969169869351036
Maes,-0.2911863829032367,6.964257520980376,-2.554912430437095,-4.674279432317569,3.9769564110055047,8.331190688610885,-0.2918636737778066,-2.3652799872619323,-3.63439251351904,-3.897769389135027,-4.285345617417455,-2.412701232607535,0.2813831968907001,0.8029975065976969,-0.13342665623000305,1.4383257362441613,0.9053444102012105,0.45149996075640714,0.029269373671073077,-1.3561691816106793
Mafia K’1 Fry,8.639662710140444,-0.15031725706390375,-2.7348315400397767,1.5906300713733883,-1.8710847007623024,0.5929523147797545,-3.6115610073767535,-1.037713484899508,0.1473682642141877,0.41186142095130507,2.0241004096630832,2.03235113734732,-1.177021429150492,-2.063024431777857,0.6936191568904309,-3.1469636444050324,-2.4204918835077627,-2.3957017099780487,1.9577672880559809,-1.0600460372375684
Mafia Trece,4.266695626801612,-0.5137298213886569,-1.8114131498205712,3.1417723529353734,-2.0949468067133785,-0.5715030307954478,-0.6594712330620027,-1.3814780850591954,-1.743911781788088,4.518705276910616,2.1771001195192885,0.10025973646596431,-1.0977017806986011,-1.9286436231249027,1.0569528199520097,-0.9274914453267552,-0.8408473921234647,-0.8170767856520347,-2.1628065120632134,-0.7601984105187898
Maj Trafyk,2.108427091114154,-2.225258976560824,-3.5123519204253055,1.9564234000018053,-3.4473836877348627,-1.6036648016146438,-3.180451035203614,-1.2260095500556678,-0.5393574860755214,15.674003352958767,3.8303678053503756,9.268826204082828,-2.905134089431437,-2.890096915671899,-2.537709841816424,-2.771312393768045,-2.7049581847864395,-2.3147997174251786,-2.655884573959616,5.4938531169583795
Makiavel,-0.7490346262481027,2.3397694778068083,-1.5913053636767225,-1.5807720863474997,3.5601914894230866,1.734872591493626,-1.4409344239629658,-1.4217171750201263,-0.6999363517896725,1.5852297368879524,-1.3364292463513898,-0.5861953992134246,0.2033272198844283,-1.3093866524806923,-0.5415823915824154,0.3373316565073869,2.038445529544243,-1.2173564802744319,0.45885671646454457,-0.4229353519414957
Manau,-3.920752949134766,-2.876590762160986,-2.2160945062510367,-1.903646284689189,-3.2542108480123435,-3.178575111710282,-2.343695411563461,1.7500748463812772,-2.565134590879518,13.1732650834861,23.407488508742162,0.6145453849490712,-2.3095999027742207,-2.965176870908329,-1.945592598954256,-2.1399001247625655,-0.6132444334439071,-0.21756568590324724,-2.7248800785204343,-0.9577599720779487
Mani Deïz,0.534966399475202,-1.4076158130887024,-2.376735480170597,-1.0903569379777527,-1.4754240222831685,-0.10004313977939017,-0.29353427544898253,-0.7106425175489586,0.7451120626423975,4.8694089696627,2.51282695812942,5.0262864319866205,-1.9658438053534835,-0.42166612169714035,-1.4394712662190008,-1.3420384334289774,-0.7377249867040819,2.0317165862541398,-1.2407551221822757,-0.6316860860691943
Manu Key,2.7907824897655926,-1.2071446289843306,-1.265007448067126,6.471431208608269,-1.156998004791784,-1.0419138801999668,-1.6332518430791494,3.1856273708214657,0.39018847684843233,-0.36108753332040266,3.4422401272509062,-0.5995719884355492,-1.8931221587763976,-2.2168635139340145,0.5492753401576659,-2.785860065344892,-2.7191575379123782,0.26071604266783527,-1.920713922175413,-0.9384092910591642
Maska,-4.110532502025661,-3.47670169885707,9.127895221664305,-4.357211251902428,-0.26864798486357916,-0.7341501731362549,3.456354034477215,5.249621689356366,-3.318989404206657,-1.4254855628608387,1.1631825016417154,-2.050746618705097,-0.4560472047116028,-3.4504832286608242,5.169732811999829,-3.002605967519732,5.209999108634093,1.21598893053092,-1.9850258276142345,-1.2778111801836218
McFly & Carlito,-2.8684032777176274,-1.6439204359576762,3.7744574633181114,-2.007511394480871,-0.11766863106855423,-1.5204236204140302,0.30897216199348304,0.38016893396933626,2.883988210449892,-1.0786034209745523,-1.882753751685887,-1.0153202146197573,1.2294721732662834,-0.9451286815215877,-2.263455388375944,3.8030936000742788,1.6462469262437944,1.685601312486659,1.27457908803004,0.6325573666778863
Melaaz,-0.5069707000963044,-0.3230003328490152,-0.09746999519481321,-0.7663876646184923,-0.7406786350316198,0.011841108745059547,-1.3254668888757162,0.9861574023189111,0.24612566491486984,5.150979952289721,3.6513470232973337,1.214476473740142,-1.210727346733378,-1.2044605387552147,-0.37020082018178097,-1.1549565693621469,-1.127303162353513,-1.1198050929489638,-1.1068515202586535,-0.38904393967190165
Meryl,-0.223386088014039,-0.584238354823685,-1.7632379425489735,-0.5559612229548808,-0.5017906661819884,2.0354212951541104,1.1598517606560839,-1.3980546506793805,-2.2569081184560584,-1.2564442260648334,-0.27084014571849707,-0.2670487398773782,3.5860586009756807,-0.1889338324709273,0.29684650872521284,0.9737792808791598,2.6238779489515394,1.6416461134208036,-1.9267811814289564,-0.6772385709684413
Mike Lucazz,5.844980783307728,-0.15096070184763777,-0.47397324157907833,2.557366881387072,-1.6400120899347344,-0.36348385592285265,-0.8520975736088594,-0.8229851653234657,-1.4799536241581124,-0.7257767981979285,-0.690681187460658,3.5910269128531076,-0.6584864713065852,0.0797595748212609,-1.372186796374251,-1.318386997913802,-1.2868205362695406,-1.2782614635957559,-1.2634749146776791,-0.44409502947699364
Miklo,0.5166386590146586,0.47040471509425136,-0.4470429171279362,-2.2211726514527728,-0.3719703793898262,0.17303827997312926,-0.5429714999766475,1.5063803144476413,-1.9804288365010003,-0.33779189586444525,-1.345315734009895,0.7890833675676661,-0.7679944447880985,-1.8398438635139227,2.5205613050358187,1.0698798419670834,2.923819820059412,2.3817670662634574,-1.6907436249268393,-0.5942744341822892
Milk Coffee and Sugar,-0.03416640076308641,-1.8914518460938878,-1.7469084761864928,2.8746885110203113,-1.7145957811764567,-1.0857025014014143,-1.5818337676156011,-0.9200146129797938,-0.2546492153593264,8.56487577558164,0.5777270996697464,2.627820240285451,-0.7528131403348399,-0.7417332928396555,-0.04046435446674506,-0.6528356721609954,-0.602036502228927,-1.3363936315927933,-0.5638948920615425,-0.46429137240580615
Millésime K,-1.0192511600738148,0.09058247849307308,0.25019367345101123,0.26358536258293874,1.4421122308980832,-0.8492401100287684,-0.7992866076766367,0.4794001149329632,3.055404566879637,-0.753681813953044,-0.7413175651455566,0.609609061602055,-0.7300960604177172,-0.7263170330180772,-0.7248858650597308,-0.6964650162689189,-0.6797893844091394,2.286519677940094,-0.6674565801945859,-0.2346023225649848
Ministère A.M.E.R.,7.084838888772457,1.0066878537792245,-2.022513819874671,-1.0136686595089723,-1.9851032324824167,-0.9180269602972833,-0.7393324029011686,-1.2535586792645355,2.116268777194363,1.7475279891192868,-1.6985719282650402,3.017328773156302,-1.6728602308536487,-1.0633125774847734,-0.4567718335861423,-1.5958018281036477,-0.2735608053840034,-0.9009180518467909,-1.5293351510579758,-0.5375414510785631
Mino (FRA),-2.0006759558375644,-3.034862681966721,-0.6623317146665197,-2.0660963881590244,-1.2971277082142685,-2.6966995338929687,1.007917442757402,6.280921729259596,0.73983055768413,0.5316180619967794,7.841415118853936,1.9003345173045743,-1.8870281527073796,-2.306366340111903,1.1736862365572889,-2.211573455637455,-1.6953625389629352,2.98570302652216,-0.2321855025712972,-0.7449624280793801
Missak Portoukalian,0.4615810385361629,-1.3627574455268379,-1.174468641129859,-0.582836787312233,2.3679991234715034,1.2942658803502176,-0.3174784093817217,-1.560737392379729,-1.547258252480447,-0.15071860653551894,0.5777270996697464,0.5810486632293652,-1.4449017297340425,-0.7417332928396555,4.141913950326811,-0.6528356721609954,0.8845743927336965,0.16017141676372718,-0.5638948920615425,-0.46429137240580615
Mister V,-2.598850525351792,0.0481577341640067,-0.17238364572489792,-0.11760974019089429,3.8535031986981707,1.62752991503692,-0.9269978519031685,-3.4956594031920907,1.0979758399898631,-3.5948331389267265,-1.8389593934638557,-3.249432828257901,0.2507897212353228,6.061390970964069,-1.7221198788814118,3.300736861058961,0.45858642088528134,0.5049338785035009,1.8422472942143595,-1.1189817621628773
Mister You,4.949379859114127,3.960877594108947,-3.5184742690291637,2.3435436556472307,2.512763283830823,2.441805051966172,-0.2777770364927476,-1.4675696763128434,-1.005880887138751,-4.436251956845024,-1.919427950945532,-1.3052272788333477,-0.15686690862210573,2.161107851850617,-1.327805967860574,-1.6398227472676443,-1.6749409283319563,-3.621663235773131,-0.1933732967909299,0.9870752992880144
Moha K,-2.2444170507913475,-2.380855984179496,11.269416297100513,-2.121522825819562,-1.6847482172418111,-2.4392565071551653,4.6735450674719115,-0.4992767983404406,-1.8002789943582986,-2.1647861980722936,-2.129272597149089,-1.6571715482902707,1.240995063705331,-2.0861868488837487,-1.1214964636778284,1.9986698203500814,2.6568192517528586,0.122764825593919,1.2125664610855746,-0.6738438700368972
Moha La Squale,-0.32895066794254596,2.4129932563013257,-0.9225376618667235,-1.9926437221035362,3.988718574385733,0.3894551200835417,0.3317242104279592,-1.6362598250500824,-0.37379835050436383,-2.3432919882381262,-1.4371145401501308,-1.4341148169800397,2.135401323204871,2.1700718957711276,-0.9226538727795295,-0.7799709600609962,1.6715478588647268,-0.6705768507844844,-0.6295678147441399,-0.7294082636936304
Moha MMZ,-1.0504977857507192,-2.268422230874008,-0.8074697255543762,-1.6041433938405443,5.521525323900424,-1.5008965203204792,-0.40572487571799426,-1.7256512165579874,0.606932140732344,-1.1284684016954905,-2.0526153923751957,-2.0506751183878995,-1.032201874951301,-1.5138357361498511,2.476923054254529,5.8499468400152494,2.899255915348346,2.4089557688719476,-0.7659131633295206,-0.6495844174845841
Mokobé,-1.3583278107509555,-0.7070814556327674,-0.7626730609338634,4.261511463002283,-1.5297136195852532,-0.1758862835526347,-1.732093675055184,-0.7706895427445425,-0.7399362297813845,-0.12609820607133748,1.4177853715941628,-1.5352299132292624,1.5015116440826257,0.021857489063150947,-0.47398501662976633,4.908398262079402,0.8240664491246201,-1.8492972470578486,-0.18668208992803442,-0.6424849210655755
Monsieur R,0.566854180907597,-1.7156230488982125,-2.3384635150754836,0.031456675424695824,-1.931207821480592,-0.12247793500878056,-2.352711346025938,-1.5663160047561224,-0.030122498923859573,9.130333640944054,4.214928905116617,6.207314421500162,-0.8750628737365828,-2.0674330900296005,2.396916197777729,-2.3703696817500624,-1.8813913755069567,-2.298226714504341,-2.2716415105337777,-0.7984524995447465
Moona,-2.1420446842449845,-0.017078780249426818,0.301193432047124,-1.8427859386871324,0.37614283113989927,-1.2244496995868164,1.296827692677769,4.376296927307272,-1.034431155065583,-1.5839276779661846,-1.557943137092056,-0.27151192915053496,-1.534360171979566,1.7492240271090913,1.758698967705439,0.5859444530692166,4.171109264443029,-1.4191339938263372,-0.6898161423572662,-0.4930371217432918
Morsay,0.5099534591701544,-0.26799128748112666,-1.1495958722088846,2.943088537527273,-1.1067241384837072,1.9458290394252442,-0.9259030419445845,0.3989046064757725,-0.8774177625766881,-1.4756261024517507,-1.4514182630991626,-0.07077996191724004,1.3688355916384316,0.6875832669894668,-1.4192468014794601,-1.3636019052548967,-0.5796114364587508,-1.3221002406208926,4.049762725435407,-0.4593255465020351
Moubarak,-1.3117272788787493,2.557012483412443,0.120745318838931,-2.5689495013095707,0.6135665896878116,1.5311710689099054,-0.6335324518960934,-2.310465663788959,-1.4173441932930273,-2.2080862095848546,-2.1718622663053795,-2.1698092719280857,1.601103222211623,1.6316344470508346,-1.1819788341391881,3.3504947703141252,2.5273759650337406,1.0544693870337292,2.135620153817009,-0.6873220820478547
Mo’vez Lang,4.069130629840997,-0.6817977453752654,-2.403899053335692,1.7996404862832007,-1.087942547874798,-0.15088532323941128,-2.176741797494195,-0.750875576939181,-0.7201583850140046,1.845059008945471,-1.028219005465913,4.924165398419745,-1.9883113211893093,-1.4724635435229714,2.078312126912979,0.21217951952586472,-0.7709912782556275,-1.2952193107064498,-1.2675825195696435,-0.6389055900331168
Mysa,-1.506018106869032,-3.7247818517875237,-4.069033949296301,-1.568138318679068,-2.4914283551809158,-0.3386341755963582,-3.684529207071583,-1.434800636316769,3.0552867009413336,8.902287023236195,3.0205162570310122,11.231181088090532,-3.3655765438586087,-3.0494842302351457,8.329641195235268,-2.2761243254092878,-0.899874700069313,-0.5428233906917849,-2.7518122162418304,-0.15679016912247534
Mystik,-2.126042078205336,-2.4531063200051073,-2.3527153119448765,5.9287105115123175,-2.464413993012479,-3.286848405443817,-3.229905103910815,0.141311521105973,5.087482069859492,5.563027119548759,7.674924888883183,2.812076622864676,-2.538874612484368,-1.6854692921724,-0.013540119977675982,-1.16568602268916,-3.092403754332515,-0.6905272688872586,-1.2215984359381786,0.5416298722133882
Médine,3.562765688452119,-5.312476896872142,-2.535068535559674,-0.9419033577351756,-3.9119432121964124,-2.8804374777209723,-3.3033499854987,-1.122934405213766,3.5393692049238803,13.360416171559667,1.6738046115306036,11.758106511270043,-1.418813593255661,-4.0460376867706795,1.5228158691907665,-2.9537957126813796,-1.9220182872513707,-0.7692622887644552,-2.9084423970436823,-0.9362923802806578
Ménélik,-1.7653947949780109,-1.6553796446879023,-0.22072681060520932,-0.2018900714494329,-1.50059699425398,1.2484465123828645,-0.6620730453638001,-1.3659416788109249,-0.6156714467331019,4.822903238296122,4.167715034891936,1.0558738675133106,-0.47377675083427645,-1.2580180036694815,-0.45906856289432363,2.109576766173934,0.5211853845009353,-1.1695982742507343,-1.1560687088296937,-0.40634314250231357
Nahir,-0.3534354023443901,2.7920074713674863,-1.3872172975494,-3.392880811301277,4.435359646049026,1.7704708831518443,0.9353020194054726,-2.0884788792860656,-1.4713271274638666,-3.3564941267301154,-2.0898343614206336,-2.3887528551230295,-1.4061286164272075,2.6393140543306766,0.17916388176057343,4.636057824202534,-0.38490014463008015,1.6480882078779255,-0.6175677698696489,-1.0447927810410809
Nakk Mendosa,-1.3680285013247504,-0.17487742470169415,-1.014813774602528,0.1774868638979895,4.6712306144081195,4.231967066075989,-2.745317368391663,-2.675107068939695,7.34676719147888,-3.237681125534495,-2.08784835958437,-1.2726775149171397,-2.2807975248793704,-1.4286903865474958,3.825019283801549,-0.6106804863871418,0.13155834110426082,-0.11837308016713542,-2.13870306311532,-0.32050513554722987
Naps,4.659785894677411,7.068985580625115,-2.2090807218518966,-5.099000293182595,2.952977256630456,4.141969862081115,-1.1071752803005643,-5.901328373294328,-2.5016788874158493,-6.200805220287804,-6.0938767647710375,-4.967431878423305,1.1471293526006168,10.846163061511284,-3.6622420652020446,3.6558595724104115,0.3684421647757607,-3.0634250509978598,4.314815406830156,-1.9791131299390126
Nassi,-0.930444753550606,-0.8724616782076139,1.6762511854979345,-0.800455061069099,-0.790884058595204,-0.775246608324127,-0.7296455082157052,7.614408835067149,-0.7136970123415723,-0.6880142177937112,-0.6767272544960639,-0.6760875651058711,-0.6664834690482272,-0.6630337047944738,-0.6617272331705076,-0.635782666526375,0.9908878429982133,1.0058054395142315,-0.6093017085327075,-0.21416164014766428
Naza,-1.403439439451275,2.2110149646241255,5.059345760094381,-1.9153503401585277,0.8399889732468616,-0.826145971704626,2.5862241110909223,-1.3031031340903192,-2.597474165302197,-4.252350896172183,-4.182590523141276,-4.178636849393353,9.718099965843747,1.026550048737371,-3.356363524254504,4.72291132236994,2.4219850372835996,-3.54745942506536,-1.1104226795658791,-1.323650616118233
Neg’ Marrons,-2.839870267369939,-3.1897443127978113,-2.6830160750972727,13.11594759878435,-4.161397917631761,-3.3727399423384075,-2.0737514109943613,10.77175486332981,0.8360831837864255,-1.461268830762842,7.161103006810678,-1.8865285552827422,-0.7249222950584959,-0.6903036228142492,-2.0386446574489008,-1.5445770022024823,-1.4114288666398838,-1.6672192394169671,-3.3814872498980377,3.8596238727731556
Nekfeu,-1.1436673270741429,-2.419625036314916,1.2389570553459066,-0.3286446827924473,-1.3138315013296935,-0.3682678668931932,0.2500664950009638,1.812962366214534,-0.3463079413083557,-1.068158437340564,2.3197504537160643,1.2461461173540709,-3.224624507297397,-1.4248236537288304,3.244064062803528,-0.8756190964326154,0.9672569998614131,1.506007388158179,0.41804813795538603,2.648110406380333
Nemir,-2.4935950120531913,-1.8993147604609293,5.530802975610989,-0.19706296358325753,0.20160620275596566,-1.3372478107961439,-1.4104291029872906,1.874261446469913,1.577182744437152,-1.538823622067897,0.8129115742721706,-1.0908696765518293,-0.25685062425462857,-1.010236660539934,-1.7824799425470854,2.4109668000215017,-1.1551963112974126,3.4766077040905277,-0.6647675074734538,-0.8294444665323079
Ness & Cité,5.357805167637677,-0.13962603634998735,-1.372208869244737,-1.3631258504203827,-1.3468270205175068,-1.3201974022745162,-1.2425415270332532,-0.4102896487953854,-0.39259578364102227,3.949354743203139,0.5830458843780231,1.4543337312873057,-1.1349804501762228,-1.1291057133418057,-0.23947562438955264,-1.0826988673914022,-1.0567755441753524,-1.0497465774874557,0.8899152818600721,-0.36470413174399213
Nessbeal,4.449587687562423,-2.289507818987635,-2.793285916334063,-1.4243011948750923,-3.347580355641486,-2.3231476521619245,-0.7238466486990163,1.344529437865997,0.18638375471696844,4.348968879349397,5.596593528098178,4.561599681933011,-0.8421175854650652,-1.8755712776807059,2.416502201474301,-2.7554621248510234,-2.934302831313783,0.8267292392727177,-1.9884193389626603,-1.2095867649005305
Niaks,2.4315520142989357,5.529006611278234,-1.94736849824095,-2.2610326925683384,3.976670907989753,5.22616318152243,-2.680888782596415,-2.2670821043258034,-2.2409442304764204,-2.1323444004540835,-1.6820965953282097,-1.6789851721305724,-2.0404561255846305,0.8477402597679207,-0.3748628974275498,3.229018838600754,-0.9643412837618338,-1.3818828774737328,-2.238717428245877,-0.7868801120532646
Nick Conrad,-0.4557370759962366,-1.6252397308291884,-1.9405963933203212,-1.409011888378734,-0.854667485104631,-1.3314342144056177,-1.7572190793706566,-0.0034639536083539675,0.6083814515520912,3.7746838666295304,1.4381330084757762,2.0567384870419656,4.002005957679778,0.9082187198792042,-0.3386696758761379,-0.8780709774090757,-0.15627174046128706,0.5362269699890793,-1.4673928302268222,1.4230809502575428
Ninho,-0.7544331377394738,3.6509314079406168,-0.7374107423703533,-3.5401371933989982,3.238837869910684,0.7417370928524798,0.7398343893973853,-3.809447325689743,-3.370841492704117,-4.685441615013111,-3.9950542244123817,-1.785486855955726,3.4126457795885057,7.567448519309929,-1.4052035106452234,3.1894499361884914,0.43925774340956475,-2.5730651670884876,3.282919549870153,2.2139665674714823
Niro,-3.9108922361532614,4.578140605967064,-1.6600133825925212,-1.7286503456552074,2.306323049605172,3.3834003476773225,2.2790043968039564,-2.4598391910649657,2.1044682781915136,-4.4325018012326485,-3.789223819399272,-2.5558319607539692,-1.1854622686627625,0.8315531830884723,3.539805449988696,1.1509985273468442,-0.468943858473946,1.1348051068331473,0.8804786257930736,0.40357453008875155
Niska,-0.36362259313936807,5.350786207354919,-0.6028330734393524,-1.3105725459200783,4.8607002055551884,1.1727185256037251,-2.8095290115893996,-4.224761625265824,-0.9300281315414711,-4.448212784313158,-4.375239271371479,-4.14232831004123,4.7417922083568635,5.511025244808118,-2.8758203642665987,1.9714341879735091,-0.7719040577090044,-2.9817560758924144,5.707037552099646,-1.3846175295397765
Noyau Dur,0.3729506634084628,-1.2748874005653463,-2.2933151102546563,10.890531190060782,-1.8066278637924915,-1.7531616059096236,0.8127203545004292,-1.072784947088501,4.368885704237658,-0.42604318366285227,0.15084417257322835,2.2334385317759486,-1.8968452067256119,-1.357092883218219,-1.352328331996394,-1.8094691909669647,-1.7661446285266837,-1.7543974114117258,-1.7341030632805823,-0.609514713856011
Nusky,-1.5353733618246042,-1.16113927598761,5.226789357516874,-3.1817459385029365,1.627742732099447,2.110657489489433,2.2716246032040264,3.4285762915997355,-1.426894526953154,-2.734802426297633,0.28410901143083284,-2.3152873469555675,-1.8942800300391631,0.3999623972272957,-1.4897653728340263,0.6383899954564964,0.37114877243585337,0.4065571778000697,-1.5961374611265444,0.32343189816160317
Nysay,5.1126036739012655,1.8335497525810296,-3.1621435650897864,5.135846163152009,-1.814849358765406,-1.0700871010253687,-2.863335737106996,-1.4092935861828086,2.1979129667430537,-0.8480853597084315,-1.1494579995785266,3.377387355283219,-2.6154699969535518,0.0883762922363132,0.4839034014117361,-1.6933853619214772,-1.6139833107101909,-2.4190554801287028,0.11826156741786979,-0.8404309646516838
Népal,2.914128106599513,0.5659331198714188,-1.4549657792575992,0.5379591931270389,-1.0364998193979904,1.4263974862126494,0.4401818593823844,-1.2966612837826625,-0.16013964623174115,-1.4877363401505712,-1.4255757556841049,0.513454875187004,0.987452870585339,0.22958435224223223,0.6355297746880804,-1.6060472402484043,-1.5276859708917692,1.4656465041100386,-1.469083160340846,1.6257496321115081
OBOY,1.1163383914719311,5.576418463271503,-1.817394513061023,-2.9973635870951365,1.0323967109268992,-1.006476147987566,-1.678797506528478,-2.63138837374031,-2.9426481668439175,-2.1317244403768423,-2.7902179503082314,-1.7113783172437118,-0.9284645565270093,8.971740446153847,-1.9953332138297095,0.43040635015641265,1.7405342292021582,2.179789705452475,1.8663903007295453,-0.8830110641903305
OFX,-1.929411306536879,-1.2564369288885517,-1.0724462236907297,1.352445217252829,-1.0302604874312333,-0.36348385592285265,1.1306850928419128,2.526321163578859,-0.1285599269087084,-0.024856948526711317,2.8723703883520115,2.164457790760535,-1.3820495370074852,0.0797595748212609,-0.643423043079725,-1.318386997913802,0.26739774320956095,-0.4959489020281139,-0.47200688605246155,1.8076752744389117
OGB,-0.8368488435752335,-1.0086682350629872,-1.1937938239944486,1.6596909631367047,-1.1366800533626988,-1.5635687739826416,-1.412449459241691,6.495493646971507,2.3484291008797897,-0.17224767732995505,3.2362115780636587,-0.11161968035133776,-1.196246965012361,-1.7542222939110077,-0.6084083790338042,-0.49314900337501755,-1.0327773240562768,-1.0177785958987424,-0.9917367945226965,2.963093717598005
Octobre Rouge,2.002078876311356,0.5810682029104515,-3.2673724031375144,-0.6892734158051235,1.396690257583754,3.6140199793888543,-0.1021303132210315,-1.9094205880548785,-0.2804669504121026,0.5995095972631238,0.7097656654174918,3.73838279363387,-2.9355551712448618,-1.5506666399271651,0.8594887359148624,-1.0148296909408525,-0.17226047533389932,-1.241862619477334,-1.1932136599065344,-0.9432841773232022
Odezenne,-0.03452173372063201,-2.6517925547504495,-2.0199559602184283,-2.3272553345373215,-1.9454355557012983,-1.1769896164589142,0.2002297915812499,1.0187293476466583,-2.670409698389745,9.467731994867144,8.131082222099806,3.004591222964147,-2.092750738634704,-0.46540260755718216,-0.45653507880145855,-1.9585151853608336,0.26214247348503694,-1.4393562938265754,-1.4025276251319092,0.44662221785900896
OldPee,-0.01806718468240594,0.7219808633595832,-2.457325556470121,-1.2120854900332763,6.709672349251787,-0.24929016660290088,0.9207783645363884,-2.1954440850922214,-2.176483369402386,-2.0981613724812775,-2.0637407605422147,-1.0917590605533831,0.9195260537779978,0.45084134161465494,-1.026915015749221,3.734511994384489,-0.3072098941688524,-0.8159607173264559,2.4473053962274407,-0.653105226024
Ol’ Kainry,3.280319269709792,-0.36831568833933825,-2.6881122988215913,10.93263032081452,-2.344781876342539,-2.847653387992491,-4.34369916318474,0.3968025730731271,2.9340981079000956,0.707649201317965,1.6813198106391725,1.0979102628752144,-1.1543634689459021,-0.5024840097766051,-1.4963820534539167,-2.216023206474345,-2.0403751970223456,-2.426948494495645,-1.2487546369483837,0.9042553668755192
OrelSan,-5.141116261773733,-3.195511320948516,4.486186658915367,0.43280495015103726,1.21066022267376,-2.4128810468677053,7.307850389984353,0.00012593339799989674,-1.1516075470891651,-2.6714216150853622,-2.069580366228396,-3.0972549906200686,-0.1492694793842256,-1.9538540118913064,-0.09566743511701199,5.970983059117381,-1.303058685565397,6.383537959519415,-0.9104193816011693,2.0346984516139446
Orties,-0.6030530267290284,1.1754776331026249,-0.10178247790351325,-0.07876858059756746,-1.1794952578037035,-0.5506357226097445,0.24228587973940208,2.7989754448878474,-0.9468584620554621,-0.209773300922893,1.1722279837551624,1.8443589913171572,1.235944705654685,0.576343943680705,-1.4647956727392142,-1.4073649262936037,-0.6456901286046692,-1.3645313199724218,-0.6073178353127536,-0.474066999624119
Oxmo Puccino,-0.5726175566933374,-0.5069910947298661,-2.392308815135389,0.5553240609316245,-4.4485689306265375,-2.553624303751597,-2.020801610274938,3.0017402141999296,0.6456640908164486,12.90050262630754,9.268880094456117,3.8625550723686515,-2.6648594971033446,-4.061842877840127,-0.355781841017854,-2.544228486698759,-0.19089671506282663,-2.775408025939039,-4.0398593094479605,-1.5766719014817192
PLK,-1.8400654034011716,0.9785936772922789,-0.03107644643944851,-1.877180613731401,4.074778681709093,4.382791880365963,3.9869592689388487,-3.203095281310114,1.5624901892359981,-4.1049164595506475,-4.8375349723360745,-4.419137320306302,2.1621962679389672,0.7459922162120479,0.5547592206490166,4.03630400293454,-0.6037694594280322,-0.5486036620662575,-1.1412574391340873,-1.530918723991804
PNL,-0.17741602338333679,-0.15299894625125113,-2.551982081616137,-2.520526977977993,2.2836005681910354,1.3331184837244054,0.6314779941311779,-1.1120166584702937,-1.3746206958164064,-1.1890253965436435,-2.73764358526567,-1.4277257682953126,2.947309301427513,-0.6702438900696641,3.345485248004127,0.5952481343156493,0.39347878412836396,2.2250771887196334,1.5910955292164244,-0.9696580676816554
PRIME,-0.5862326170038976,2.588396897228019,-1.6727285419032005,-2.649227384587205,1.1210575353621701,1.6074289584171146,4.264167634552989,-2.6840358145078023,-1.1575794690098609,-2.175255138103372,-2.5230221761374096,-1.7271870899854929,2.3444725274169356,1.1688535532667808,-1.656429001194414,1.0046312986671169,0.7119524232828724,-0.9928724685503199,3.0108821377278554,0.4539701560463044
PSO Thug,7.2614840630545485,7.596082951187596,-0.9886553525768456,-2.252311323582901,-1.6580109675773624,0.35038369303976397,-1.7618558321062237,-2.5648285348033717,-2.820977358793421,-1.7632561018268793,-3.2313283518196343,-0.7501693835134846,-1.2970542692506184,3.4671531824546302,-2.2102482763136755,-2.3770201716782946,-0.600768983286888,-1.2447227775028566,3.621234705604486,-1.0226078168608033
Panama Bende,4.938521275507283,2.007993563955266,-2.045425631497639,1.9782151228107636,-0.8763592021738061,1.092019820282793,0.2864193704115589,-1.6642489975718924,1.2193976603667347,-1.9402883715019525,-0.17375866037449697,0.2610560008886312,-2.2894459007261556,-0.9604170355047154,-0.5134022428739592,-1.7261066160630867,-0.7243617080872323,-0.7007597927843723,-0.6596846103465346,-0.7356693936726635
Patee Gee,1.2496488481726575,0.025741391680567053,0.4156929932176726,-0.8935972725188707,-0.8506270825949731,0.6060298301402081,-1.54706106515071,-1.5132506367492262,0.013528316919548478,0.16016712753901452,-1.8899963653686447,1.8190053320931185,-0.7869194588084966,-0.7716943369953551,0.8573724701997657,1.6034106826870616,-1.1561387954808058,1.182669598874854,1.8242256192348518,-0.5981209108062965
Pihpoh,-0.9146429995351524,-1.4599076217399403,0.13496004964260255,0.15376889242759412,-1.323402154967288,-0.5263657582301959,-0.40188299459027405,4.606181973301159,-1.1942435226413421,1.4545544902505456,5.049282160544456,-0.24738055033385406,-0.21857229588949748,-1.1094675941737817,0.6989440608948029,-1.0638678853763217,-1.0383954369583066,-1.0314887224951488,-1.0195567673447388,-0.3583609673081953
Piloophaz,-0.5917414921152857,-1.6322263415479363,-1.5074927955427686,0.5058054769965943,-1.479608590046732,-0.7608665664531513,-1.3650417528624323,-0.6043561255649078,-1.335204849166787,10.366435655015971,3.4731431246923714,4.269435239034741,-1.246876397663761,-1.24042247971294,-1.2379782951119271,-1.1894404554007136,-1.1609613922929525,-1.1532394507726236,-1.1398991193623529,-0.4006597417230508
Pink Tee,3.951124971273068,-1.325210309430273,-0.5940621269248425,6.28942931879944,-1.5204250685191663,-1.4705536307584768,-1.8602383423464333,-0.20093370375945285,0.9283131591109463,-1.7540989612364806,1.172685784604202,0.016758463795056713,0.6548343960296147,0.08430553208649141,-1.0943399316321265,-1.6209341116806755,-1.5821236906554375,-1.5716004581880605,-0.909680013521,1.2854705161460642
Pit Baccardi,3.779239382510206,-1.65448940688825,-2.20004126172221,3.8955183942412672,-2.4470555939624057,-1.3835313348462335,-2.153259109145734,1.0903433145493229,1.148693330027426,2.8825759145626795,5.28637705903031,1.8931355798172862,-2.2233764779793437,-2.20788684333483,-1.0429803327292868,-2.4868775335704476,-1.60338425002611,-1.1669889735862424,-1.5441229602734121,2.743545680497748
Plune,-1.7156553541528914,-0.9871353009918267,-0.1397259483995988,-1.475966204399633,0.5988461302748437,-0.7299310447257286,2.3709674803651213,-1.3274567033830298,-1.315992266955233,-1.2686355337343322,-0.44642794905571315,1.1598172387205685,0.3984908494703882,1.2312659655515739,-1.2201647290617295,-1.1723253119455872,0.6036045151081975,6.781392802079218,0.6566594846944911,-0.39489455278150903
Prince Waly,1.2496488481726575,2.4881356441967926,0.8600494299557663,-1.7882319732101655,0.9602954317539408,-0.7795580581839956,0.4158506937793525,0.9735547334901117,-1.993247279942264,-0.8806760053986953,-0.30269172558915813,-1.3586076469545778,-0.7869194588084966,-0.7716943369953551,-0.7659131633295206,0.47705900365809417,1.151824695701518,1.182669598874854,-1.114034949798904,-0.5981209108062965
Princess Aniès,-1.651289692537686,-2.573392237156116,1.8307163306237597,-1.5139057020121656,-2.3327728285858,-0.5373643071842404,-0.7581869704323062,2.5858910870687466,-1.630067781959788,2.898334866818328,11.02961084969473,1.014596002910715,-1.9658438053534835,-1.4443343490160074,2.1469343453499445,-1.3420384334289774,-1.830388934762592,-0.7182341234522541,-1.7971818431509998,-0.6316860860691943
Prodige Namor,0.8243744555982752,-0.9947593648481525,-0.9187405800453694,-0.9126591895436519,-0.9017465677295528,-0.8839171312195963,0.3701091772800033,0.3974520555957607,0.4151542656108525,3.039844963440582,1.8204698372692596,1.8236517057537975,-0.7599080726633498,-0.7559747362389374,-0.754485129399741,-0.7249037720980656,0.7057860003075098,-0.702841091538752,-0.6947108345615025,-0.24418183915672137
Psy 4 de la Rime,2.744661113245896,-4.472463618696728,-2.9675138019587375,3.5309319380989943,-3.2843733103048836,-3.16723500019819,-0.4583150518558358,2.7598579421054628,0.44276945803644874,4.268272155132676,4.471599911711823,1.4257832555612122,-1.8013588318721017,-1.2509618477300746,2.406219347682401,-2.065174406004054,-0.5489839087684335,-1.6223654507751024,0.7036620600828608,-1.243244753297539
Psykick Lyrikah,-2.0596272608164456,-1.931276252145235,-1.783689530186992,-1.7718828104213218,-1.7506964933066234,-1.7160815215509155,0.24228587973940208,-0.33857746238257386,-1.5798356829030997,20.801604183400908,4.5100125076668185,-1.4965836225466482,-0.7975068608328939,-1.4676876709600304,-1.4647956727392142,-1.4073649262936037,-1.3736680443952631,-1.3645313199724218,-1.348746826981363,-0.474066999624119
Puzzle (Fra),-2.513923290063142,-1.933040602126218,1.9567775160739984,-1.2379449995221667,2.542932295298968,-0.6623473028082385,-1.4641382308068578,0.625457738304303,1.1832408215699766,0.2928842073535047,-0.7345735930893487,-1.2792491521575982,-0.6900841530947901,-1.7914184225335084,2.127344371257458,4.685785877022775,-1.0802371095315182,3.137828668717553,-1.6462425630454336,-0.5786328886594546
R.E.D.K.,-1.9375218544422876,-2.09534684879194,-2.553049312888697,4.2293265707216605,0.2016478568047415,-0.5694690414929137,-1.171352318236628,-2.7363135102207967,6.514552404842701,2.8807133934997866,0.9415969297419978,0.25260854599467086,1.396573821561682,-2.1118024018728776,0.3816057751009651,-0.11696443754919839,0.011282239714040385,-2.241248502215536,-0.27759968022748843,-0.9111313124431359
RK,-3.775160059866177,0.16650916608444136,1.6710326866673035,-3.9553690116967646,7.685836851177078,0.6378238597730483,1.1135057005261109,-4.063478247764507,-3.3944056063399293,-4.666339458640943,-3.718287516162604,-3.9312055037019173,3.0012958577982394,4.620451484493375,-1.5914731185030069,4.73225481119256,4.106983137218001,2.277171858437413,1.1911877207234796,-0.7640538257924633
RR (FRA),-0.038138712940253644,2.1832152023526397,-0.882697397446522,-0.876854586444846,-0.8663700785392041,3.8608530099368834,-0.7992866076766367,-0.7886267959165492,0.49725758510665563,-0.753681813953044,0.6076319901259214,0.609609061602055,-0.7300960604177172,-0.7263170330180772,-0.7248858650597308,-0.6964650162689189,-0.6797893844091394,0.8056258997535369,-0.6674565801945859,-0.2346023225649848
Raggasonic,-1.9257809286687833,-1.6439204359576762,0.8719333728295133,0.5491202155557513,-0.4873216413925493,1.8735596997727773,-2.0950939477600032,3.628917865555734,0.016568736765846748,-0.22875856164497343,1.573323078385349,-1.0153202146197573,-0.963775571378587,-2.2679242088931852,2.5963709003488904,-1.2550490216239125,2.117358001110505,0.7370701656635036,-1.1245006204745842,-0.7325455180162053
Retro X,1.3260448037684243,1.8796490548467721,-2.0680452621275913,-0.012235994758235811,0.5473633986141301,-0.6482319959135415,1.3072732640589695,-3.531096602578682,-2.490202571735079,-3.5893972864021952,-3.7860455652876825,-2.9893335184613234,9.680637176915916,3.5693012809842055,-3.1618956912642213,-1.0267356731978152,-0.015399246807850724,-3.158754778251404,8.912141160766542,-1.1981573422952798
Ridsa,-4.564575668996027,-3.3694732811613504,17.782377566505705,-4.273260662456404,-2.327403190633956,-2.447325598982702,2.7795703930189712,7.605228214742058,-3.547639082371174,-3.12847543936715,-1.121547450757698,-3.3322594141890205,0.938799535984994,-2.127054903397751,-2.1172913535226896,2.4983397380244674,4.535263942444462,0.35562733024310367,-3.252781010972761,-1.1433102964226391
Rimkus,1.949751974117255,3.207529255104768,-1.9720080991833597,-1.9533980842014056,1.4899448829943893,2.0485397964895133,1.5315622719855226,-1.1991115207166367,-1.1725091029942285,-2.040980000631896,-2.0074974565823163,-1.0083919291672816,1.5634127222118797,1.0836472079414516,-1.453575904457652,-0.8256111356677205,-1.8408783555065815,-0.18806525103577196,1.512056071384513,-0.6353060932766907
Rim’K,7.41581106911092,2.3182508328502194,-1.4266188019194546,0.1399418648367794,-0.8728800077434746,0.6789844300633555,-2.5752313620541925,0.4484589695863238,-2.6295829792639984,-1.7236624801102378,-0.2661385091729946,0.6330278069637854,-0.8109471419137912,2.183261078785102,0.1568734684370182,-1.8536022359516104,-2.6650483016673725,-2.1393209964299467,-0.09195252538041909,-0.719065506669999
Riski,2.7113208935426196,-0.08601333749761703,0.33487250809345115,-0.8458762161812302,-1.6172122396980664,-1.133962255966929,-0.47028578243917674,-1.317588257237106,0.5278059604568397,-0.7059097788449283,0.7907620369090322,-0.1643103404346063,0.8665481872733449,0.40304709154737456,-1.0589864172073815,0.5919093935955461,-0.3442261522211914,-0.32100192575881203,0.784421340464267,2.369797026628691
Rocca,1.3937485464319568,-1.9474226718877532,-2.075788106347089,5.141006929423051,-2.5657753573658226,-2.776901247318769,-2.8568188688347087,0.7043874161637518,1.731707692770289,7.707387781859294,5.555570583528365,2.844592139517483,-2.552351294367232,-2.535558045377629,-0.7911520232471541,-2.4022166330794907,-1.5858258483684204,-1.9335859969512772,-1.1388175271043623,-0.9310491045497771
Rochdi,-2.298224649481712,-1.105840609457457,-2.85717425959065,2.87768180743569,-2.4713938303616954,-1.4139589124699927,-2.8726172387162894,0.3410742307901051,0.39321514516852907,10.212542840620236,7.845136472302291,2.9736109310709433,-2.623948041868525,-1.8441903122509942,-0.6860010157459963,-2.1035708733933274,-1.2152225741537768,-0.7787015382593777,-0.7313389536612153,-0.8431552212768616
Rockin’ Squat,0.8778039713067491,-3.799527731140145,-1.8410854374886791,5.194735413356342,-3.771423080092555,-2.382978303609558,-1.0585577744245644,-0.9536830188967801,3.7209456539790673,7.284432661814432,4.629195808852063,3.911874812902411,-0.6007329779061767,-3.5371772393611955,0.44677605811408916,-2.5744283089100835,-1.9202761987791084,-1.882752176537888,-1.8175297674771842,1.0002248375570002
Rocé (FRA),-0.9920968381990047,-2.2077467900446477,-1.5449426050032538,-0.13583671016497098,-0.7664640903406782,-0.31119746865375475,-2.2622106488125704,-2.2218718709172234,-1.421776402145592,13.171241472273888,0.8168428280166236,9.812753412861273,-1.997716939703268,-2.3997790291180268,1.7802270917800467,-1.8665809093636898,-2.246049913167035,-1.7829034291814323,-2.205301860218569,-0.7751349737050078
Rohff,5.669748732025926,-0.5860296774286098,-5.822832982031738,10.12879842420956,-2.113582740255788,-1.5791099064943357,-3.8369641436014796,0.43124054520026966,7.930160316226468,-2.615906327163192,-0.44434490259430687,4.091768092163693,-1.812374753906091,-2.1818114335273098,1.0183922618457042,-4.398341509547145,-1.8738016930478247,-4.590162799281604,-1.5137884870435592,2.667409592434129
Roméo Elvis,0.7636171875437353,-2.4505526014893495,2.0684962821884345,0.2501664339534503,-1.5565082454569654,0.04187866951620944,1.3191898886323246,-2.234390278333842,-0.06942244377844539,-0.3444953546638088,0.04946411290076981,1.1743772073025058,-1.5418401092508272,-0.9432052704029362,-0.6456381001427253,2.2833799991537003,-1.1519496146089472,2.5630548788255885,1.428308410137604,-1.1332368815921294
Roshi,-1.9773637249910907,7.558145429133023,-3.9808026514648494,-3.2934240523010803,4.701133363424465,3.1810731810922035,-0.6128183727644743,-2.6847743415327594,-1.6607797533291124,-3.193296915937162,-3.373032934146459,-1.8240035874997076,2.1786738813301434,6.955597364088879,-1.4337433597548987,1.2761168863336547,-1.3207091467498513,-0.999576359968412,-0.07176872787215734,-1.2302649596141242
Rouda,-1.7407027426256525,-1.6322263415479363,-0.844139708275808,-0.16196778070172443,-0.8037541737630726,-1.4503535993898928,-1.3650417528624323,3.1080465390274483,0.1626926465889262,4.151186377565437,5.8427350697420355,-1.2648440161410217,-1.246876397663761,-1.24042247971294,3.608633332328633,-0.3487090044157006,-1.1609613922929525,-1.1532394507726236,-1.1398991193623529,-0.4006597417230508
Rounhaa,-1.1060924830424161,-2.195257718390628,3.92865305836173,-1.1647583494334572,1.8339496981082908,1.6602370960280746,-0.3488222535761226,-0.6363037504041921,0.13007628186138723,-2.6646676077316633,-1.0947911819095921,-1.8546727785260608,-1.0316602083089235,-0.23139574235200297,1.3390345035622557,2.0048549267240205,2.589470007943045,-0.29313241427141673,-0.24100554177693348,-0.8294444665323079
S-Crew,3.3695291960455274,3.3980042731629303,-2.7337557762292093,3.0033461641385584,-1.9833067110827893,1.1081699420611384,-1.3651541670114908,-1.940930970213171,1.9932088122563778,-2.1023835463732996,-0.315067225582583,-0.3074957706894341,-1.1691490154378654,-0.3967667729434529,1.3391036676128814,-2.1181151741500654,-0.9321863927446321,-0.8875044926568519,-1.0766412984158942,2.4806633979180943
S-Pion,-1.411324976707678,0.796369445056222,0.7056648615258536,-1.612675124259597,3.221588301484583,2.706502350415337,0.2615490678487357,-1.1635245234600038,-1.884538715148729,-1.7612158179792168,-2.105572523739539,-2.1028270693419175,0.37069237384279446,2.4356148393771426,1.2252571896510576,1.4712352358360792,0.31529440991067703,-1.4050675651208078,-0.03818017379531095,-0.7926874241383585
S.Pri Noir,0.0396363053530136,3.635859071628052,-1.8980407673176916,-0.9368526633542729,0.08342354134472975,1.6753175840128414,1.0381387787469907,-1.385418381931565,-3.126012370521131,-2.6908148356466803,-2.0700494777728204,-0.16837175949353014,1.034230877780073,3.0113644061240072,1.3706089459638735,-0.8775595354741945,0.4499290306201818,-0.9876982509721259,1.183591948673979,0.5416298722133882
S.Téban,4.580241251612926,2.1203061812721433,-0.6735117724548382,-0.6500896109251111,-1.577495032590727,2.430332651784535,-0.8515352874507303,-1.8773072734139933,-1.3237757713079141,-1.2367457494581025,-0.0646723011631447,0.5058126218024815,-0.5872125450668683,-1.150604803248532,0.5924963861673729,-1.054752345424142,-0.3822983601496337,-0.9853592554834196,0.2992764454290214,-0.5584652323403992
SCH,2.253447908388292,3.543590789851022,-1.6031821192997189,-3.6145810672662466,0.09113493763243039,2.8305201132653157,-2.153926374883468,-1.006032854357541,-3.6779702334396136,-2.5917162253730073,-1.8156405309769683,-0.025008244963517976,-1.9327988642497949,3.7873441936947714,0.6226704898043367,0.5250598619599091,1.9570433082776393,3.0033351333860097,-0.08287138871285864,-1.4205876112272895
SDM,-0.19401576919842453,-0.45984080317447135,-1.5768179568045688,-2.6747292012925525,4.841518390457326,2.735441593612294,0.5201946432527869,-2.855525905374034,-0.9166985743190696,-2.70039756593602,-2.9806743658455783,-2.6420448453511165,0.8116065607581705,3.9281089438624615,-0.8560089282676238,1.127773275612029,0.19359990342812206,0.9679981744500761,3.6508527819912096,-0.9432841773232022
SEB (FRA),-2.3721779774532123,0.9226378198562891,-0.10729403897766134,-2.0407679882074734,1.455224264483354,1.0591721753731778,5.128113474564635,-1.8354289806414958,2.027469421360288,-1.7540989612364806,-1.1457210336288721,-1.143541741298765,0.06632427021126054,-1.6904108996210523,2.4621007033896785,0.8467787774634332,-0.31800002464071164,-1.5716004581880605,0.3778012612647566,-0.5460071915916445
SKS Crew,0.30886299474031176,-1.4857487008301415,-1.372208869244737,-0.6295178716429383,-1.3468270205175068,-0.5627349211184676,-1.2425415270332532,-1.2259701762138722,-0.39259578364102227,2.2423544974397402,0.5830458843780231,8.402785378509835,-1.1349804501762228,-1.1291057133418057,3.3101453673958683,-1.0826988673914022,-0.1105008073855266,-1.0497465774874557,-1.0376034208938123,-0.36470413174399213
Sadek,-1.318759687465427,1.3658129572354303,-2.0190042767055676,-2.971472794865118,5.346057597126515,2.5319764246278806,-0.5463252873278358,-2.1868053930164972,-2.2648221330902913,-3.4456266816183634,-2.0916230497656367,-0.6891936082041132,2.1156895254391697,-0.3012730837124513,0.25425901798769407,2.3813414605793306,1.3729906646527557,-1.2221849172966468,3.7174617219037347,2.0308784183856923
Saké (FRA),-1.8504341379992457,-0.8210494559494638,-2.264825617789557,-0.9164024947067334,1.8257721029042422,0.5745999462647337,-1.0755858028169833,0.4475567694642913,4.474626802079857,0.1346717357620724,1.2523796840367742,-0.8477960197749368,-1.3394582546974068,-0.7903843214589829,0.8283855820205356,-0.6677902726679042,-0.5975492886495638,4.616226793097508,-1.7125605740104273,-0.6019428085498052
Salif,6.396403576197988,0.8259545500832381,-4.265307313153484,2.4201692955607244,-0.4787089140759825,-0.9690667878937617,-0.9528048577492644,-2.760177664375625,4.26734933727154,-1.7591729517800379,-1.148389912130693,3.9387187225366644,-2.0766289494682977,-1.7881188946401136,0.5595298892582401,-1.5406295406653647,-2.229288482270792,0.03298196540276265,-0.4468754538057602,-1.2469284495286834
Saliha,-1.0608702424249643,-0.9947593648481525,-0.9187405800453694,-0.9126591895436519,-0.9017465677295528,-0.8839171312195963,-0.8319238775195489,1.6157329048602964,-0.8137397944569703,3.039844963440582,5.708556270809144,-0.7708584269682864,-0.7599080726633498,-0.7559747362389374,-0.754485129399741,-0.7249037720980656,-0.707547224167148,-0.702841091538752,-0.6947108345615025,12.041744113932145
Sam’s,3.0371318347173757,-0.7439278112696227,-3.0153409401626643,2.3041482807697204,-1.2816383130139886,0.7611042889318388,-0.9468028566890851,-0.08706047818464374,-2.080169917649748,0.5312132463185839,0.3923061620671919,0.9433685799324502,-0.3166868964011703,-0.5579156279250369,1.6773206376778096,0.010147309504202421,-1.895261245333854,2.3115367817739934,-1.5049829270703396,-0.3069179667250135
Sat l’Artificier,-1.483352717678639,-3.1094535408296946,-1.3543457618023176,-0.19271727903394648,-2.0984392486310512,-2.2900848648884984,-2.3227073893153483,1.479082503387695,11.309010580926655,2.4914179889326675,2.6342570240736034,-0.6815813087388674,-2.6284716267037345,-1.5945257213448587,2.828975073123172,-0.7082041813146699,-1.3127336773025118,0.9027573739695504,-0.8670342039550064,2.1951296644676543
Sauveur Eloheem,4.31249188626889,0.2218808519547817,-2.1621582211422874,1.5768149612147202,-1.6509476427307617,0.32340439153263373,-0.936312680047357,-1.4140634289597993,-1.9150500420829901,1.4038957681820712,-0.714437072300071,0.9420037354538302,-1.2291921589783827,-0.09286607089699728,0.47715851586396985,-1.1198119152863057,-1.064585983563624,1.368800024788601,-0.4116326222685321,2.905687140164727
Saïan Supa Crew,2.9073909275111465,-2.523921974916163,-2.839979757847575,2.651075816116283,0.14495632822258164,-1.3105836889254736,-2.9365443070851565,3.4761577065932396,0.9427152053857046,1.531799461612331,1.9742027269661746,-0.17199271486788315,0.5428726684220391,1.5203561793695568,-0.6650358024798598,-2.401219310775894,0.37025630531925513,-2.9627257929077846,-1.2210682447812773,0.9137290802932624
Scred Connexion,-0.6029661155800573,-1.6398234769317177,-1.5728566460507964,0.4613066772942109,-2.962702186513665,0.2195992464309125,-1.205648983806769,0.8133565286728921,-0.5124466627780854,2.915984316538897,4.550709145739749,4.5614403295610755,-3.345720461752131,-1.826180748087546,2.9999449377439538,-1.6249930935195154,2.341951176978753,0.46026650809077285,-2.4047913932276743,-1.0750829022966502
Scylla,-5.207832293112289,-4.930841566147833,2.6847095481642596,-2.117543774960184,-1.6344816550917454,-3.7885577992785566,0.10771595148969305,14.881202343282848,0.5353031250305479,1.7782337673441635,8.189582284904008,-0.9260787462035953,-3.7481549602336033,-3.494604517556311,0.8395625414488711,-0.6693559644396403,-0.9664331647826451,5.433486737462053,-3.5519544865851307,-1.4222009991536113
Sefyu,5.055537792295814,2.118491157264408,-2.141656745795456,1.2118335344110653,-1.3049436620548078,-0.43178323438610944,-1.7782660280947071,-2.4877380463122436,-0.056034990002816094,-0.607256271168575,-0.4971536902918351,-0.4908631456512135,0.7404889175932706,-0.932341495863169,3.371143257888913,-0.08270028966753747,-1.4473439993539976,-1.413285419403099,-0.4219029414629434,-1.1312114342507242
Senamo,-2.092936316726007,-0.02958131512355578,-0.10077589838389131,-0.9986782295061046,-2.519445824650407,0.790605621609551,3.6210030846935095,-1.128875952271715,-0.3861332691016798,-2.378937764956609,-1.5866818387876862,-1.2121436107287393,7.5019917576344195,-1.509118148353146,0.01427311667723261,-0.1684666000635249,-0.8579633968908835,6.899142428763831,-2.0179846190361186,-0.8539653449940042
Serane,-2.3582362717748384,12.607888567129756,-3.4028506869014716,-1.7331630508469893,-1.6663079669193657,-1.5558449216420456,-1.2241376642618886,-2.9787449625662035,-2.333288632942187,-3.1378276133042875,-3.086351140605656,-3.0834337081163814,0.9082136494772435,11.196152974101377,-2.686588725433006,0.5491185170683467,-0.003522447719606323,-1.7442668262404823,3.338809918201695,6.190062787541374
Set&Match,-0.676395226608863,0.6410535689450612,-2.0625808500052445,4.5714643307891265,1.35597344931871,-0.2027562052723614,-2.3967527534478057,-2.7223811259030386,1.3769109292412611,0.47310518210191393,-0.9959976181615877,-0.9920996915379413,-1.7267830606074301,3.8741211776676114,-0.10459229730813356,-0.7405021308935542,0.6362833419723215,-0.6151027793736337,-1.0020656286606227,2.8944865146035017
Seth Gueko,5.89317373931722,6.198190673808454,-5.674840148311148,6.338386651922767,2.0440317353121484,3.6506095905359253,-4.137275111622521,-4.039791624257973,3.1811962617028526,-4.644198944032402,-4.920916614864425,-3.2153146035905156,-2.1519875874554995,6.752164308861406,-3.0577846447380996,-1.9644477806028147,-3.2120777874390214,-3.168736294112778,1.7278034952910337,-1.6767639259055576
Sexion d’Assaut,9.184735820685312,0.35473615130156894,-5.5733482336024425,8.702174078542505,-2.37376554643295,-1.5919994749901425,1.0213249882329134,-3.2987488670825558,6.080438185957663,-3.941058420042936,-3.484366924263686,-0.40372660335822447,-1.845660834548515,0.004103563865079752,-0.41766765421008134,-0.9877364567341488,-2.452806793448712,-3.5081844855762436,0.8147858054188643,-1.242788701524976
Shone,0.9564261726918947,-0.45679145137064736,-0.6209097648923741,-0.5975506011392971,-1.047477771034395,0.5188434702486441,0.2594168064246428,-1.308805284676493,-1.2881220539044533,-0.07026685965998784,-1.7385437954257439,0.5660525990409278,2.9600505554388032,-1.703364429280183,0.064689490385863,-1.6333552443744626,-1.59424742113778,4.099453509222327,3.5454371707495485,-0.550191215933941
Shtar Academy,0.8101597922216313,0.948195519547882,-0.6418245857288737,-1.690941337957447,-0.18468103220431692,1.038122534646904,-1.7362911568192867,-0.0879449953403938,-0.4499262102730364,-0.7050420406616695,0.6417751550326865,1.927753117098541,2.022550787070426,-0.11988958200468679,3.8151383050089285,-1.7483688846597913,-0.7541280436697244,-2.1353845268087706,-1.1631224713206982,-0.7418776842774365
Shurik’n,0.02837343184883094,-2.789242914569288,-2.4441289384701133,-1.211104973947117,-2.670272577403198,-1.9710694388420407,-2.695586480487261,1.0334747324923186,-1.9463619754124963,13.618223171786205,6.813656249577576,5.042200142663557,-2.7640990740692377,-1.2951363787994616,-0.9224642095305589,-2.2575226828988404,-1.796531932840215,1.7461961614705948,-1.7354818007709085,0.2376950930491613
Sianna,-1.4730372771416322,-0.4578839311774516,1.1401526135019402,0.7754157614106725,-1.6172122396980664,1.3770542805623942,-1.3596021383261554,0.03441751455592546,6.437536386683735,-2.1206022394050654,0.7907620369090322,-2.0838418269898655,-1.0806439474962217,-0.08628375223123873,-0.07839252305528961,-0.9390045144059517,-0.3442261522211914,1.2579684560530682,0.25193827391495816,-0.6600905073563834
Siboy,-0.7635812062489539,1.8160755001822895,-0.5765255159570625,-1.9063070852283006,2.286037465665418,-0.0188514268150286,0.6986577074626134,-0.35855605437685945,-1.0814947298030617,-1.724436444447332,-2.4772284942536604,0.3535252925157148,0.4294397694392058,2.5170663719204462,-0.358182029228839,0.2506963715835387,0.36966150816093224,-0.4838667005388305,1.3563732656897745,-0.7839603242026247
Sid les 3 éléments,1.1986828826772518,0.8776783339681454,-1.485801120826779,-0.7984439163057411,2.6560104083885174,2.0682812333549947,-1.3453998403009442,-1.3274567033830298,-1.315992266955233,-1.2686355337343322,-1.2478234017538112,-1.246643872799554,-0.4152219726077205,1.2312659655515739,0.4189582124804375,0.5336857922037229,2.3514650711108755,-0.2568632106483014,-1.1234968380511714,-0.39489455278150903
Silmarils,-0.930444753550606,-0.8724616782076139,-0.8057887933772634,0.44883431003977187,-0.790884058595204,0.5146655165355248,-0.7296455082157052,0.6691394092201196,0.6874577949663232,0.7654441176975154,0.8009729461945476,0.8030107816070036,-0.6664834690482272,2.3534042003720703,-0.6617272331705076,-0.635782666526375,0.9908878429982133,-0.6164324156138502,-0.6093017085327075,-0.21416164014766428
Sinik,-0.05110171522379353,-3.406104487552729,-4.216697370383875,3.668669422675859,-3.450263035975423,-2.051009524190778,-3.433535760575563,2.6475232289709014,2.4534276786729095,2.659324297875771,5.469766134587914,6.000418561227873,-4.531132922160885,-4.495041402047036,6.030654398604739,-2.3840275820502166,-0.8689207976682033,3.7104729079187138,-1.6403383163393783,-0.764576226639021
Sir Doum’s,0.9640517115987871,2.008045537753167,-1.1395574400462543,0.6347475685413826,-1.1184789619747189,2.5520581749224673,-1.0318745734917154,-1.0181128156853103,-0.018553928539977213,1.0825014525437047,-0.9570368613880873,1.1356287381425554,-0.9425499610785193,0.12880059126220433,0.13275379447254868,-0.8991324697789396,-0.8776043216197118,-0.8717670825048701,-0.8616827398420795,-0.3028702962019803
Sir Samuel,-1.7697417128930375,-2.8804451465607226,4.85755869499353,3.7900660416594576,-2.611115427765736,-2.1687850371223285,-0.3333298073707986,8.982963541401167,-1.5074861438017926,-0.07028994576895435,-0.4438951082950523,-0.44008921942594925,0.9808274484083682,-2.189015592052508,0.10393912901037344,-0.669825104955238,-2.0487879178844963,-0.06971403230970744,-1.5145064871749794,-0.7070578260630741
Six,2.2611024483453885,-0.8721600450681205,-1.421215157213364,4.306198074038089,-0.9180926085600006,1.419440846784844,-2.0766075215964075,-0.5847211615093059,3.8765700880189327,-1.9581227919078434,-0.8875776793195387,-0.8847745745244366,-0.3152717661098084,0.7626436060582779,0.2406128383462651,-1.8094691909669647,-1.1999395829058501,-1.7543974114117258,0.5725649108245829,-0.609514713856011
Sly Johnson,-1.5288767401516024,-1.4336008251986618,-0.5687853822583722,-1.3152818797147874,-1.2995551178568994,-1.2738601650922161,-1.1989299115670848,-0.33758891999022683,-1.172723858723047,5.061303298534937,7.881020687823208,0.6893759454163249,-1.095144090683646,-1.0894755495844826,-0.16764378417243467,-1.0446975244632042,-1.0196840766750026,-0.02563929886005399,-0.002368338551990583,8.173161295849647
Sneazzy,-0.448767380721487,0.6132078056544503,3.389144856905588,-0.1681364039384417,0.592652811663905,1.2312450339809926,2.796783354165017,-1.1009165898537834,-0.5570919412276676,-4.0117778073360375,-2.171999611344757,-3.181244247929529,0.7455015352739075,2.341660357816408,-2.3034911064144525,0.6086864977249166,2.185126093245357,-1.090484289735156,-0.1751998096296172,-0.44797582521104945
Snifeur baby,6.320022837126755,0.6590318987245429,-1.3240460962169869,-0.554988580335463,-1.2995551178568994,0.2961708749568054,-1.1989299115670848,-0.33758891999022683,-0.32000819809330144,-1.13052272098485,-0.21267664421476618,0.6893759454163249,-0.18202223902632766,-1.0894755495844826,-0.16764378417243467,-1.0446975244632042,0.9417077362963933,-1.0129018177112339,-1.001184870354305,-0.35190348402508276
Sniper,0.032983050980204015,-2.9507881039216572,-0.7273812590543495,3.1893078183112853,-1.9935352316062191,-2.2583217848224106,-2.4883150301466297,5.947035463370232,1.0685965896779819,2.138888839538086,3.5148468974107905,1.8442480708621711,-1.4221515396496953,-3.346868837892789,2.7994171397054264,-3.1476011708763303,-0.4175238740539265,0.4211974962675264,-1.3517097433029748,-1.3184427902214633
So La Lune,-3.869584873356771,1.0381317030362474,-1.4107801523687555,-3.046208440493948,4.511195895196525,1.9546275370412693,0.7799143122888784,-2.6155207554321067,-0.43287423583918644,-3.578988406217294,-1.0062493607189478,0.00042405930831767696,-1.9140416242253018,-0.8633339009325582,4.003773593478364,2.619362105431184,1.5040212222791116,5.402008736955007,-0.8305042566192326,-1.2669973509348067
Sofiane,6.618049840562352,7.003647895955045,-2.98300346749365,0.8017238694515244,-3.59344515005837,1.3634516864117605,-2.631341310958693,-1.0830561937135907,-1.2182359278041028,-0.9134901065740413,-2.1010145025070233,-0.9895222013716574,2.2640483194854344,-2.184537325028712,0.08643797873011962,0.2093685621221765,-1.9867771571924966,-2.6717460682795338,0.8258647474784929,-1.4334438697559966
Solystik,-0.930444753550606,-0.8724616782076139,1.6762511854979345,-0.800455061069099,-0.790884058595204,-0.775246608324127,-0.7296455082157052,6.225354949897743,-0.7136970123415723,-0.6880142177937112,0.8009729461945476,-0.6760875651058711,-0.6664834690482272,-0.6630337047944738,0.8494694497593577,-0.635782666526375,-0.6205599669756318,1.0058054395142315,-0.6093017085327075,-0.21416164014766428
Soolking,-1.981759344453849,-1.4874148731914023,4.102949467143743,-2.508621551855036,-0.018412002866660563,-2.0756094831146954,6.679850547776428,1.2896527766916788,-2.9245241969725564,-2.7603020538838012,-1.556142720580482,-1.8340115097481795,6.5683875432065815,0.2882379869992608,-0.5652096538142916,1.1935258210631086,0.15017182641065302,-2.289383408233273,0.5857942242112341,-0.2253121477562601
Soon E MC,-1.62577407373954,-1.4190811706016233,-2.11663400222227,4.555725263414617,-1.59613063073101,-1.0542839382652478,0.1703832524936932,1.2817620359849429,-1.3413181642974819,0.9593451584188166,6.098094857682634,-0.08668739535611898,-1.7507088509345177,2.2775369362829965,-0.5876097511252217,-1.0712851499343965,-1.630077679627048,-0.3840846953122302,0.27390414095218424,-0.5625566074219464
Sopico,1.0996182076832568,2.8793204051880936,2.9549846988835995,-2.7273831265106834,0.8419093108384895,1.9817622308076346,1.3517673839769315,0.19537846726599192,-2.060908222393099,-1.8541280080577796,-1.761631985421521,-0.9379980113672189,-1.1233317496712714,-0.5353537170886594,0.8713043758838329,0.033632962610964295,-1.5816113470684119,0.5470089357968287,-1.7903059265979355,-1.1612222531865666
Soprano,-3.412842950028387,-3.680010647483535,-0.7782200327803988,1.825010220156745,-3.982891444584385,-4.003253123395539,-1.3369286175800552,16.412404404168747,4.167078546271468,0.39474609946789485,6.154149622109423,0.18076227951517607,0.32671472639668947,-2.673630670313678,0.1958433220200673,-2.375743209945316,-2.2056709652444417,-1.9401276370146063,-2.521057278853509,2.1943248354142253
Soso Maness,2.0034391478264535,3.637462491962145,-2.611558072189179,0.02925239645482822,0.8494625168061134,0.5450445742959992,-1.5187967251721959,-0.6469023303337529,-0.3213024748354836,-3.0837828581026354,-2.1757083233715218,-1.8909821625169536,2.1607837950039124,1.637490912684784,-2.350870342373883,0.5128510562846631,-1.1422637146670862,0.12232989376433491,3.617422590690031,-1.1312114342507242
Souffrance,-1.498069252512844,1.4873835534927813,-1.6115734789858351,-0.947436250328727,0.717805028425273,2.816572788529952,-0.10589241674074668,-0.3816226329754789,1.7928877203508247,-1.2454639508998289,-2.298727201223966,-0.048934955708127496,0.4066544397776593,0.8179502871384005,2.360344054650367,-2.5111403279633837,-2.451015482248049,0.029643247685375372,2.995377406227608,-0.8458707040603235
Soul Swing,1.056597743465382,0.4604504218447927,-1.1107032012205302,2.5219679145472753,-0.17286058774291568,-0.13280309309385202,-0.011461013150113938,-0.9923336234273921,0.03274109419713343,0.10608735090864875,-0.9328041468324328,-0.9319223958584172,-0.9186840630312808,0.18024813895807024,1.2805465612297504,0.26470992810627725,-0.8553828838913687,0.3272015890262179,-0.8398644455682508,-0.295201449014739
Souleymane Diamanka,-1.2131515350799098,-1.137550854234411,-1.0506200480073928,-1.0436657119091963,-1.0311866514399988,-1.0107979107569949,-0.9513413504578171,0.12670206092262487,-0.9305470559262369,4.676697491863261,11.58444310885216,-0.881510336152864,-0.8689881269296782,-0.8644901846457976,-0.8627867540552197,-0.8289591778032013,-0.8091112058992603,-0.8037295373464851,-0.7944322327961586,-0.279232616035903
Spider ZED,-3.8475887534296596,-3.607816292246387,9.272517792614819,-3.3100534759333433,-1.1301136661984033,-2.2700105020728967,10.239904724465969,-1.9692752665115631,-1.2571160981018152,-2.8450864563428646,-2.7984124406402366,-2.080400039566533,-0.579025199928672,-2.741786673643411,-1.640046830248087,4.2173573503758055,0.16167461550171872,11.181361746417892,-2.519593336863508,-0.8856043474958859
Spoke Orkestra,-0.417377579862265,-1.536127298770067,-1.4187375714910764,-1.4093465666976732,-1.3924950779245393,-1.3649625056154446,-1.2846734837903364,0.3103189515883051,-0.4607908047090814,2.9161702782539325,3.844162615472739,7.21033910671634,-1.1734652381750101,-1.1673913014323023,0.5515130592519673,-1.1194108974285102,-1.0926085691178113,0.7573971107043377,-0.1406343138155502,-0.37707047796570703
Still Fresh,-0.648090935470556,-0.7765938936264194,11.658686874738242,-2.10703003277953,-1.8035461130608723,-0.10919849388746185,0.1984975648809342,2.6943100833993703,-2.0081571422582085,-3.2709722878452414,-1.4212463732460807,-1.6684076720983008,0.47605328581011447,-2.3221316808220056,-0.2411405325894517,-0.7498353962657783,2.7232038453446323,0.011772669332837549,-1.5906489184132064,-0.45098593936795106
Stomy Bugsy,5.673437223537316,0.8904342981119268,-1.0379843105371978,2.926858772559598,0.49555093263825567,0.6158869122094712,-2.1561610141102383,-1.719183220871768,-0.08593976854320276,-1.154758617333572,-1.9406423455555402,0.6027800305675522,-1.4687930898043722,-0.5886698492534272,0.7172666021574812,-0.8697639767912057,0.1392580486425789,-1.6886605171755096,-2.1281993750057095,-0.7480344511257482
Stupeflip,-3.020877974350293,-3.0664012048396074,-0.41295300022139125,1.8564392458554775,1.4777053580743893,-1.6401225468998326,-0.18443935961586289,-2.005611035284013,5.779101189243587,-0.9075500905236608,-2.556217978693067,-1.67685812593976,1.3567312463035814,-1.8737232628440619,0.8186901986925277,3.292333624400488,1.304242302639005,1.0349663099680715,1.4435436282031353,3.519644608884368
Sté Strausz,-0.8368488435752335,-1.4418843664091157,3.027759372999487,1.6596909631367047,-0.18087757165368146,-0.5884868609115279,-0.894438358353887,2.2953894891084006,1.2892556240937243,-1.8203145189235972,0.4436206897040386,-1.229712934744472,-1.7633495122073544,-1.1841691122597693,-1.7507656948993682,3.0737724575778627,1.4035027653294074,0.20851795625777464,-1.612060794370403,-0.5666184407298827
Suikon Blaz AD,-1.1395574400462543,1.7390184476311885,0.026402886125819744,0.03968726927695432,1.0961381528748488,2.2101472113879623,0.22540228037942955,-0.8817115622878058,-0.8740967556214413,0.3441018767742621,-0.8288182343051284,-0.8280347780052346,-0.8162722106147181,-0.8120471295375831,0.4234398896519473,-0.7786715601799528,-0.7600276369772325,1.8941308848276999,-0.7462391426890677,-0.26229337051497603
Sultan,0.10083825799215478,0.29851258319225943,2.983692399398156,1.260348302640278,-2.0644845374446925,-1.287003823059735,-0.7831027777151759,2.681686947588433,0.07635600872430728,-1.9351325692745183,-0.8746121959244515,-1.1055566246995405,2.6212089966879857,0.978529664831239,0.26700442769543503,-1.1652711364353647,-1.52112538611555,-0.69652562693819,-0.08722566548685962,-1.3305626767779386
Suprême NTM,0.7944568724988004,-2.942048028555678,-3.2432373317327015,7.641825917249976,-2.2408129749984242,-1.1974199439385735,2.170891814893461,-0.8269205968179338,2.6973403082842236,3.369744845990784,-0.15381169194586358,1.688619307275754,-1.5642029122806518,-1.9192191608606861,-0.7861015643156971,-1.777413206016135,-1.6969708321873689,-0.46585143514881533,-0.0058012209907802245,0.29813039969038907
Suzuya,-4.023568455828006,-3.5077762950100286,15.169459920684968,-3.1725510987639605,-1.3733110222329303,-1.264404391256876,0.6479521329405181,11.9840290348817,-3.0862754344391976,-2.6391037797997825,0.490756417468879,-2.9236390340101304,-2.1881709381549705,-0.077000863724225,-2.1626155667819242,-1.294455401372246,2.533513433149652,-1.540248390600396,-1.4962418279989622,-0.9261098171603592
Svinkels,4.037833682580069,4.4411591591899455,-3.751363269828295,5.736061255856484,2.519848754284451,-1.1437607105169003,-2.2680958904751005,-4.283339887092697,2.1120587023975146,-2.62781602865416,-4.026384992577515,-1.5366116238417151,-1.4436462221139619,4.166804828621958,-2.6671799971717958,0.1825713929510148,-3.4213603040999634,-2.0317154995009012,1.0641570910761775,5.004149836681991
Swagg Man,-1.2626462060870134,1.7407336695278794,-2.3630366024965674,-1.9213908891974205,-0.5946893681687135,0.8055253526951953,2.0663765494481767,-1.6375402259382497,-1.1373908396027854,-1.026403391279838,-0.976770702595217,-1.9826779374625507,3.6734866550462106,6.28437780312641,-0.9099375938787969,0.817230978908409,-0.17134162743954826,-0.7013776635029354,0.45178628048467184,-0.628045213748456
Swift Guad,2.4079269937504386,-1.1127124119143101,-4.41344501674598,3.209318527733636,-1.9618936530167237,0.01440801082283639,-1.6013280776527339,0.4190639293134781,2.417591937759358,-0.1183731665028047,1.2415194025428669,5.893137676484413,-3.933222206032026,-1.18887400317929,2.3868956861795514,-2.5046601040334218,-2.4714704084140635,3.0373071140568078,-2.1304242067099737,0.18020733597887856
Syrano,-1.6382170376297913,-1.536127298770067,-1.4187375714910764,1.428848164333789,-1.3924950779245393,-1.3649625056154446,-0.5062655750437651,-1.267540233492468,-1.2565932591846847,7.869223451972038,-0.3522239670951057,3.009982056250865,-1.1734652381750101,-1.1673913014323023,3.9847212192972363,1.5605701592613384,-1.0926085691178113,-1.0853412650270569,-1.0727863596610079,-0.37707047796570703
Sysa,-0.8337624296898296,0.014861799415840562,1.0096483866151729,-0.5159186258255622,-1.2752622259457298,1.9498305661465272,2.223344866666729,-0.29937256249917726,-0.28184253034055695,-1.1093895917414947,-1.0911899102824536,0.7444372666481742,-0.1441560907588737,-0.1337520373514288,-1.0670031026527935,0.9257295892415355,-0.0012453733343999436,0.012101805190840979,0.03537383403809082,-0.34532526876543207
TLF,5.035716523124707,-0.564029497317624,-1.945771242046347,2.4111362038772954,-1.5773881544234696,-0.6671659311252922,-0.24618675619239871,3.517622936777418,-0.09302246289205017,0.7518214732816277,1.4771065927339377,-0.31921610621033214,-0.5336455878691659,-3.261694558002381,-1.1049066969148973,-1.5289862703664054,-0.43216459807542457,-1.7133795742468014,-0.9956119366374221,-1.0535359692957098
TSR Crew,4.768672845603858,-0.2286956140454883,-3.187047319200095,3.576982792175477,-2.3806838757389137,-0.10280939184935942,-1.6387544508345726,-2.071272283552944,2.6613218609693967,1.1531379160821031,1.2949488980432782,3.225698730440425,-3.3105037515495974,-2.1701996310165788,3.1714220904861463,-2.2555000039064734,-1.2471492728357272,0.5965559419862911,-3.281190118143936,-1.153295728775318
TTC,3.3975642778594604,-0.7029054328347328,-1.730955686579434,2.92820449945029,-1.3294967675874672,-1.8654250982948943,-0.585843781074519,-1.543421789718413,-2.544262096801705,4.032967899937931,0.9083840517727746,3.10585089220867,-2.328551926428727,-0.8229412345570515,-0.813973937234008,-1.4095499331258052,1.4661104104984102,-1.2946117624910465,0.36941413608724455,0.2857302655313953
Tandem,-1.2756273253749422,-1.6253747372077407,-2.0156657078731675,-1.6258397327074112,-0.8374394256805796,1.1469176012558877,-1.277879940746227,-0.8205792976112443,1.271774516686092,5.338209117907005,4.63703351404111,4.211502146547978,-0.9483522333315072,-2.2582114267500355,2.6269671191107142,-2.1653977348520757,-1.1672763516000746,-0.6705768507844844,-1.1114474904493954,-0.7294082636936304
Taïpan,0.8993143476848312,-0.36554102245577086,-0.07755608214665578,-1.4683617640848035,1.5060047073969358,1.0803024580747747,-0.3348067355304294,-2.1712273227772796,-1.1689583349898343,-0.9851188926104797,-1.5823995259188557,1.8239173114649707,-0.8267131970312283,-0.8009414533155872,1.2944975455430123,0.853922275312029,2.491524478048547,1.424765422123145,-1.1388175271043623,-0.9310491045497771
Team BS,-2.0758985221069506,-1.0342826516463768,0.18164178095793723,-1.6640286166172158,-1.1583282279397733,-0.12932698358700184,0.11320013037400642,6.422570614171469,-0.32417249593478004,-1.2877974642642114,1.524230407128505,0.9739874832748655,-0.6497107906866195,-1.7667080194060778,-0.061800790769078226,2.4379033769327356,0.7655291063914831,0.18391001633702725,-1.0075946517558023,-0.5706513630897918
Teki Latex,-0.3888522031203756,-1.137550854234411,-0.09880116561884018,3.7471403311430134,-0.061430110750193556,-0.021480472266034036,-0.9513413504578171,1.1920577585122956,0.14408962527753907,-0.8970607887298926,-0.882344389075052,1.3873229579309354,0.28177558189197066,1.4490120797573933,-0.8627867540552197,-0.8289591778032013,-0.8091112058992603,-0.8037295373464851,-0.7944322327961586,-0.279232616035903
Tepa,1.5183256597635553,-1.2940697956408151,-0.3584824198947143,-0.3449960004140376,-1.1730706318155137,-1.1498765448080663,-1.0822391828845324,-0.1313057911463368,-1.0585837406911323,4.859038459364973,0.9887818159998932,2.9860316923754078,-0.9885547390266409,-0.9834379117390522,1.0561970905364053,-0.9430180899865354,0.16599871421545223,-0.9143170296800548,-0.9037404818674044,-0.3176530465202921
Thabiti,3.799234363205759,1.6227006490665126,-0.8401307167942961,0.23233300046026722,-0.7474712046102374,-0.6486478711731469,-0.7301931548999124,-2.595688557215091,0.14700178981497003,-1.6744369167645572,-2.4399748158354315,-2.437668382938953,3.8390521893484615,3.4656634230063745,-1.5476303731741925,-1.4198787454978836,-1.343590364192703,-1.7726508542874024,3.720645257781808,0.5228795312750265
The Shin Sekaï,-3.4114469906039,-2.587909443238857,7.435551663476789,-2.119675362912676,-0.15561002864319576,-1.3961140912952816,1.0142314712323273,7.977523357687622,-2.121493041719103,-1.9569423481329513,-0.6146800141041535,-1.561850462619274,0.11622883665871256,-2.117321714369315,-0.48727966984398186,0.7524217856780618,1.260371770645813,3.3968636769205123,-2.4860055608854457,0.0047361842675529165
Therapie TAXI,-4.958493650493029,-4.219337777726178,11.075453125736283,-3.796907179677141,-2.3166564558991087,-3.88936942395875,-0.8023001376162451,15.191003080947699,-3.803409166105868,-0.3937021549872468,8.039599843881078,-1.1050514831972376,-0.17323217113187456,-3.2504037954630394,-2.1085986132813925,-1.912476916986087,1.228675419486672,2.194265087952057,-2.93909934813503,-1.1413027263110123
TiTo Prince,0.1158523705384074,-2.1202952536201467,5.212559608537836,0.5559776266690656,-0.7046285639703461,-0.7779446366038076,4.159801402539318,2.0605757857921616,0.8789540614090431,-2.220603493526503,-2.399501517325843,-0.7877676276181387,-0.6922744158002541,-3.388627862246652,1.5445500335635456,-0.948016207956267,0.657867197220599,0.7080151187424172,-2.473442558137093,-1.182746316979046
Tiakola,-1.7697417128930375,-0.4502652112567314,4.85755869499353,-2.264315394367005,-1.462181156972881,0.9568398995408548,2.5725180883029957,-1.535343719207606,-1.5074861438017926,-2.2714891255188934,0.4512698621098732,-1.784107133691634,1.4352892324388316,1.4655951968692518,0.10393912901037344,3.1414303106306805,-0.09641404600274493,-0.06971403230970744,-1.0173943633758125,-0.7070578260630741
Tiers,0.4056342393701505,-1.3215634719680183,-1.4708086969092584,-0.21404435323010954,-1.0661547530864919,-1.274211401219759,-0.6341221026259786,-0.5626230052959865,2.226462978494783,-0.677607854924622,0.12730903968619348,1.5804276780814677,-1.2549969903960811,-2.7095292370172364,5.801128453229829,-1.058618715910444,0.6186692377185319,1.0536284376167955,1.9278093081114887,-0.8751851101448874
Timal,4.192977568183633,11.591855902061955,-4.507704627041515,-2.8338291030846596,1.8101061503630733,5.211634124527204,-0.85492736491316,-4.163143813899681,-3.4340532161860504,-4.196322744998301,-3.642924536491272,-3.638564485440363,-1.6049799375978417,7.331020892249467,-3.2926823161755316,0.7641102557519882,-2.463870725474868,-2.163874183328214,2.2037196194282025,-1.3062104521628362
Titan,0.557219758395081,0.8184141719830624,-1.5074927955427686,1.1735787346949131,-0.12789975747941323,1.3075945323570737,-0.6324634285369111,-1.346836658483379,-0.5862561012889305,-1.287156740203781,-0.47617678372373495,0.3163786281949107,4.367152396742378,0.3719314017910925,-1.2379782951119271,-0.3487090044157006,-0.2996063062717363,-1.1532394507726236,-1.1398991193623529,2.095223660678505
Tout Simplement Noir,-2.0007921869624496,-0.32569239730381144,-2.2137668147887877,2.454656448910239,2.5464664786246725,-1.300140879641342,-1.0780874745797526,-2.3216544249362108,2.04319290917664,-0.8666842918280562,0.5669124625638665,-0.3457211754967402,-0.28831218152710886,2.0708901441047542,-0.25959741038944617,2.8269083461873428,0.4971980069259149,-0.4788309941806716,-0.4381739910675372,-0.6906505377480506
Tragédie,-3.341838411649648,-3.133583093269894,13.691252831965334,-2.1792981757030003,-1.784463509283688,-2.784419907117639,-0.33111618428164974,15.591309493211904,-1.3930135975765847,-2.471111081138032,0.8608338779326727,-2.4282746355388083,-2.393780016715783,-1.9614667663273797,-1.955945299689762,0.3440169072384201,-1.3315102070319806,-1.7623454323296528,-1.7314484669648949,-0.7691951545729574
Triptik,1.5852239757430897,-1.9412817223746401,-1.5935879940284219,5.6018495916234,-0.4772417215857739,0.33352571278986837,-1.9221413720271203,-1.1174772636372745,3.894467490603045,1.45200003326483,-1.2661976963639594,0.3535252925157148,0.8393211768672794,-1.1910598109684074,-0.358182029228839,-0.6086513165511178,-1.831408467778135,-0.4838667005388305,-2.230410470366328,-0.7839603242026247
Tsew The Kid,-5.288004944784762,-4.555118926244394,10.269084847340494,-4.329416112399228,-4.272360997287246,-3.498106000764571,3.3288416062200206,18.149755342567566,-3.07000632770934,-3.6544557552297263,3.1741394727078887,-3.3219084179872023,-2.203811623935836,-3.768225352792688,-1.899494300040521,-1.6760884640909977,4.979378719429021,8.199622068750939,-3.462849820509736,-1.2171467557804303
Tunisiano,0.8459290451246544,-2.057119028683616,-2.2923901815963506,0.5460478690901649,-1.8991284000595596,-0.5211621836178517,-2.5759498957872293,1.982030694475038,-0.4027671366145375,5.6053285584547785,4.312166935737526,7.649338167351077,-0.4153154148300453,-1.5209706049026188,-1.1357122498737422,-2.149914535905649,-0.46793010549217867,-2.4657296627595704,-2.4372068344385593,-0.8566465614661641
Twin Twin,-1.1009170791725356,-1.0323105792140195,-0.9534221580104694,-0.9471112008352499,-0.9357866379875441,0.17289056327056299,2.6115958958473637,1.4961153068925728,-0.8444576932181984,-0.8140694008994621,0.448170126041499,-0.7999575951305792,1.747565815892822,-0.7845120593151386,-0.782966221242841,0.5770449467520005,0.6276655179305295,3.3837510061246237,-0.7209355039594229,-0.25339946999753715
USKY,-2.8643987963229827,-1.2238727221964985,11.996871826854061,-2.663429182384804,0.8426830024569846,-0.4696233532620902,2.7219220655445113,2.5286078260727547,-1.5407025554801022,-2.3608788923067956,-2.300257125714637,-0.27672533198072596,-2.244914648249012,-0.5096580619466075,-0.84316108856456,-1.0029833374810588,0.5750333299262609,0.9845342893911883,-1.929600791524116,-0.9408498915168332
UZI (FRA),-0.8153302037229667,3.502508040556327,-0.5676919962400314,-2.4740667408383192,5.197033670966134,5.44349167570646,0.09143691275114738,-2.917765978930121,-1.0120277283975636,-3.084575762730505,-2.7043720583179183,-2.7011922810828204,-1.3147130674411922,0.05509177998462796,-1.6184343776967796,3.4644841167394973,0.45274103627244394,-0.5926132599240422,0.5629874544667302,-0.9601513864676897
Unité 2 Feu,4.395276112660824,5.227236209715956,-2.8041962832581397,3.8800073277312195,-1.8795697260173994,-0.629974932803282,-2.0707095047834305,-2.0104191583427977,-0.4167427277686218,-0.8417348558776401,-2.7210567566307935,4.176088859547934,-2.6698619319316252,3.707602167852151,-0.2981852903210672,-2.5154572141075597,-2.080648817157358,-2.417315318502847,-0.9239066344771831,-0.9649164350232482
VII,-3.840244980917765,-5.139459293271597,-4.83307335860956,-4.127607355700782,-6.023193543779021,-4.5491121919164215,-4.117140919230599,-0.740520826027025,-2.491664278457111,55.06834350196326,4.935838969549937,6.503978170491718,-4.484745515785378,-4.653436556504929,-1.0709675502185525,-4.841976533494612,-4.302856980283299,-2.9905272847463946,-4.6403035658145075,2.047703674586454
Vald,-1.992712765236567,0.82422682130106,-1.8021773066579383,-2.8045548124703714,5.261388472137148,1.6515213680327776,1.505271686879318,-5.501959620283099,-1.3060806724259342,-3.7947774443525346,-4.7654705586413115,-0.7511335967175269,1.6130325485677395,5.021795430018699,-0.5317533782451572,3.751433214856426,3.1011118353512344,-0.40791745021690734,1.7254966819247983,1.7126352016611908
Veazy,0.87661134774516,5.063209509956574,-1.1676988983158332,-1.1599695858820538,-1.1460998856138356,1.546932728655644,0.8341523047791345,-1.0432551896543838,-1.0342452289003325,-0.9970273237335143,-0.9806709599877723,1.061605694018064,-0.9658263045654608,-0.9608271212170894,0.08389092037858836,-0.9213366149927584,0.2127278068504052,0.2261550355784951,-0.8829620611067275,-0.3103497013733847
Vegedream,-4.163421017335359,-3.6006549633534473,22.129345027485876,-3.877911206085252,-2.351982840614838,-1.4850793526800037,9.023199894025923,0.8811859737630507,-3.401795865157042,-3.5417699594322536,-2.335451308567264,-2.9057228316518238,4.4386443695279905,-1.948263152015944,-3.1128886291389453,-1.439650304365082,-0.06417499864178215,-2.54301740173301,-0.5860177472690398,-1.1024645198302518
Vicelow,0.23912729093402096,-0.634482223966437,-1.6315979518229309,4.5490024664462245,-1.6014181640920933,-0.9327125491332527,-1.4774195503354335,-0.7717108948455876,2.0147788744473645,-0.6753107042757255,-1.3702682532697383,4.474823873122488,0.13247547489342743,-1.3425409284089964,0.8990850103317067,-1.28736178148844,1.9268112268744835,-1.2481805096579817,-1.2337419282798139,-0.43364427076121315
Vicky R,-0.03416640076308641,-0.8340630449597877,2.8326102042665764,1.7221800782427965,-1.7145957811764567,-0.49071040596350635,-0.3174784093817217,1.002153725220012,-0.9009537339198866,-1.4915792807073895,0.5777270996697464,-0.7834657214746918,-0.7528131403348399,-1.4374228190512983,1.3536617471311068,0.07267263158907425,-0.602036502228927,1.6567364651202479,0.1931448428998118,-0.46429137240580615
Vincha,-0.9758586902624954,-0.9150455277989891,-0.8451184162563402,-0.8395243506178058,1.5816449369002332,-0.8130855023303936,-0.7652586650507723,1.8937691556257623,-0.7485317414631226,-0.7215953992958392,-0.7097575323204105,2.11144325841161,-0.6990137595040709,-0.6953956162306705,2.1877136271296473,-0.6668144861735734,3.9585168198579095,-0.64651977180244,-0.6390410231221185,-0.22461462314776262
Vin’s,-2.9102787930997547,-2.549406152503842,-1.0448911111352233,-1.8125137089379268,3.7211506280185396,0.3174422990701721,-0.4126940883621866,0.27290816670682655,-0.5755977267933501,-0.6692236506496506,1.0220764515535552,-1.5289151900499491,-2.7588190567136417,-0.4589631454642544,4.77900854999327,1.8189212849999923,3.0511432306772224,5.213953112168208,-2.8186378701931107,-0.9907146186514992
Volts Face,-2.5026219767966773,-0.7796306415643036,4.266695626801612,-1.7569124550855204,3.8534702591525405,-1.9187401941921909,-0.6500335452579237,0.7770676404011609,3.911648134770314,-2.8200191266850854,-2.052712476907431,-1.327682212928383,-1.9996430774549074,-0.14185526646082236,0.9746678313646171,0.8477233809090194,2.567450143488831,1.0354485474020458,-1.6965590036662492,-0.8778015139200847
Wacko,0.23375766297729153,0.0933880576598886,-0.044777024904299426,-0.5159398602473984,2.5486660206747134,2.679366081993499,-1.285364046919265,0.960090578863879,-1.2331318466838648,-1.7269019812987771,-1.109842076249434,0.07089433953444407,-1.6728602308536487,0.7393538639555908,0.1453033363946974,-0.9691576030189641,1.65248771975637,-0.9009180518467909,-0.8754562421311417,1.3227801997400785
Wallen,-3.4530903050199053,-3.4898467130453645,4.843474758185008,-1.0155638449101696,-3.1635362346178924,-3.1009864335383663,-2.2333177584546635,18.997940789339246,-2.1542106459105863,-1.6619631197210016,8.745267538263116,-1.5950265005523983,-2.2908307995335377,-1.8980253430886413,-0.0023147375550140485,-1.7566984054108863,-0.06506815294967969,-1.6546107350954709,-2.0269010754636434,0.31069600995817614
Werenoi,-0.7013561659087358,4.712765315105808,-1.872052846528718,-3.534713842063758,3.3795183342313933,7.384583947327612,-1.0494821216958456,-1.6062624346762855,-2.8343015903514477,-2.3799015249872233,-2.6537134418742174,-2.9855218501662844,-2.263558351179633,2.195287484121745,-1.2110150430235562,2.8913985662044692,1.6387342171236907,-0.88526917530617,1.0260348099754146,-0.9457121972404628
Worms-T,2.0244471904266326,2.902470956756071,-1.2133824969449378,-0.43905541403479037,0.37570852546361677,0.8744433276116306,-1.6228134552332545,0.08106075699949071,-0.2951116554073231,-1.868232228776482,-1.3816677930071202,-1.3786914307754765,-0.43714459179217513,1.8370643048576916,0.04321898936472933,-0.7177862643704911,-0.6322544801205349,-1.0935048971496586,1.8841599188346594,-0.7167219348256767
X-Men,11.423392243249657,-0.25473609282890863,-2.7325627468865994,1.3378735306345548,-1.9363112740708004,-0.3467431545160633,-1.66605466280851,-2.0317391238694698,1.298337779256433,0.23843915303721902,-0.9876437251799564,2.50506089709839,-0.9328130537549261,-1.8037071827548663,-1.35277104696858,-1.2284190336639769,-2.104421235422502,-1.6120521822705314,-1.5822723537320456,-0.726257457327278
YL,1.4388686779646411,2.516845934616544,0.5606723941045343,-3.9628659531782757,2.2653387432949423,6.895079399465699,0.8996968536866865,-3.4559239417253664,-1.3375853300554508,-4.457340629450897,-3.5065808752267666,1.2913709135759925,-2.315384965070967,-1.3919305904851855,1.0713718843716131,1.9379007741889787,2.6693634685768015,-0.6014945710488223,-1.7197492837848347,-1.4540928781941702
Yanni (FRA),-0.9758586902624954,0.17779627023255407,0.338147716186654,1.5427770063880182,-0.8294861985373984,-0.8130855023303936,1.8482367333003047,-0.7550526723080112,-0.7485317414631226,0.6642227486355218,-0.7097575323204105,2.11144325841161,-0.6990137595040709,-0.6953956162306705,0.746844124949031,-0.6668144861735734,0.8856064171580352,-0.64651977180244,-0.6390410231221185,-0.22461462314776262
Yaro,-1.2772662866604108,2.880507802084435,-1.3523869318345028,-3.7862837675326135,4.042308980660919,0.44391125685990457,2.305356767934229,-1.9745670252560876,-0.8167630332842555,-3.4674824477063795,-2.530986788437933,-2.5269305994643294,1.7021030348646669,3.5413773694106525,-1.5358998855699522,1.4770481257618957,2.308086503676903,0.755871207712872,-0.13993616825993402,0.7736424024797706
Young Chang MC,-1.0192511600738148,-0.9557338834367103,2.515975815246078,-0.876854586444846,0.28787107617943947,1.5058064499540575,-0.7992866076766367,0.4794001149329632,-0.781815905779835,-0.753681813953044,0.6076319901259214,0.609609061602055,-0.7300960604177172,-0.7263170330180772,3.413696695357377,-0.6964650162689189,-0.6797893844091394,-0.6752678784330199,-0.6674565801945859,-0.2346023225649848
Younès,-2.877820298125225,-2.9325094245877334,1.3495550534072411,-2.300963788532123,0.1253004469997757,-0.796517300772403,0.978826073692215,1.0648437822118213,1.4976934169523508,-0.9908280558589412,-0.5250125627606251,-0.9189142715155537,-0.8602865365305897,-2.0570620011108858,2.42339809907292,4.412586562933221,1.165019386150737,4.697123227631587,-0.49624582883964047,-0.795575183881561
Youri,-4.24833003582763,-1.3315338172075906,-0.25788136758129493,-2.287601556522843,3.038792050439181,-0.2370538345951935,3.3368816650910724,-3.4600860248191587,-2.2640917466876402,-3.3067655387074777,-3.2525176172308012,-2.941698072915913,6.4742865464277335,5.286003562570253,-0.6650358024798598,2.8348490647028624,0.7055383178376456,-0.2625096544249814,6.29142846649579,-1.0293135137401237
Youssoupha,-1.6840747210712868,-5.081212764094652,0.8159455463243911,6.103452340470258,-4.411713893068239,-2.9830452563304557,-0.5451602774021996,5.573657437731987,9.73713667840194,1.4810760171627817,2.7261575856429268,0.6115874486100278,-2.0487034611129773,-3.5287765209545334,3.6506879761541198,-3.7448967739881613,-2.2325783937132684,-0.09128166348487668,-3.5311909253060247,-1.4899248562594365
Youv Dee,-3.5596842965957287,-0.013334340626987165,-0.8282395341638001,-2.363535473466769,3.6861343625577603,1.5910185406253923,4.200018203195307,-1.9440263102005413,-1.1285797825630117,-3.5231572230295214,-3.1881726729261577,-2.3780284969127314,1.2376997891207868,2.926188771296516,-1.1716802543648328,1.3578749936362435,1.2680793352669633,3.6798339492142973,2.0129140079904406,-0.3305864313261755
Zamdane,-4.729487048204254,-4.408647600052603,3.4542898273374933,-3.300474783873836,0.101019562427688,-2.892856642197521,0.2688989341424043,1.9486321758214176,-2.99030204485604,-3.0987471253735737,-0.24215189025201028,-0.7936468784800097,0.995749460244547,-3.230185109573765,3.0490777782200773,2.8607478210565516,3.0942924632854036,17.848268801126068,-2.3010449623221936,-1.135258715281115
Zbig,14.325928869047845,1.076194584078157,-2.1621582211422874,2.042397620807239,-2.122164620953841,0.32340439153263373,-1.9578443471755753,-1.9317332476109674,-0.8706909099476879,-1.8461358727356187,-1.815849772106718,-1.8141333053537316,-1.7883628113793986,-0.6549460881070018,-0.6492209877145747,-1.1198119152863057,-1.6651371245132156,-1.6540617420037835,-1.02328033468061,-0.5746559831910837
Zek,1.5562992655866654,3.260375315928652,-2.754798194351207,3.5788923184708517,0.9663620090604182,1.1172489133889691,-0.0692685038641044,-2.326437178446777,1.7476888013589935,-1.4638937546393673,-2.1041820897358074,-2.1008491180958084,1.5566902727119996,1.9561730896651717,-0.20904929593171628,-1.50996706068846,-1.0313919354778132,-2.56394390926709,-1.7451077341188552,-0.8907682650082238
Zesau,3.8723051002837066,1.145688028680563,-1.641884797210941,2.7898182174812236,-3.143701956116761,-2.1080064812613957,-1.1763141541167004,-1.1143312956175841,3.5080879329889987,-0.5408596601861669,1.0276206729242048,1.7778959511150487,-2.64921939272874,-0.35890491483755005,0.4111485541733052,-1.3400950744080877,-1.2504660017473548,-0.001561046202787085,-0.35745406755889636,-0.8512756836828214
Ziak,-0.03452173372063201,5.619119178533091,-2.3516325038573815,-2.3272553345373215,4.475181399103445,2.9599325812352855,0.9328081159215144,-2.6936733170224443,-1.9214609504961346,-2.57431348046583,-2.532081530873152,-2.529688032341339,-0.08774045486986444,3.5654820963011393,-0.45653507880145855,-0.6974180088498869,-1.4605676986053253,-1.8729175977184285,2.545190136331754,-0.8013194836332929
Zifou,0.612846836860269,1.9184883756487272,-0.27033402926928035,-0.24726382959436086,-1.837848472751799,0.41884886815027306,-1.6955429413024359,3.1090988806135478,-1.6584819859547908,-1.598800564618983,0.9710316427834507,-1.5710855282798073,-0.2574183190899157,-0.8917169996475148,0.41323139636809353,1.9068402030554255,0.6383191267194481,-1.4324594879944923,1.409190549131921,-0.49766667985508467
Zikxo,7.217226066438894,2.189486016164942,-3.540075788296628,-0.8886303305304957,-1.2298029681997344,1.4003327856523984,-1.79573173122967,0.7140859511144428,1.7690629722454072,-2.172555894207617,-0.532479565221182,0.7637033220543877,-1.9917563530684412,-1.9624418320314798,0.6833365870807172,-2.00145719926555,-1.5928388651186407,1.272246365667386,-0.6335232765748724,-1.22839950750286
Zinée,-1.4944746481758902,-1.8712218329444243,0.007661235133763083,-1.7167848445274734,0.6618754394479477,-0.45986947800959643,-0.28689081091333424,1.6942040333989288,-0.22412596507467936,-1.4756261024517507,-1.4514182630991626,-0.07077996191724004,0.6692647459847533,-0.7188381582987909,0.6945504582528027,0.10310182417307087,3.1770956414953133,6.241622760239951,-1.3068065777520526,-0.4593255465020351
Zirko (SKS Crew),2.132272432923613,-0.5673835201695512,-1.2220392109316656,0.4335638285497771,-1.1994350614568723,-0.3251768263554225,0.7008373257754487,-1.091804360358151,-1.082375109935626,0.8733388672334019,-1.026307696151059,5.801682417645948,-1.010772226326726,-1.0055403997975498,-0.007105453229784401,-0.9642121540187056,-0.9411257870972581,1.2044778843842927,-0.9240517928006069,-0.3247922086268336
Zkr,-2.242319924542271,0.8526121771652629,-1.1755646793233678,-2.551278392486682,5.927640634365898,4.742947179551754,-1.4965429390387808,-1.6775731454055038,-0.8277862456453278,-3.344911918900614,-3.5616689662227903,0.09512548813165411,-1.7972594262203196,-2.0567692353746083,1.111384158940146,6.2169853748166375,2.8575374354484886,1.3791147707909683,-1.6476177227649138,-1.127149620652659
Zola,0.330189685685203,8.77423396915126,-2.7667817762587177,-3.735370714917856,2.6628084306100503,2.0967765450602873,-3.3583965726818303,-3.3062164458252212,-2.7101064910593733,-3.426283173755498,-3.370074549832534,-3.0698788269720914,-0.6074505341334977,10.629570850968342,-1.1711858711898546,2.5189261899753155,-1.1488446707613869,-2.418302272982511,3.2274467721850213,-1.0665163681473875
Zoxea,-0.7205835871709843,-1.2152198438786783,-2.4165366792951546,5.482023945480288,-2.015447477263128,0.09667654168480652,-0.2589783101567211,-0.5526521237395807,5.377470888129747,0.8153916401020093,-1.4127113594090426,1.309837807473858,-1.7498382880021002,-0.1482909210215968,0.25823560811813046,-0.7687704287116817,-0.6702742442772102,-1.4952636423630203,-0.16512035918107654,0.41073348132371235
Zuukou Mayzie,2.150695359738642,1.8640236984651615,3.9987567070023453,-2.1073533022803117,-0.9551244532861014,-3.047930846616643,4.570965487949887,0.5395383874173507,-2.7140029458803623,-2.5721322483592157,-2.827193604868663,-1.5509145941574913,4.327723262162567,2.4352876408711985,-3.0754302648964584,-1.2627180100549371,1.62336661635547,-1.4687189321998426,-1.066103587245532,-0.9953333598608727
Ärsenik (Group),3.4381829425098536,-2.0957730252861437,-2.8374751430350162,8.888860132277253,-1.7077870664763362,-1.6309937265225598,-1.790939058874795,-1.746150874485305,0.6700232995489559,1.704796245119675,0.9741066988626572,3.499749882315063,-0.6425766235297589,-2.3347826029288505,-1.4718800015706788,0.4411592618460303,-0.8123558572211502,-2.1706825301232167,-2.145572719391927,0.5718710999651615
​DA Uzi,-3.200175490237336,-0.1582719656825007,-2.148337037116522,-4.79536350027008,6.405358581431963,8.73179684038084,-0.0649648311064507,-2.0849260431954697,-3.5374720736297958,-3.106284673350653,-2.7824675289471137,-2.5483128166192386,-3.155187667166539,-1.961823210177245,5.2885188056768255,3.6601721542172125,3.9494491938847904,5.533200132607041,-2.169185065937,-1.3862727812122357
​nelick,-3.2758432072603694,-0.9294520650106909,4.5456296366524285,-2.256786548101328,-1.6395267865202818,-1.2450162789267831,0.31190388656332535,-0.8191307791744827,-0.46087093598486784,-2.4822351983424937,-1.118019547781801,-1.7650364900754245,-0.049760412664208546,-1.347824160515912,-1.338614086723379,0.5797936338328343,5.704515606979394,10.78420922068196,-0.5958234081899269,1.085550176500767
​​okis,1.208610750816154,2.4412970043512754,-2.264825617789557,0.4170291397036034,1.8257721029042422,2.869250639533634,-0.5879736275364011,-2.023459200693839,-0.5104582871202653,-0.8995628025327396,-1.9020731423408686,-1.3740355955358845,0.2620099735185353,2.429217012809003,-1.322253023146056,0.4514098948254039,-1.1708766902934717,0.5760625010759273,-1.7125605740104273,-0.6019428085498052
