row_0,0,1,2,3,4,5,6,7,8,9,10,11,12,13,14,15,16,17,18,19
100 Blaze,-0.6790972883123146,0.8164954047962236,1.9718578902953714,-0.8754817260248109,12.125970769030301,-0.861167443910445,-0.999043967499084,-1.0316731752681307,-2.6594484515720502,-2.69255747051873,-0.25220440309592446,-2.7585959291768614,-0.6298306664980411,5.423527970739673,-1.8413779150450613,-1.545420124948082,0.9866417213024755,-3.7617383092477596,-1.669130704125091,7.450206826041379
10vers,-0.7663209127087952,-0.6714638117012868,0.5570359810651986,-0.6206994029884323,-0.47597985339224613,-1.0651360791704083,-0.17452566543752285,-0.7517273310900487,-0.8605773093164634,0.6206790774031917,-0.7655300173429177,1.3478323154963727,-1.1302547747132472,-0.8455637286540325,-0.7377837280801783,-1.081183167817976,-1.1037589300801292,5.182743115938059,0.8762833565002589,-1.2775402565761536
113,-1.4646520821555535,-2.507897112067334,-3.422279896219721,2.4265757207778855,4.409755206420057,5.322317943046401,9.421555252481202,2.1786461719173866,0.20805086163371905,-4.304641577860603,-1.4602542719630136,4.764172009139933,-1.8526230784881395,-1.8915928002211695,-2.3927026297847833,0.6668957001921051,-2.9096519521795936,-0.7626373975523095,3.298577174483547,-4.561999944079819
13 Block,-3.359874520712295,-1.9291583691001202,-1.8900718156803669,-1.585648940604963,-0.043196801005308365,4.646007763712625,1.7806631016186225,1.4822623055020194,-2.3672631157140227,-0.9106271928791472,-0.8773381692916433,-3.0534178971159363,-1.630809148698545,-2.764245785647366,-0.9279044117891456,-3.178614972027594,-3.325583281925687,-6.115383664323993,-4.135497555617211,24.468623247034152
1995,-0.7156550017529694,-0.7898353966012872,-0.12776869589930367,0.6000091541268312,-0.5636681413405108,-2.6172956325906465,7.541931263411404,-0.6477710496987243,-0.7129668347891844,1.2001379488507598,-0.7120028110155555,-2.0733240443630576,-0.5855774922228235,-2.3463441240849328,-1.0703544989385825,-2.6668461473425995,-1.7568150868654204,-1.02475014480437,11.28203450187186,-3.5450303420280505
2 Bal,-0.7469172338265457,-0.6544619682595774,0.6311603485365621,-0.6049829430832628,-0.46392777432326565,-1.0381662312886049,-0.12308920301802966,-0.7326931699472701,2.737806314812825,-0.7046812795640938,-0.7461463643785953,4.876685271080735,-1.1016360846345712,-0.8241535768590371,-0.7191026268509191,-0.1048666316399223,0.7832512506783449,0.5968518109083468,-0.031736508371476554,-1.245192214804217
2zer,-0.3094459656373017,-1.3650477597981046,6.175987089600423,0.5354648427456409,-1.3420606269225202,-2.004306121421902,2.1246634000030773,0.7112368316932967,-0.36584824236786556,0.31847037267313577,1.0845707277316197,-1.3249917657556562,-1.9316746190761174,-2.3841298734458065,-1.5995214831630493,1.54398160350867,3.3143353420364448,0.04329316057512133,-1.5781253490372997,-3.602119848466689
3010,-1.2374939502159172,7.726465874674474,11.69113712781838,1.154333329581482,-1.527262309751252,-1.2347246276523176,1.793009863208657,-0.3819942019606926,-1.4718672552342833,8.724487875646204,-2.1661397927314785,-3.9785483518398657,-1.2354355146191713,-4.083585191512585,-2.6606194666198992,-2.0570690473635724,0.49517890284945415,-4.645186840175568,-0.8330889638646949,-6.288743895192096
404Billy,-2.483866003074426,3.952470852754878,2.201185915059835,-0.9916174637124561,-1.7617685565117984,-2.9278431780478686,-2.552673044452138,0.8116039963951025,-1.9295296042254335,9.176101587177747,2.1073985184279977,-0.2774625552548839,1.7924309739195314,-3.1297282413206027,0.5649449782745863,-3.502068221217142,-2.3719805418105735,0.23389642491481608,-3.080688173303803,-0.07610981344143528
47ter,-2.5242103703138583,-1.3074990339390615,8.962058892200918,3.3356333133565825,-1.567846136279976,-3.2234646683488726,-2.759139117420713,-2.0722857048054806,-2.8346847026790205,-3.3075660841217074,6.5995688222212685,-2.600271392554603,0.03743957748601868,-2.7852309616028466,-1.1957499459620522,5.704814198655632,10.941916001543165,-2.497700245744197,-3.1423139320079594,-3.4952278408068373
4Keus,-1.426195741279808,-1.6805990496640584,-1.2838183633326967,-0.5563478112192306,-0.6265456621405595,0.36960495439957564,-1.8098059224258276,2.249208309979045,-3.1852987746869186,-0.1446984105711667,0.6957145487142751,-1.7907565740508258,-3.4663616711278187,-0.5735957649293958,0.19875146767013416,1.9954049851629752,1.5444052718581918,-4.999707484158264,-2.821502905147107,14.93882569066386
5 Majeur,-1.3920910697116675,-1.219774588450911,0.25448858045930245,-1.1275564604496078,-0.8646603431327838,-1.9349157764168148,1.5497460410905186,0.09899809161109596,-0.9236505062154078,3.8242953672501634,-0.6715683833682176,-1.6215986537410048,-2.053209761384576,-1.536042793557694,-0.5941216353861948,-1.4549190981806899,-0.5088762773700654,2.42841873773015,5.4997649054932936,-2.3207671261675076
667,-1.370836522797482,36.26291529354327,-2.0801882984208637,-1.1103408470396052,-0.851458646613547,-0.3308787632602766,-1.4393928985917266,-1.3447307303712726,-1.5394474908918343,-2.592576145697949,-1.3694217261566115,-1.596839968471523,-0.04348604071860276,-1.5125903813356056,-1.319787655027746,-1.9340792475525204,-1.4679974334031949,-2.6780078906700964,-1.328395395080264,1.652822609678145
A2H,21.520390375143627,0.09659497970213149,-3.1521192065882095,-1.8388833305798793,-1.2361698230467522,-2.771306864840319,7.621748830477233,9.495733660192974,-4.698283038293141,4.098926518090806,-0.23318358095044295,-4.691721633642644,-1.9343201324631265,-3.7787001445223667,4.3629857260195415,-1.7750846062863175,-2.629530358703084,-5.127355354168245,0.6299670061577536,-5.628576564097417
AM La Scampia,-0.6168199828482873,-1.5385168719104807,-0.7878873567409147,-0.719065506669999,-1.090606853916821,-1.6210403542281306,-1.6999200373169774,2.9221942354655552,-1.9718303307598275,-1.8150660652490607,1.0964968619255473,-2.0453425672711822,-2.589739029936412,19.22462612842058,1.8588236139215808,-0.055311980973266534,2.215873854831898,-2.264056251508497,-1.5510341270340011,-1.5607247059555818
ASHE 22,-1.0684802513066327,8.235150287266274,-3.445944741194586,-2.1094649796822336,2.0914954790108657,-2.2386407841584965,-3.4383229129450714,0.18520847038013744,-2.5827812650459743,1.571375989019911,-2.6016760361616322,-2.374479556558707,-0.19651291294187376,-0.43776593670370273,-2.1085567042974405,-2.0415272125883495,-2.9514035519784776,-4.694675329142015,-2.695746930401774,21.22392485576611
Abd Al Malik,0.10211580640827368,-2.1020142185625974,1.853678610110503,-1.9430964823723818,-0.14781816459275476,-3.0344996203482766,-3.1227903746309984,-2.353278778193549,5.472162000156631,-4.537008254994141,-1.9792107420257683,3.646823164360459,-3.5382571115378982,-2.6470331673762684,-0.5777480617152865,5.7743891778850704,0.30701105934171835,11.316853099243266,-2.6502935167715567,-3.9993336008855414
Abou Debeing,11.422304885611057,-1.2442895764445066,2.300818419990426,3.434483709275356,-1.745620016349446,-0.06636064305214893,-2.751825350834941,3.0467107573110144,-3.1561020195281064,-2.493068583567728,-1.0265941542648114,-2.968306679788147,-1.7326504173464978,-0.19878949984869543,3.9466944096055814,3.6007469025479346,6.0806259981644635,-4.033215591604777,-3.561295979340468,-2.3375044393292086
Abou Tall,2.1830992136091534,-0.962091129003098,7.6907896526853,-0.18217488447178384,-1.3998987466921957,2.294040290374197,-2.5856484955570846,-2.210896408796032,-2.5310337990038074,-1.9164618863298306,5.299059632935519,-2.625393821946074,-2.42170054805148,-2.0847668600512272,9.812303503184658,-1.2929766596667962,1.0664128692950672,-0.7690442734897461,-2.7395711676115075,-1.8943477328424019
Ademo,-1.2407551221822757,-1.5747222224202961,-0.8937339398425255,1.9791773549197813,-1.116271703056282,10.712785244501639,1.7401716439160868,-1.1957280063694875,-2.0182326871936747,-0.45676420466730994,1.5466824780961759,-2.093474860073015,4.517283086910764,-1.9830227195204313,-1.1523071250572994,-2.5355992848833635,1.2746312420710342,-2.941243129132184,-0.8083681218640798,-2.3285624530486584
Afrojazz,-1.1621832063044684,-1.0183252899276185,1.0716001381964901,-0.9413372522807388,-0.7218591885203093,-1.6153588439031663,1.3670551647599285,-0.2628971595533652,3.292112691683124,-2.19796336580642,-1.1609837540947807,2.3395563800121244,-1.1307252264550383,-1.2823608869289542,-1.1189044229940908,-1.6396954587934007,-0.47914255938740824,-1.8299390100547357,11.070484603196919,-1.9374857281092752
Aketo,-1.2083322331767992,-0.2653534554620658,1.399964377862556,1.350450661563931,-0.192633665461504,0.37762631968169746,-0.1461141612856886,-0.5884989714204869,-0.9857590558392273,3.8071926228902657,-1.2059200202044196,-1.096080542991189,1.5933615479969936,-1.9557945708169122,-1.7064987072457432,1.0980876072400643,-0.20282719749831535,-1.7299347890059127,1.7365193884962773,-2.2781308728721146
Akhenaton,-3.6910902995364814,-3.234197998278177,-3.101559748167032,-2.6552007415519747,0.7606493007458245,-4.350704592483691,4.4493158036773615,-3.620798302220135,15.15485720577587,-5.548208927764645,-3.416078284099723,4.770939074668871,-3.2397776345268072,-3.8272413621834067,-3.5536370164609337,-0.40705426833732755,-2.118758695016921,11.788635437705066,7.925324433568128,-6.1534487312909185
Al Peco,-1.6524835845478196,-1.447935072728939,1.0815470741410824,7.627010429449879,-1.0263962281931691,1.621575188214286,1.0475192804859974,-1.6210141914234186,-1.8557367458931753,-1.5253588867510688,-1.045003174984635,3.2700978657035917,0.024509956830860134,-1.8233616727671427,-1.5909464029839195,-1.9025301252127214,-0.6995497929732469,-1.0598450617335489,7.0947158826105285,-2.7548697516793585
Aladin 135,1.0173406005145087,-1.0966842707088926,0.08329820833594032,-1.5987950546096406,-0.7827750400938847,-2.4765904747095084,-0.7402198021500341,2.5147650495358955,-1.5752992064878653,1.2311811850924235,2.6970978546886837,-3.1990856594834627,-2.148157344851344,-2.9991880869830263,0.936798848331514,0.7516078683718157,4.273740174233417,5.10115483113789,-2.596691107045269,-2.3831976480062798
Ali (FRA),-2.005653765778296,-1.7573889740157937,-2.0577894107860395,-1.624525801686709,-1.24575849317066,-2.07029776544176,-1.104630580540378,-1.9674587074938088,1.2995052204605615,-3.529533687271398,-2.003583794513815,10.932433156848244,-2.6201118409724424,-2.2130520626975487,0.14053851055938843,-2.8297271495392375,-2.8888135738303844,16.49958810023602,-1.9951038373603627,-3.3436428315114264
Alibi Montana,-2.227609349582733,-1.9518703458045972,-0.7178251208086479,-1.8043038764848227,-0.6608786647049685,9.176751706692599,2.8190718385939944,-2.1851874368908577,-0.9026269065858284,-3.738207950475876,-0.8771837120250783,7.810300843012524,-2.372428230308807,-2.457959369703733,-2.144654939458336,2.9025341533698694,-1.026801870192349,-2.283635406563452,5.88047511167558,-3.4443912846167706
Alkpote,-3.5432996398513334,-3.1364337614848834,-6.33406256491564,-2.930015792865741,-1.5977988710554794,0.3620176154081432,-1.775327599353646,-2.617493150886372,-2.251726527005707,-3.45303316213175,-3.144548105159571,-2.590913661880435,60.54223758509047,-4.57313167580361,-3.699072143128944,-5.682327747940493,-5.728163784808792,-7.175631310788712,-3.0646209633103103,-4.290858817170453
Alliance Ethnik,-0.6636533778382588,-0.5815047186337492,1.9718814503939388,-0.5375414510785631,4.4396776424027315,-0.9224349030353757,1.1717640509155798,-0.651014965423857,0.5964925130875787,-1.2551255294773462,-0.662968442359654,-0.7730668255065545,-0.9788293476375591,-0.7322796695160141,-0.6389394509966613,-0.9363320894611512,-0.9558832730902469,0.2461475901191703,4.6359926334049115,-1.1063823165409408
Alonzo,3.4925713140580847,-2.3262760047025632,-1.4946531084864871,-0.7899386562086518,-1.6544754742099335,-2.5672121611953127,-3.119537640351787,0.5030903832680881,-3.355125659293879,-5.49364453084126,0.78889232210849,0.47855344589396315,-1.9226365723332148,27.0915708872485,0.2052824790642927,-0.4690216932892373,2.7367158007769734,-3.54567581781318,-4.186525533759144,2.9368148666474814
Aloïse Sauvage,3.8322920599678176,-1.4401294359578716,-0.08834039226848628,0.9222659861637513,0.9382635793413107,-2.2844623851690686,-1.485393979635328,-0.9920341176704617,1.4050088580847087,-0.8564196436987218,3.230587357230231,-1.9145438646317805,-2.011606689079159,-1.8135321581792883,1.5774478053666579,-1.025151301701419,-0.2551875893065389,7.37838101922399,-2.235673192144713,-2.7400185936146957
Alpha 5.20,-2.9778248595842736,3.90612896152842,-3.190919807591653,-2.411958334911688,0.3130368907933806,23.887230795532478,-0.23004273515557067,-2.921116071650918,-0.05471106939239804,-4.921515112476062,-0.957776370303104,9.79243890180809,-1.2044296591110057,-3.285752287005395,-2.8669330172939667,-3.011242521266612,-2.1907066855257487,1.058628872465451,-3.06307479217805,-4.360049932651286
Alpha Wann,-0.8179284366613333,12.117202438444822,-2.1044160316748775,-1.2518274483865168,-1.6659294872105106,-2.923250126416342,4.29918167581995,2.3099556326818367,-1.0200023229565136,2.0245215422385923,-1.9329067722340088,-0.2436785278516391,4.891671000152434,-2.9594730504791813,-2.582243048498458,-0.8772727267558215,-2.0511663857123668,-4.4762765796679815,5.122711059175081,-2.905882500548834
Alrima,8.95825569411687,-0.7292741169537913,-1.7439059669707324,1.3932140140815719,0.06554560940593895,0.6665100701694062,-1.84241981873268,1.7863965267174624,-2.7474475564819105,-3.6291259319478333,-2.3676560792561365,-1.3050455456752077,-1.0624409841595912,6.254509405359148,3.0594492125578525,-2.8244866836306226,8.745258934189415,-4.784329539827601,-3.4534019218529397,2.4531495841035813
Amalek,-0.6636533778382588,-0.5815047186337492,-1.0070668295569312,-0.5375414510785631,-0.4122106446969535,1.245739775940589,-0.9448882863560079,-0.651014965423857,1.938266837946901,-0.4583924725432426,-0.662968442359654,4.401130109809715,5.150941908051686,-0.7322796695160141,-0.6389394509966613,-0.9363320894611512,-0.9558832730902469,-1.2964849951676398,-0.902734489129134,-1.1063823165409408
Assaf,0.467904523416417,-0.0995387594004487,-1.8201647611118177,2.1163066615987414,-0.7450263157711243,-1.6672016748623277,-0.5366752807601207,-1.176639389064904,-1.347016554521655,10.956069562290889,-1.1982440103772551,0.7498627306287379,-1.2038785083619181,-1.3235165836598006,0.5770661364400894,-1.1014143183104002,-0.5700181351822307,-1.9165004534559025,-1.0186982168574696,-1.9996668004240175
Assassin (FRA),-2.3306740671814836,-2.0421774573358933,-1.274708411043928,-0.29861828291267134,-0.7568549244639721,-3.2394849161505945,-3.318338606895191,-0.9741195921331536,9.608792252868326,-3.9541206675468183,-1.898764953264552,19.753500081247946,-3.437535696778196,-2.571681682978401,-2.2438816084987527,-2.071852593407492,-0.9738373346042223,1.5965429536585354,7.554240019026208,-3.8854870019306644
Ateyaba,-0.806438095466699,25.497891544052855,-2.9259746050496185,-2.2620233049670526,4.3946980406417575,-3.2074674642807266,-2.918370180752709,5.869569729341463,-1.4762011321739779,-0.16513553005411793,-1.414623184747093,-2.2178587573747293,17.44338667687423,-3.3193938182405165,-2.183065185452294,-3.7301921176704447,-4.056979452260628,-5.113001903911304,-1.9543324148736982,-3.227340558682584
Axiom,-1.837572995200554,-1.6101136576078785,0.0805440538619974,-0.1446464279476602,-1.1413595928882354,-1.3795275799308642,0.8237252679583554,-1.8025788158204523,1.3285516876988692,-0.885569728731768,-0.7461599019851242,12.80907757767457,-2.7102557390598836,-2.02759059254156,-1.7691432303912953,4.3502882110770855,-0.757590905801462,0.31012953574726465,-0.09913481367172093,-3.063433917471996
B.e.Labeu,-0.9385476077068554,-0.8223718597365985,-1.4242075686105933,-0.7601984105187898,-0.5829538843707589,-0.5379544411443097,-0.5879242189590542,19.7163764946402,-1.053987646045031,0.47848584315438786,0.12899786948403338,-1.093281589297818,0.06052720199714861,-1.035599840127916,-0.9035968371900323,-1.3241735398388574,-1.3518230888867993,-1.8335066636065633,-1.2766593577875334,-0.28642862322808715
BFG,-1.152760759443061,-1.5163787843327758,-1.8645259876208742,-1.4017366085138825,-1.0749138508131946,0.5046836844607736,-1.2464185184965484,0.6585737495076225,-0.3998162968210262,4.059829373379475,0.584919819289182,-2.015911643433738,-2.1606979931604764,1.2325469039525474,1.9349655794373766,0.01569389519610357,4.327443491174244,-3.0850329437081605,-1.92924256264068,2.6606580576404033
Bakyl,-0.8394625003690213,-0.7355517524479874,-0.48882817526369154,-0.6799421289082149,-0.5214098052610489,1.4043407668002696,-0.3585193476647428,1.6052528195902755,-0.942715209590063,-1.5876221690481847,-0.8385961179039988,-0.9778607808773447,-0.43046379234365195,0.15333173144301523,-0.8082015808719157,-1.1843768196260414,0.4450055478571168,-0.4203800742144761,-1.1418788432409026,6.460613847002297
Bambi Cruz,-0.7852452663484085,-0.6880456619662987,2.165316875805001,-0.6360276222922289,-0.4877342123350271,-1.0914396962329327,0.6708908309971923,-0.7702912951138394,4.788202065957912,-1.4850845540520932,0.49036830404426845,2.3650409125980163,-0.29473279339397,-0.8664449897027946,-0.756003353759678,-1.1078830689637598,-0.24685581841794266,-0.8821404873391535,1.7405174239357148,-1.3090892110686336
Barack,4.2263629376545895,-2.39289957197542,2.129896818927352,2.7609072288884042,-1.6962522294099902,0.15587128777418785,-1.5735485018977464,-2.3056525072746874,-2.414708362534228,-0.32445401498168647,-0.5288102395748062,-2.8668314157133112,-2.7865526676856565,-2.349625239320751,7.6398663426753135,9.123818676940303,2.1680071706950574,-2.5234592900781454,-3.445568222969147,-1.2580859243823501
Bastard Prod,-1.1747477142279854,-1.0293345319342928,0.4612420989106544,0.09944233432598377,-0.7296632984452244,-1.6328226902939278,6.099911616422307,-1.1523761772347838,0.19678430426399862,-0.4213236489457821,-1.1735352945905217,-1.3684229094848013,-1.155496406779656,-1.2962246507804807,-1.131001038581191,-1.0540759179814208,1.2629992506345806,3.8054478162599805,-0.3463473569755731,-1.958432128512694
Beat de Boul,0.46897804577681573,-1.326034779689146,-0.11920696929821731,-1.225783105155135,-0.9399848943188853,-2.103475215489118,2.9504971858439295,-1.4845425300375512,0.06571688447098646,-2.5127360098981133,-1.511800651328371,1.6406895940016564,-1.3360468290873184,-1.6698545670895146,-1.457006120449587,-0.7301224831701255,-2.1797492345779967,-1.2652178113175687,16.886810295378055,-2.5229398562517087
Bedjik,0.6229381904543478,-0.9959417809559584,1.1740840936327126,0.16554783610425938,-0.705992213808105,-0.9468814789146797,-1.6183079732729673,1.5756108814168133,-1.276442427923328,1.1066926000582773,2.387322823475742,-1.3240297564039458,1.902576587914403,-1.2541736890852409,1.6471431200506175,0.2670741702176467,-1.0263174010488347,-1.3197834605600511,-1.5461112626820124,1.2714982153551597
Beeby,-1.5551272377860592,1.97665548480692,2.1824677415301093,-0.6768790495026533,-2.3049419625736522,-3.4130610625006987,4.1799393088966825,4.32622102541869,-0.5679642269395998,0.8184915038562498,-0.20030487012819642,-3.860056318537957,12.797294091606716,-3.850438707098358,-3.2928346507887523,-2.561676158252844,1.577415409803678,-1.8698254033491373,-2.670504295042958,-3.600243637277394
Beendo Z,-1.3205173921831004,-0.9183837371682312,-1.2933177856233813,-0.13132553419394868,-1.3795206760888197,-2.115258489531406,-2.845965606392381,0.5752068691432233,-2.4941900018537195,2.703563106356844,-2.218716778533394,-2.5871764431608355,-1.1389001429908927,-2.4506765111186355,-2.138300392336644,1.3341860821986233,-1.6360075449621623,-4.108393856989969,-3.0211274466808367,20.064011983470422
Bekar,-2.9079834035650394,-1.3706439998892914,-2.1465830189054453,-1.5062718500715306,-1.8062165488579656,-4.041907234005668,-1.483476249589506,3.8079748144998953,-2.0407945055419066,6.13734661603129,7.077867412373858,-2.501776492244575,-2.65693906462925,-0.4038046629346052,-0.6565998264120231,4.427954388404297,5.122803865531607,1.1841815338168462,-3.9555843453014856,-3.1977336719694693
Benab,-2.0675588730857632,-2.673235653793371,-2.469567787574016,-2.471132093004664,-1.8949737759991745,-2.353967568323759,-3.883314416166203,0.34859227073397964,-3.4261354162750584,1.3358570467326452,4.170748505440058,-2.146947335137475,-4.277543679251444,4.35710505844061,10.340371468084653,-0.5872970995014417,-1.89104383129986,-3.2755404774054266,-4.149961203616621,15.951369669619615
Benash,-1.9983204550604288,1.6757215933665826,0.9249319350448204,-1.618586016527183,-1.241203602258738,1.542842407285649,-1.0877641060766052,-1.9602650501074645,-1.798500322822925,0.18969573727787303,2.512177111974983,0.24979526766728208,-0.5723240656241109,-1.2979146847825465,7.432068769244626,0.7274973773763799,-0.793651963478501,-0.573773993709718,-2.7182153444432426,0.8709980519914218
Benjamin Epps,-1.764203227828545,7.510822233932932,3.299496549800058,-0.029335424137740696,0.729382793240596,-1.6365090952689585,-0.12310538673867351,-1.1527740996058484,0.03778294285901759,-1.2385348666611211,0.5072724708304704,0.3779607043664409,1.6254073264729108,-1.9466338901475913,0.06775273340044703,-0.4802886415992451,-0.5733486233864697,-0.8351065479678131,0.5172041394347688,-1.9210984497719645
Beny,-1.3443571893575057,1.3952435686311153,-0.3909081860176962,-0.20495076645505259,-0.3082069913073915,-1.0759088823123277,2.565899614988289,7.934096676208326,0.7383578798530582,-1.0148420294721685,-0.8085810932141774,-0.8145470260050031,3.010656285475443,-2.071199680328254,-1.8071936744630661,-1.8931590549939952,-1.2241626445373375,0.6962105206020897,-0.9867301125554397,-1.2119733734876537
Bigflo,-0.5683187993064831,-0.4979708904026736,3.7758156713782034,-0.46032299728952053,-0.352996106797819,-0.7899260578609753,-0.8091539865901389,-0.5574959095134888,-0.6382212139029069,-0.1444415240327748,1.1936614115989954,-0.6620148781453277,-0.8382193749992606,-0.6270868444828201,-0.5471550567580797,5.433932985466701,-0.8185695307103712,-1.110243419833182,-0.7730556312924974,-0.9474492117786395
Bigflo & Oli,-1.8889931814415233,-3.1278972515541392,3.8132453590723188,-0.8163151935522177,-0.8642536296674306,-3.9540421849856466,1.0168009956393032,-1.7883818844382313,-1.264920187727853,-1.5670855445449912,2.04229780656492,-2.7154085159612906,-1.6564232858108807,-3.431156897356817,-1.109115376284394,15.811292830816024,2.443417221148541,-0.6643864382592503,2.7639973730397176,-5.7831654689582255
Bimbim,0.5904337383225811,-1.0071957176139836,-0.02439432407910576,-0.9310491045497771,-0.713969780175908,-0.9718060014917599,-1.6365945195063984,-1.127590996690501,-1.290865964023112,0.12602903753700523,-1.1482950260688052,-1.338991019498019,1.8436429225594058,3.4622262894262974,2.5077530876911447,0.8446590088374571,0.15635147452876696,-1.8002582137287295,-1.5635820009803503,3.3020509403568337
Bisso Na Bisso,5.048499124275885,-1.6447437195643966,-1.444125450841761,4.399110424929097,-1.165907768870173,-2.225757146097102,-1.1758484379428025,-0.7551878244307356,1.212746741855438,-2.986655745264503,-1.3418695093108024,8.332227325056559,-2.76854747748211,-2.071199680328254,-1.2538495508640888,0.3724050192270813,-1.9639044111832082,2.6051209540391427,4.4963299982188705,-2.490205627533063
Black Kent,1.5139398995661562,10.36998477150502,0.52360185862187,-1.2687084209525084,3.885661888501862,-2.1381674707613745,-0.9150295634301485,0.3286751701755488,-3.4369264206839376,0.08599822783789346,-1.0948362067563169,-0.4795564850855869,1.4675086926581897,-3.080842208199294,-2.607136765942742,2.3981489446387343,-1.005329785067657,-3.9717667689400713,10.729959546089608,-5.102170152092048
Black M,4.247092505809985,0.2100368578248924,9.471681055890341,14.919544959806023,0.9758523803795986,-1.954528371290089,-3.812647726297031,-0.30714603225812487,-3.8428471316976447,-2.9800403950736354,3.998405235895216,-2.2295086149972754,-4.242725781100357,-1.8691201530195687,7.410664749880864,2.350189659305147,1.5353936252809488,-3.488865982939127,-3.3003937809274655,-4.51735151342665
Blackapar,-1.1994819574380267,-1.0510071092456186,-1.270763947880502,-0.9715482411475926,0.5972081511883561,-0.4675867571930543,0.6344331838516536,-1.176639389064904,-1.347016554521655,0.8172297334661272,-1.1982440103772551,-1.3972349724041955,-1.7691285557477523,-0.5679537049705871,-0.28887403084952024,-1.6923193416015305,-1.7276559989440887,2.3510640552984023,11.239243443528204,-1.9996668004240175
Blacko (FRA),-2.234190189177311,-1.4468165541255944,2.8038643327697623,-1.2570363066010963,-0.6670950241593863,-3.1053786196741515,-2.8665982549012385,-2.1916429529843646,1.0781048416044374,-3.9887171775695416,4.488893980193286,1.6241244249589721,-3.2952306102498787,-2.0595775206685674,-1.6860886602560687,-1.248708969313833,3.3078450653898432,13.506357339202314,-2.3809582976049044,-3.7246378900126182
Bolémvn,1.5116187075690304,-2.565659622310907,0.9581259687501008,1.00143432628342,-1.2688781501020723,-4.069879244124752,-2.969601984929153,1.65357088661283,-2.9841491953600414,-2.106745679962606,-0.8738644101934221,-3.117669759846653,-1.5400818424339968,-0.13577635727640913,1.0829316106005626,0.7100190430163195,0.9989566989189813,-3.9720451015533595,-3.4808197140832218,18.472125103627793
Booba,-1.5372923576098037,0.451056755903488,-3.5064686915228767,-3.3314925694177986,7.712513122007799,18.030530166386797,-3.032563224381425,-2.311054961953549,-1.6053819049130027,-3.085179252657719,-0.40624083103695474,-1.7213413003351417,15.343260608298584,-3.491973314178301,-3.3567589295304034,-1.99033257755129,-2.3652754729482908,-4.797062748224658,-0.11982400148927827,-2.3110968509204097
Boostee,-1.2830020738537236,-1.922779741468131,2.3759064258613174,-0.6521814592760801,8.908469622304631,-3.050085558038362,-2.804260272457802,-0.2944183327757212,-1.6527349422651922,-3.4272807911144527,6.475168034915766,-2.5561911763859415,-3.236557124162829,-2.4213260330417183,1.6739486574092501,4.009819824563168,4.748994307269464,5.743643823537934,-2.984944974417129,-3.6583185590563114
Bosh,-1.1108593373123552,0.32286644373407314,-0.2724263943384599,-1.4031910518550712,1.91559037349525,-2.088156944600952,-1.6056681616020039,2.822969976086731,-2.666401269846587,-0.25929407807697513,-0.2639004509116734,-2.7658079569855176,-1.7886431838083443,-0.3297051266479774,-0.09865457318830984,-2.7528949676880243,0.08903133077741093,-3.7760878984569892,-2.3008483168416065,16.757578459724495
Bouga,-0.593589626520633,-0.5201136320215541,-0.900747955498695,3.6790139809517375,-0.3686924090094376,-0.8250508591900904,2.7046001073428165,-0.5822854868057942,0.8335489829995782,-1.1226184016737975,-0.592977001604471,-0.6914519891785873,1.4089392851467752,0.8718146619525116,-0.5714848183564738,-0.8374808806078788,0.3146664405446401,-0.29725360114723376,0.43106676214366585,-0.989578427545588
Boyya,-0.6178276715886449,-0.5413514318267512,-0.9375281965295776,-0.5004238570758069,-0.3837472260589614,-0.8587401607080175,0.2571815434009512,-0.6060619499399784,-0.6938196079794346,-1.168458278573245,-0.6171900313594518,-0.7196860480739343,-0.9112405314791261,-0.681715272276448,2.767540006856,-0.8716777371869686,10.347605229132157,-1.2069618457055127,-0.8404000734579574,-1.0299858832174507
BraSco (FRA),-1.129960385203867,-1.5014387275284016,-2.215654803772015,-0.6674265814928282,-1.0643233082933592,3.496396418236763,1.6591885613387238,-1.680913412980823,-1.9243093636294084,-2.006426637746332,0.0407874131967571,3.013844679872122,2.2207738898480263,-1.8907379766843821,-1.6497345688017306,1.3051025873149844,1.9888257770085893,2.92580996455194,-1.0437665540648642,-2.8566668577668137
Bridjahting,-0.5418707138953169,5.843698309214461,0.3938839195615391,-0.4389007568746016,-0.3365685819675569,0.5745654647047949,-0.7714980551467355,-0.5315514933700063,1.0348111717505417,-1.0248057034370919,3.1534190600723764,-0.6312064198283482,0.4520235023652522,-0.5979038464148354,-0.5216918771266649,-0.7645119496361432,0.5007948999921666,-1.058575565762733,-0.7370796238368637,-0.9033573786361254
Busta Flex,2.7880653366881605,-2.413714165514911,0.5283964779192066,4.575207138775279,-0.7930901007117581,-2.6019053687782603,1.0396998327235036,0.3547800696482687,-2.657140888472392,-4.0488842450577,-2.923391497064672,-1.1320222098483443,-0.5106372358765912,-3.8609962059841787,-2.181505692335153,-2.5061905290745514,-2.063749046968048,-4.7877699545107415,32.0070503603371,-5.147781611364045
Butter Bullets,2.9950269800049836,3.741809758801505,-0.8825232708688123,-0.4660503322052259,1.7600301610596285,-3.5957516322149585,-0.4037701685877969,-0.14801960014719384,0.737849038759997,-0.288994731667275,2.2820239852020365,-1.9928398157914884,19.376254446632185,-3.060426776273297,-2.2958429459897176,-2.6355077408921077,-3.494302735516413,-3.203749537478263,-1.3873217944422644,-3.7588522496036285
Cabadzi,-0.522618048356415,-1.7637911408436389,8.076223587390007,-1.0171140625816464,-1.2502967905075972,-2.7978835901317485,-1.1213890484427953,-0.961776211087995,-0.048702185966658075,-1.7055833417135107,1.4701752364252632,-1.491886673046096,-2.2952944976898575,-2.221114209845059,0.12598491398349412,-0.02316998681916345,6.06822828560329,3.950725290536474,-2.73812927619603,-3.355823720054643
Caballero,-1.3780951618894783,-0.002050214347672587,0.7717809514173916,-1.5843956654531026,-1.5858060134461198,-3.2668828409741097,2.4171155206963295,0.29045936820499874,-0.07693535372705035,4.283875127339568,-1.7663276395616354,-2.3015632342305983,0.21776372947429712,-2.4621657161868495,-0.8307423838055015,-0.5484024399861551,-2.317683966858162,0.024675719315594206,8.908733692750715,-3.0816189511930423
Calbo,-0.6178276715886449,-0.5413514318267512,0.12910638959583345,-0.5004238570758069,-0.3837472260589614,-0.8587401607080175,1.394006209809042,-0.6060619499399784,-0.6938196079794346,-1.168458278573245,-0.6171900313594518,0.6698087218791425,-0.9112405314791261,-0.681715272276448,-0.5948202577988801,-0.8716777371869686,0.23386951416461327,2.1071445727846876,3.919237777327826,-1.0299858832174507
Canardo,-0.4207455357306771,-2.623610530555818,0.9162269677279702,6.029967593558899,3.1409834614046384,5.520766089395169,-2.1101441110389874,-1.2038435864149268,-3.2683680977547556,-3.8884526119959206,3.73253180168995,0.8893971986999624,0.030713105323028816,-2.12015872724514,0.1268928476320047,2.571967450143228,2.1168391376377897,0.5163867481641068,-1.7693201030526584,-3.5043883697055036
Caribbean Dandee,-0.9991602274926829,-0.8754816992898913,-1.5161847375235613,0.4263534012953648,4.213415751013216,-1.3887675378643713,1.3892361024770057,1.0604078598271167,2.4428304125891764,-1.8896483486486195,-0.9981290260984205,-0.30469728743665425,-0.11651776189609821,-1.1024802187504443,-0.9619522909603193,-0.7003147535147948,0.6454736109086456,2.146618243363554,2.3197767179277142,-1.665708702703906
Carré rouge,-0.9227725748333223,-0.8085494995115701,-0.6861214134423808,-0.7474210566386156,-0.5731556422614985,-1.2825936836789897,12.386757243420007,-0.9051995755032496,-1.036272306271391,-1.7451812274379583,-0.9218202106983333,-1.0749058000793887,-0.626256885881392,-1.0181935611204778,-0.8884092540624706,-1.3019169372451243,-1.3291017548915753,2.0803982589956664,0.3381684656126346,-1.538362182792259
Casey (FRA),-1.8455451497479214,-1.6170989991158988,1.841424022060706,-0.8258751428821027,-1.1463112846538517,-2.565187367416455,7.647800624933953,-1.8103991510893538,10.472420567452863,-2.630852865664762,-1.8436404214780273,4.82754399599242,-2.354638908189334,-2.0363871223146153,-1.7768185082093617,-1.0676375607044524,-1.9058156687399368,1.9418893810202351,-0.9170329041618419,-3.076724365633271
Casseurs Flowters,-0.37159500650116406,-1.4026993711551976,2.6762133971189748,2.1608963860754904,-1.3629988743830619,-2.0665065918479253,1.0365644320465868,-0.2944183327757212,-0.029568056139827496,1.15087052880213,1.0010759950484798,-2.1649841300497044,11.902987187821662,-2.0083291931544753,-2.1126910805801846,0.1338976874532084,-2.2115231062148895,-3.5870986246040997,0.030185983451339323,-3.384968935766402
Chiens de Paille,-2.2077491372765112,-1.934468479777506,-0.6637372267925782,-1.788217636741297,-0.6420414670921674,-2.4168700580615425,-0.5982439928791752,-2.1657054364073782,1.150758886036442,-3.4568776897206983,-2.2054705898266467,0.15017217566856983,-3.2562324246827608,-2.4360454758105554,-2.125534305748806,-1.1886072695753152,-0.6640951743082181,16.554351596141306,4.322695351504827,-3.4088598336786062
Chilla,-0.9771210168137292,-0.8879927004043556,-0.5024682629063234,-1.0939796277037062,1.5778657849443016,-2.4109487420256253,-3.0754205471456504,2.3033372910455436,-1.112862394409683,0.5791150643971413,4.528675348812053,-1.9563356461240706,-2.1601819813628604,-2.8107840744771164,5.702414733450557,1.970780879983569,-0.39847640888994784,6.276613027304695,-2.3106765297110408,-2.833892341999837
Cookiesan,0.4804658456026416,7.8170941120706425,1.0803650210997022,0.42455188079930894,-1.3795206760888197,-3.0870576419633453,-2.529730177686063,-1.2607395724299264,-1.2913947064984612,2.4654935704374403,3.6405258816898343,-2.5871764431608355,-1.1389001429908927,-1.2265247365620378,0.2000053096170734,0.05768533773734637,6.491539174308634,-1.5731707824351604,-2.690125190854889,-1.812132434324908
Cuizinier,4.957893355292604,-1.5603408963210168,-0.11180408942394103,1.3308287106257215,17.879938828503278,-2.4751525777318775,-2.5354013274446534,0.5429710609514042,-0.9997014186800349,1.9767926206835105,-0.09252496039199501,-2.074355967728593,2.323125464732452,-1.9649125436524333,-0.5479026150097183,0.2736906145219251,-0.6155132536126494,-2.041571245169811,-0.35812909420914546,-2.9687352827715014
Cut Killer,0.8431573055191995,-0.5815047186337492,1.9718814503939388,5.043423501377362,-0.4122106446969535,-0.9224349030353757,1.1717640509155798,-0.651014965423857,-0.7452818117717437,-1.2551255294773462,-0.662968442359654,-0.7730668255065545,-0.9788293476375591,-0.7322796695160141,-0.6389394509966613,-0.9363320894611512,-0.9558832730902469,-1.2964849951676398,5.74373805791172,-1.1063823165409408
D. Ace,-0.3285727405789447,0.03875434024931249,10.401251114587417,0.8671780674407332,-1.3246923420172338,-3.2062187285593557,-3.0961296102929956,-2.260217446870121,-0.6925021397941679,1.387041504423619,-0.3227217958935027,-0.0549020197780887,-2.837669259107935,-3.0050920721084218,0.5793184422817108,2.8646851364349137,1.9364208327674923,-1.0741263625173725,2.5446688856982767,-4.196666021057521
DTF,-0.7395505010856791,-2.6647893904884175,-3.531526961867949,-1.2454579915432207,0.22855116981694673,2.396755290834564,-2.9443478734530912,4.726192458659469,-3.415310316810645,15.111661066807274,5.51986859563357,-3.5426372454252792,-3.8167467026601876,1.114243255849168,2.536514126026773,-2.8924761709744633,-1.1843577390836075,-3.7531454447277075,-4.136849129123276,0.05804277625838102
Dabs,1.5258807079550507,-1.20981376999606,-0.9111807092584847,-1.8116761463885644,-1.729320686352307,0.5231245144965352,-2.4504171676587077,-0.5342931186840714,-2.806799729013345,-0.3277884814175097,1.892750024332882,-3.24319730752826,0.2769611571095795,1.4850791149998297,2.5424020494866952,-1.8915428715580322,-0.5190187574168013,-4.33592789366164,-3.7871836792071494,14.964051972309278
Daddy Lord C,-1.4539917017567285,-1.2740130069147315,5.045347880433002,-1.177694313560487,-0.9031082743874594,-1.5261377085084853,2.760429449749379,-1.4263023274775806,0.8169029093911219,-0.9315561450346038,-1.4524910833085938,-1.1032828097187202,-1.2118926576778732,-1.6043443737038245,-1.3998462008990815,-2.0514008269478903,0.29327096143938275,0.3280486841169225,7.628879479947166,-2.423962208055561
Dadinho,-1.1105045055042173,-0.9730435067360987,-0.4983037173849176,-0.8994788895451701,-0.6897603379900431,2.3436677887091957,-1.5811005175256319,-1.0893563965738267,-1.2470950008967898,-0.19567043029603876,-1.1093583892328938,-0.5205446955823083,-1.0273549448450605,1.2229652935233326,1.736816646119161,-0.9285328894631002,-0.9743027478373925,-2.1694343409574626,-1.510563723315593,8.951702563597994
Dadju,6.0988729223800515,-2.1119655516672875,10.87585318744406,-1.4572267830549033,-0.49944336945692797,-4.251367663635353,-3.929279306285642,-2.524867349802954,-2.7856766056830438,-3.296730721865829,0.20411471204277987,-3.2169378228408587,-4.537818834133985,-3.552374141446144,21.74258689725507,4.263940023101536,6.576800733467894,-2.791451108043859,-4.150921823761135,-4.2492862807195415
Dadoo,4.000225095011307,-1.2828298111262213,-1.771524566427565,0.5007171631283573,0.1903183995525632,-1.543524550489429,4.152115498113374,-1.4361730495968623,-0.4276822943325697,-2.76887253736056,-0.7788024849443569,-1.11906201786551,4.787190254709618,-0.9964236127022047,-1.4095338334526013,0.8391309341774693,-1.1602896298053433,-1.4615678726360053,5.038469936587045,-2.031024960027139
Dala,-1.0972045705689637,1.1189316104722697,-1.6649630139945613,-0.8887062986661579,-0.6814994371365052,-1.5250427789945915,-0.9220270481516839,-0.1472091663830953,-0.4205757495908667,-0.14743073347921679,-1.0960721807361722,-1.2780955881636302,1.4714243587106768,0.4413243430168208,-0.10968560578904753,-0.90203169053677,-1.5803422858212852,-1.676915031686587,-0.8224433854461699,9.651524898539877
Damso,0.6077461537612813,6.2098273988708454,-0.24731554850442575,-0.23627613069851464,-1.4638374088829373,-2.8240596465215675,-3.411777599223537,-0.8645292178866393,-1.5997143228004556,3.49509837890172,0.6149280211387533,-2.07368295649689,5.574258745639029,-3.501695736519318,3.490541201092355,0.21270710348245178,-1.508126228510634,1.2200687179010756,-3.390182111861218,-0.9433053575526981
Dandyguel,-1.3012394375555743,-1.734922921857968,4.637409859894122,3.8985258919836934,-0.9095499978764653,-1.4621926907920244,0.09044596894767307,-2.045583566165402,-1.0280873824460082,-1.5582103908872225,-1.2974190568779718,-1.1967773886261348,-2.06183921267247,-2.7594412306856717,-2.407708336631908,-2.11128458941702,-0.27060251519025663,0.4363085719952326,15.99993325742881,-4.169168021602617
Dany Dan,0.24368846783630524,-2.0421774573358933,1.8355334258303504,-1.8877835357567656,-1.4476362089805448,-2.6221028162958135,4.516907605091243,-1.4115095352415155,1.2033237811978292,-3.0466500057571486,-2.3282686528331933,-0.8732475699025954,-1.6920992768531093,-2.571681682978401,-2.2438816084987527,4.92266382229865,-1.2717266341923958,-1.2586510494444938,13.86279258095519,-3.8854870019306644
Darryl Zeuja,-0.6094586459192374,-1.807971644191925,2.617684007916278,0.12374245430566963,-1.2816149779403152,-2.8679666642878194,4.210484863772877,4.398558556422388,-1.8856153982932349,-1.8522938641798625,-0.6058269965859949,-2.403562438469522,-2.0575334281603928,-2.2767500170058197,-1.4831565669913929,6.019927627006018,0.7292969149009633,-1.7982034249356054,5.0316275952937035,-2.567759580867673
Davodka,-2.195130171538113,-2.530269518716688,-1.6435155455440023,-1.9114367869591604,-1.7936295206037725,-4.0137402899113,15.34646017552755,-1.0676411738105027,0.1491179189193769,3.3276629103094826,-0.11152282509808255,1.0954351170514571,-2.6155967849153945,-3.18632827470388,-2.4204934448924935,-3.58331768293897,-0.7933170542240863,3.930897271949065,2.1819311768251226,-4.8141405591415625
Deen Burbigo,-0.9883226197137687,-1.20981376999606,1.6924420527406878,3.509565148537434,-1.1510589400732623,-2.060967289838127,2.8472234799438367,0.9302854851364183,1.6708609482395154,6.509107989404676,0.45457811717938795,-1.0848334042021426,0.7640034548779417,-3.0720855871642145,-2.3074368668823633,-1.1278213779343065,-3.760788440080148,-1.2103876681518073,1.75783387965864,-3.9951962449604115
Def Bond,6.456648102818313,-1.5014387275284016,1.2455703196119141,1.4940718504879997,0.814804945536242,-2.381716678396604,0.4295246734856096,-1.680913412980823,2.2330263283277763,-2.006426637746332,-1.7117771577121947,-1.996049960603494,-2.527326508231666,-1.8907379766843821,-1.6497345688017306,0.06420203839256178,0.3681327677281421,0.8347033552526196,7.9658205664049095,-2.8566668577668137
Demi Portion,-2.1633916162011113,-3.1242916051088634,10.48357661164774,-0.11808742609933731,-0.860136226128953,-4.754257014890297,0.2417805241793604,-2.9259587705337866,-1.7566043600040926,-1.701611067082144,-1.8775199577377726,1.6247332120196651,-4.6885779334929465,-3.934370866870136,-1.3937682540154301,1.727808038206007,2.652811766420517,2.07857854786396,11.85020644169057,-5.944338665684618
Demon One,-0.9979565892031694,-1.4164544626403184,1.2158341481969814,-0.5456389066455399,-1.0040806008792837,6.65421786635864,-0.12919809029858292,-1.5857705422647268,-0.16285219039067603,-1.094766494719245,-0.9956490975662177,1.8342646218711507,-1.9648603629833503,-1.7837186397672506,-0.9138301604058082,1.2268468119076297,-1.0399336483525976,1.275102656430457,1.8939986382770924,-2.6949741236723135
Denzo,-1.8455451497479214,1.474857648276993,-1.0151687325808159,-1.4948421133775762,-1.1463112846538517,-0.22617694029441687,-0.7247705967054718,-1.8103991510893538,-2.0725446126151565,-2.630852865664762,-1.8436404214780273,-2.149811600228551,-1.9872638627222696,-0.563189827432014,-1.7768185082093617,0.08450967467810006,3.737093139507387,-3.6053784615275446,-2.5104027395650506,17.39959801899068
Despo Rutti,-1.3341136931953899,-0.6728935050960296,2.1246817324581335,-0.6709560440754456,1.0221423208238112,6.990013544539038,-1.9351120646910915,-2.508710540783816,0.011004602826794614,-4.083559350642435,-2.2656566558542988,9.923029227689902,7.538642739002847,-3.5372468584929058,-2.7623656254723694,1.6677859173180674,0.580426238240403,-1.6319658660900247,-2.2966960532622793,-5.3443343249811415
Diamond Deuklo,-1.259193750603167,-1.1033276287286278,-0.8640792295306039,-1.0199131934236019,5.610809435023797,-1.7501971721712897,1.5539217287323823,-0.42563776494091776,2.1218129962090395,0.13805789351960945,-0.46291474358266993,-1.4667911713586272,0.8350294902917702,-1.3894029840371505,-0.3874256544966237,3.8522739675208313,-0.1595481162027042,0.7922477193732528,-1.7128182648978436,-1.6228438148068358
Diam’s,3.9996428270341235,-2.8841696122238667,1.812068973126849,0.7095745183030611,-2.0444983116051625,-3.7008359226770944,1.714881010762443,-3.228929224746698,-2.3438385062313953,-5.4220357414121425,2.7941079464464242,7.119510532865994,-3.618954517928575,-3.356657822986986,-0.9601634403824157,1.385156073078537,1.5867162456369643,8.032294332310165,2.446216589783601,-5.487477838595858
Dibson,1.9599301578481643,-2.0421774573358933,-2.6884547005322363,-0.8283400338607028,-1.4476362089805448,-1.6960296665136425,-1.8115604892054922,-0.5367296490247917,-2.6173437059251246,0.8101003068489476,2.3962720424218587,-2.3465866878419197,-1.1102871368780802,6.7607330394539025,-0.9069126754775769,-1.463633774650436,5.579727256335595,-0.5997601256514871,-3.1702993362530623,4.350288843899605
Dicidens,-1.1994819574380267,-1.0510071092456186,-1.270763947880502,-0.9715482411475926,-0.7450263157711243,0.1322207016415824,0.048878951545766464,-1.176639389064904,0.8801275661383939,3.462144471420413,-0.3636894528163856,5.044058136694605,-1.2038785083619181,-1.3235165836598006,-1.15481419813913,-0.5105092950192697,-0.5700181351822307,0.6440382517966804,0.8199930322003817,-1.9996668004240175
Diddi Trix,-0.3823601498692787,-0.2594831509575846,-2.342679111443028,4.617628060156942,-1.5126876383928611,-2.794223136990598,-0.8718870220965953,2.6339389388961183,-2.3693210758044168,2.9929729070542233,-2.432892454710192,-2.484425063084155,-3.5920058663798335,-1.5708579769005415,-1.0652392792224514,-2.2719277540346674,-2.937642943812442,-4.757705436048325,-2.7090348540160245,20.81623114483515
Dika,-0.3637529899123129,-1.6853607917012465,-2.918756967266773,-1.557943137092056,-0.3576696991353409,1.8150776771483257,-1.6430747689208456,3.943092320940477,-2.1600319034646898,-1.988305254599611,-1.4010288898345298,-2.2405605238443718,-1.4269356260348476,20.494111295071278,-0.2317967489201821,-1.2397721168535516,-1.6875418612303186,-3.757570502249641,-1.851956150878702,4.589817842323708
Dinos,-2.313201856543782,4.3582189030914975,1.8478729955912268,-1.4439105595899664,-0.9194688135281756,-3.3083193484184275,-5.063177248155551,-1.1942904440480637,-1.458873755669263,11.571396496848097,6.35625702046628,-2.3758105253541686,-1.60572953899889,-4.014102681345186,5.609471785921051,0.7789607329677954,0.012154219139198012,-1.1918917819199157,-4.5920796370661,-2.7372151713633293
Disiz,1.2160027468857433,-2.546191475734194,1.7946643789588175,-1.0767867015747379,2.3805955819272238,-5.354680797410944,-0.07501612189108985,-1.2226438609062062,0.4568976116354525,-0.65280702668412,-0.576865499830307,4.328397752704866,-1.253234648547597,-4.964609682607231,-0.8543057333792672,4.454346538908799,-2.3244653966856,2.1389078353285593,12.791648059071575,-8.203503224365338
Djadja & Dinaz,-0.6557134690294345,-3.5783414698423566,-1.6788162854980035,-0.8892906376042229,-2.536575193930319,1.5467469118802049,-3.7506328396995414,-0.5113900744024177,-4.368111096116224,18.430324782579326,-2.8540362065226392,-4.336715065868191,-4.861163338178031,2.595259307465099,3.952715927605505,-1.2493275689129824,2.9582463454101418,-7.351316160593311,-5.555057688999096,6.1173234409528
Doc Gynéco,5.522359513203643,-1.928632965788585,3.5460352311254177,0.4608090267235263,0.827200998947779,-3.0593704670596384,1.6526202770475378,-0.7697511133276468,2.3829020371709153,-2.0007639487384625,-0.8344479033440455,3.676343702512633,-1.7062467022689216,-2.428696905595943,-1.6472289687756945,3.656816149968581,-1.5931714147013003,-2.2069087629496353,3.351926849897816,-3.669455018786779
Don Choa,0.40674408270465967,-0.67133443178795,-0.19394245376387773,0.15998441124390428,-1.268287596935592,-2.1334568436709587,9.131734371193515,0.4931668778089544,0.3234897049691827,-1.53122248980283,0.4113812931583553,0.14395807121355664,2.301032673832098,-2.25307433011845,-1.9658856247226575,-2.5337882327441803,-1.9210152295843823,1.2754346730779706,2.262922860493127,-3.404111434946852
Doomams,-0.7852452663484085,-0.6880456619662987,1.3260932713209554,0.9362311361384561,-0.4877342123350271,-0.17521866875196387,0.6708908309971923,0.5279188835221239,-0.8818293318896135,0.5350024448183711,-0.7844348397608945,1.2717922739004341,-0.29473279339397,-0.8664449897027946,3.212233009949309,-1.1078830689637598,-0.24685581841794266,-0.8821404873391535,-0.13191409345306196,-0.54519933138249
Dooz Kawa,-1.7858485234008226,-2.4898544524953237,-2.2248052678214165,-1.4326599222489333,-0.6318235617447044,-3.9496302896087023,0.15614967176870667,-2.428732521242045,14.671039139652622,-2.7690519041411843,1.38868352347177,4.242625955184822,-0.8506825597637984,-3.135434222796823,-2.7357752842290317,-2.0136913242419157,-3.3598616612773267,11.562147105067144,-0.50200144740244,-4.73724605914651
Dosseh,-1.1880775327856066,-0.3053994171019099,0.8026540057689111,-0.40679048541323687,-2.055577949717142,11.191241299104718,-4.048131606516082,-0.2871075913266016,-1.3055377802845223,7.846101966315166,-1.6862528236471057,0.14824899540357037,-0.8848313564875188,-3.229985497178766,0.37719299744509766,-1.8365061905603446,-4.307312195935102,-4.901468041286868,-4.463847854816198,5.651326558821682
Doudou Masta,6.469984356673471,-0.4979708904026736,-0.8624005098457188,-0.46032299728952053,-0.352996106797819,-0.7899260578609753,0.42670472067690624,-0.5574959095134888,-0.6382212139029069,0.7859422413591606,-0.567732255604855,-0.6620148781453277,-0.8382193749992606,-0.6270868444828201,-0.5471550567580797,-0.8018268973164361,-0.8185695307103712,-0.20954004068671803,3.1076482638233105,-0.9474492117786395
Doums,-0.3076132068751117,0.7535798338790903,2.6988723578146843,1.7285334466774365,2.2269820495077624,-1.4903077242298823,0.274034141001233,0.836422495115829,-2.125469163009245,2.0078919070864605,-0.3040222596422406,-1.2975601445839866,-1.7168413396127171,-0.17303578479456835,2.019337025198915,-2.2958392507789513,-0.15829707301810106,-2.3451605168745493,-2.1860847832847643,3.5001944615974936
Dr Bériz,-0.9979565892031694,-0.7104663590156354,-0.007129616139139806,3.2730006859034573,-1.0040806008792837,-1.3567945318927612,-1.4326392045419094,-0.9551622838138683,-1.2645439453761849,-2.73020217016004,0.24282738892300026,-1.3520219968995342,-2.384275059318097,-1.7837186397672506,-1.5563564794941727,4.7344520149879115,6.261273756048205,5.074934495384763,-1.7441511702637469,-2.323913046980572
Driks,3.081485295702631,-1.0293345319342928,0.4612420989106544,7.456137843527894,2.011326969101428,-1.0203863211113804,-1.0746848853882291,-1.1523761772347838,-1.3192400341159887,-0.4213236489457821,-1.1735352945905217,-1.3684229094848013,-1.155496406779656,-1.2962246507804807,1.5215164193416473,-0.45072942459290133,3.627022970806595,-0.5519700092414737,-1.5979505462262638,-0.426594514002104
Dry,0.7954855781184936,-2.4441651681808616,0.4920428000450142,3.0518117960717035,-1.7325928192431075,5.408007731947184,2.0714828578115383,-1.2745161526850077,-2.1748620597317805,-2.242628256492879,-0.9922515620244411,-2.633823158272846,-2.4127607964184774,-3.077898431694565,-0.4514134794403672,2.4167600944640095,0.4623839554369839,3.542544801203845,0.158897098798856,-1.8548082153801186
Démocrates D,-1.2823001503913016,-1.1235738611094417,-0.4040857698157427,-1.0386287580346258,-0.7964666336506832,-1.7823135605727265,2.008453188842645,-1.2578804176239289,1.3377154812116736,-2.01278438963417,-1.2809767293157726,14.573700945530861,-1.8912779796512886,-1.4148987433674785,-1.2345483070968435,-0.7036834031573583,-0.7640708854641487,0.6885058520579337,1.1223148779426233,-2.1377337299728096
D’ de Kabal,-1.0423091294843656,-0.9132895233003492,-1.5816614296865688,-0.8442424625040268,-0.6474025939323325,-0.7584875252217056,-1.4840061394489656,-1.0224597124847368,8.2270877530671,-1.9712531294888571,-1.0412333954849597,7.845687868344146,-1.5373126985896108,-1.1500910118913739,-1.0034943619730954,-0.7905587852355143,-1.5012744536521356,3.8570888247373105,-0.7124833465575018,-1.7376426123787447
Eddy de Pretto,2.3626261955565147,-1.922779741468131,3.8774412821496034,3.2861275242161185,-1.3629988743830619,-3.050085558038362,1.3566331574219523,-2.152619483151561,0.7820153869228549,-3.668236123741641,1.9134246683596943,-2.5561911763859415,-2.927586832081513,-2.4213260330417183,-1.1660311460828259,3.3638328017115082,1.585122755685667,6.909986629555688,-2.3149158726685806,-3.6583185590563114
Edgar Sekloka,-1.0837414279290434,-0.949593229203348,0.17969256781293005,-0.8778015139200847,-0.673137164157951,-1.5063298889688874,-0.894906336719901,-1.0631029868811088,6.9996160127971425,-2.0496114069473683,-1.0826229329762491,1.906122740439505,-0.9728044723298813,-0.3595528287144859,-1.0433837543970927,-0.8750118853207711,-0.279680524247887,4.023175747150441,1.2392518072729966,-1.8067147573552744
Eklips,-0.4650347901906643,-1.1033276287286278,0.7059643699395749,-1.0199131934236019,0.4964701206275717,-0.036104584431434265,-0.6772257381902351,-1.2352140490623367,-0.7068956523016267,-1.9615180624121664,-1.2578941769056844,-0.10327055645437713,1.3734750098622968,-1.3894029840371505,-0.3874256544966237,-1.776565229474242,-1.813660992204829,-2.053387942029707,15.802174781236381,-2.0992128499835823
Ekoué,-1.370836522797482,-1.2011509820077355,1.2848916826328474,-1.1103408470396052,-0.851458646613547,0.19395276322224325,1.6347668210265331,-1.3447307303712726,6.255556931468683,-2.2068594130787376,-1.3694217261566115,4.665528332078791,0.451107750745854,-1.5125903813356056,-1.319787655027746,-1.9340792475525204,2.583735089779216,-0.8109484180861031,0.28045944785243826,-2.2853334862055745
El Matador,0.9097488585524501,-2.534720304071635,-1.4282262476653045,-2.3430888635997777,0.9859642366964825,3.4404002529181925,1.4656509639126127,-1.0757233449383616,-1.4016632535337927,-3.6431343550045434,0.22457652705554385,4.049293500749046,2.999089308084529,2.447282895198272,-1.3488441765729071,-0.6511620671209942,-1.7665593763262963,2.842453403836715,-0.8853176569543326,-2.541685530251602
Elams,5.762053852862674,-3.1743979884571516,-2.9509098631759008,0.13265577755533095,-1.8058336158715462,4.099599416997557,-2.6377716195990852,-0.7400003926759506,-4.068446924296989,-4.516448723043401,-0.30336498437591625,-3.509243925115012,-4.220481142173464,25.271050316681205,1.9594254658398584,3.3012249412187877,3.7889903337247146,-5.947077021660918,-3.710431702917133,1.0799198022106327
Elh Kmer,-1.3153124671353438,1.2964792108381893,-2.7617130916378185,-0.8974591027427069,0.6146019744484913,-0.1949517598006896,-2.9170767451126145,-0.12773865076790034,-2.1360043107701423,-2.737706106726061,4.123506847184337,-2.2864324241140284,-1.6213191585406501,-1.736698804769596,1.099115996789316,0.4626571401866242,-0.7130482253682989,-0.025036220094064542,-3.758383385348387,14.49829503573969
Eli Mc,-1.0837414279290434,-0.949593229203348,0.17969256781293005,-0.8778015139200847,-0.673137164157951,-1.5063298889688874,-1.5429961103906846,-1.0631029868811088,-1.217040102346972,-1.0738166815798251,-1.0826229329762491,-1.2624128397755165,-0.3471873132920607,-1.1958076929551091,-1.0433837543970927,-1.5290238993703884,-0.9203156863948271,12.997499646857241,-1.4741592477754801,-1.8067147573552744
Escobar Macson,-1.643575252348449,-1.4401294359578716,-0.8902463128479998,-0.5800792772654184,-1.0208630545780364,4.281633908249419,0.6512947292200829,-1.6122755067840395,-0.22036192162653764,-1.8215496256301584,-1.032820679766578,1.2193618717041566,9.95146572728885,-1.8135321581792883,-0.31844276387078696,-1.887636804572982,-2.367299171783217,-2.276477516798443,4.473715305424641,-2.7400185936146957
Explicit Samouraï,1.7333440303852836,-0.9376481847807423,-1.0080247045294048,0.28696296528184095,0.8398369971914963,-0.1427367346156271,1.7581435543594022,-1.0497300899255708,0.4625354103264824,-2.02382910506274,-1.069004492333144,1.9623679172437238,0.32244647853970615,-1.1807654879631497,-1.030258907975941,-0.8474464155273747,-0.8925190163961754,-0.1771190067247247,6.101324408963995,-1.7839878808673828
Expression Direkt,-0.5972916134455303,-1.801726473046292,2.327942283613467,0.7361536538452554,-1.277187969969256,0.640816829159948,4.9285566723793375,-2.017096095587894,-1.8761154351174907,-3.374575241735254,-2.0541325892653433,0.944669807596507,-2.043604226949618,-2.268885572030955,-1.9796814825731897,1.9246054855828227,3.115902786594323,0.2149896351860734,5.783538648267202,-3.4280002293265945
Eye’s Berg,-0.16101209956352217,-0.949593229203348,0.17969256781293005,3.6790372885304676,-0.673137164157951,-0.8424646843552767,-1.5429961103906846,-1.0631029868811088,-1.217040102346972,-1.0738166815798251,1.688424962246804,-1.2624128397755165,-0.9728044723298813,-0.3595528287144859,-1.0433837543970927,0.4330121427784632,5.4860359350745735,-2.117151131596316,-1.4741592477754801,3.7281932622880474
F430,-2.5008375487682235,3.7413341953388843,-0.10577489355263431,-0.050898966479160056,3.5969011256759438,-0.8868188723746863,-2.1563588653012253,-0.007439588854147801,-2.808437056891319,5.207581618933551,-1.2974190568779718,-2.5698666866670177,-3.688511605625132,-1.6722646071722385,-0.7463775437475367,-2.11128458941702,-0.8258427912203592,-1.405866250528933,-2.8138339812258817,10.701904498955258
Fababy,4.028580667663676,-2.7928374736050223,-1.735440457335587,-1.8070058671152633,0.04069542217268082,10.918774895582429,-4.097373437685974,-1.5275392237573358,-3.5794223253898516,0.10984497012932799,4.667448349642493,1.13513733061143,-1.2976396024811552,-3.232640751916416,4.100514013881298,-0.2719498359103863,1.0724905630366028,2.2849647915864484,-4.104985559526178,-3.6199748482945306
Fabe,-1.0952143194939608,-2.296759611068543,7.5871811449162365,-0.23909764570811357,-1.6281015953689923,-3.6433259457164926,3.5026981721346617,-2.5713030880607755,1.4726926634618218,-3.1418620374120647,0.4366505963243022,6.444335375561919,-3.090083572055707,-2.8922729514845464,-2.52360862759713,0.3577948950364685,4.700404890646342,-1.4102791577967309,3.446093205708794,-4.369860015491362
Fabulous Trobadors,1.7617296539540825,-0.6880456619662987,2.165316875805001,-0.6360276222922289,-0.4877342123350271,-1.0914396962329327,-1.1180068976575728,-0.7702912951138394,10.458233463805438,-1.4850845540520932,0.49036830404426845,0.178543635202852,0.5687009161619585,-0.8664449897027946,-0.756003353759678,-0.205260736397688,-1.131016341404143,-1.5340217338136932,-1.0681298521474503,-1.3090892110686336
Faf Larage,-1.7224796630805987,0.18210407002539925,2.7335413150829124,2.196003489457375,0.8599114734136621,-1.0521667915804016,2.369432987516941,-2.139453491245584,2.0419322139513896,-2.6701344980728603,-2.178736624991577,2.9700461255834156,-1.6624031536922914,-2.406516560581708,-2.0997693013783874,-0.4772517799265113,-0.27634544351778734,-0.2707152129930448,8.493902484540161,-3.6359433121005313
Fanny Polly,-0.6178276715886449,-0.5413514318267512,4.395644734097477,-0.5004238570758069,-0.3837472260589614,-0.8587401607080175,0.2571815434009512,-0.6060619499399784,0.7474772194545731,0.5431988995466512,-0.6171900313594518,0.6698087218791425,-0.9112405314791261,-0.681715272276448,-0.5948202577988801,-0.8716777371869686,-0.8898788986095583,0.45009136353958756,0.3495093892384884,-1.0299858832174507
Fatal Bazooka,5.756222485166743,-1.4243898438489002,-1.6560328409181089,11.594341003147747,-1.0097057462988257,-2.2594948334809923,-1.4503744673752375,0.2866307991958473,-0.1822289304950521,-2.749152201983383,-1.0081459783275877,-1.8936192596962804,6.361007779547093,-1.7937115394675078,-0.287182116784626,-0.5495038115964654,-1.4872460566336858,-3.1757266974141545,6.3812294694051905,-2.3410782680766125
Fayçal,-2.160698855387068,-1.3650477597981046,-2.9737798191816993,-1.750108169289276,-0.5969378061766498,-3.0032304597785298,-1.7760841846580837,-2.119551165728667,12.409955701314619,-4.0863926641067385,-2.1584688670320755,2.6481131231728643,-2.8730467565403646,-2.3841298734458065,-2.0802361391397604,-3.048476420699308,-2.790807172599956,19.469742277416213,-2.598849256548546,-3.602119848466689
Fisto,-1.0423091294843656,-0.9132895233003492,1.579571376496839,-0.8442424625040268,0.8972313156839334,-1.4487416968919768,-1.4840061394489656,-1.0224597124847368,3.101124420838617,-0.9566700858250897,-1.0412333954849597,2.0803366306622433,-0.23634120349284243,-1.1500910118913739,-1.0034943619730954,2.609487774540099,-1.5012744536521356,3.3659805262891163,-0.7124833465575018,-1.7376426123787447
Fixpen Sill,-2.3557357992150236,-1.5796730155741916,2.2998326050667646,1.2364346501205261,-1.4632026372784543,-2.9689120796492428,2.0126724930631417,0.28554647195179705,2.6465413091401118,4.522910777359152,-1.5034357568544978,-2.379698797711405,-1.4598208532675658,-2.2146211821550175,-1.8270949098978926,-2.1201527635466215,-1.3300078039575047,3.220509756314222,3.037048834971881,-3.163377753601798
Flynt,-2.005653765778296,-1.7573889740157937,3.5278896133539956,1.453295427510852,-0.4430346864154683,-2.7877278993054535,-0.054057821532922025,-1.4591888280979726,1.2995052204605615,-1.4204774042376818,-1.5044781405784644,1.5159010858384263,-2.282063846412779,-2.2130520626975487,-1.9309648060260505,0.3507915097785231,0.5728151343942189,-0.08983210109902111,11.56699905419083,-3.3436428315114264
Fonky Family,-2.3525452316476985,-2.383460089136738,3.624669895204932,-0.8416482876265402,-1.0976911062045998,-3.516367786254589,8.779162669007519,-2.6683673197365225,-2.0726681668385507,-2.4231223329949176,-2.3493580264411857,5.352398764196276,-3.5135027689477316,-2.668281575619096,-2.6188724390184737,-2.5349964119668202,0.16580699262403972,4.283270069182472,8.461689111129031,-4.534818050543547
Francis Tra$h,-0.9227725748333223,9.085711771578138,-1.400269602089103,0.5905128842625192,-0.5731556422614985,-0.5029235413227502,4.775328860276802,-0.9051995755032496,-0.07127498476139552,-1.7451812274379583,-0.9218202106983333,-1.0749058000793887,2.3127434777956255,-1.0181935611204778,-0.8884092540624706,-1.3019169372451243,0.9280617683594383,-1.2479624464945935,-0.4585164520700076,-1.538362182792259
Franglish,10.481268197057977,-1.9731607901420867,-0.2218581735330607,-1.7078702368819103,2.24132576515294,-3.370134069133251,-4.1779609576347845,-2.3759826931778205,-3.1866141046561114,-1.9205038125125886,0.1448250129496976,-3.3264896340044543,-3.4674861531913486,-1.9491797842727114,23.54320123349386,1.133081247907441,10.13007167322881,-4.555027631607519,-3.257993581130025,-1.6680176083337186
Freeze Corleone,-3.02375582979743,102.31934243682318,-5.251703891083546,-2.2120729875958602,0.9212618762467337,-4.978870338673588,-3.1393031226706825,-1.8063554001115003,-0.2938248585710469,-4.708028713019947,-1.6222064883762544,-3.693340091570865,-3.2012136541569323,-3.952501704229807,-2.868765544951926,-4.658145334288529,-4.5779469750450525,-6.569111923776503,-2.409753900101802,-4.799542850640026
Fresh laDouille,-2.3306740671814836,-1.0628306367314155,-1.274708411043928,-1.3580617848087342,-1.4476362089805448,-1.3873386165862522,-2.7156273598193112,-1.4115095352415155,-2.6173437059251246,-2.139179343967479,-1.898764953264552,-2.714921467326751,-3.146629626790682,-1.7939804561090424,-1.7982252974916941,5.2267732316771776,-0.08016943583970182,-4.333475360478525,-3.1702993362530623,24.167624472928686
Friz,-0.5683187993064831,-0.4979708904026736,-0.8624005098457188,-0.46032299728952053,-0.352996106797819,-0.7899260578609753,-0.8091539865901389,-0.5574959095134888,-0.6382212139029069,-1.0748252894247101,-0.567732255604855,-0.6620148781453277,-0.8382193749992606,-0.6270868444828201,-0.5471550567580797,-0.8018268973164361,-0.8185695307103712,-1.110243419833182,-0.7730556312924974,10.662671797372207
Fuckly,-0.5418707138953169,-0.4747966145226928,1.6100344622017682,6.396357445470609,-0.3365685819675569,-0.7531649444346539,-0.7714980551467355,-0.5315514933700063,-0.608520051111861,-0.049010978104391,-0.5413114664188483,-0.6312064198283482,-0.7992108156369298,-0.5979038464148354,-0.5216918771266649,1.8515361063944802,-0.7804754242228359,-1.058575565762733,1.9763314310243218,-0.9033573786361254
Furax Barbarossa,-2.6693048267641912,-2.630733174506655,-1.9220797373503271,-0.7869998253374878,-1.8648450877370266,-3.9334750061392207,13.036536749320987,-2.9451982274813413,3.7464880286652993,-2.8604063357731038,-1.9990344442877017,-0.6380641681789402,-0.8150550691063089,-3.0109848048722494,-2.544615768812443,-1.1670252350760018,-2.243224202843315,10.843095002537606,1.5477814714470073,-4.805495851149868
Fuzati,-0.9067231318306472,-0.7944866963229714,7.345552301909901,0.6271945882580224,-0.5631869575988294,-1.2602860048618787,0.25826771115297487,-0.8894557731955394,-0.036170558133864016,-1.714827934112382,4.6142722050960785,-1.0562103600093398,-1.3373354845015255,-1.0004844961024806,0.2725736868008642,-1.279273176206739,-0.5402797044109903,0.48684715687290775,-0.42258348488557895,-1.5116060168184466
Féfé,-1.6789250008273855,-1.471103504997939,2.947452648148988,0.11082914156583183,3.751873496751985,-1.9050730826403601,-0.7170386953483088,0.17459457385924687,-1.3550475476581314,-3.1752443381436097,3.0926843641065975,-0.4217608700485097,-0.8609275847083642,-1.852537312070526,-0.9977456241803184,0.1642239993499317,0.06295465773050071,7.086367765496227,-0.5322583819210042,-2.7989504666586704
GLK,-1.5110592625312225,-3.227220216690229,-3.0840710515479257,0.03362625906571555,-1.8505514442096176,0.15484649167179199,-3.5276429249365364,-0.5684136895838179,-4.136146196023469,-0.9360880633788106,-1.2332250438199133,-3.824183978348931,-4.14368962026289,3.0718619503244926,5.196348588061934,2.1162774536361497,-0.7808491073927449,-6.361310423957466,-5.009973092259853,25.617891899450264
Gambi,0.003360501450059165,-1.7509633986654498,-2.7025943575848053,-1.618586016527183,-1.241203602258738,-1.6974407050156484,-0.7362880777964141,5.691761393350945,-1.798500322822925,0.18969573727787303,1.5103026310312127,-2.327774260005099,-1.9294782329356732,1.8767454499697502,3.7936346882055916,-1.4006295070560202,-1.8359515561380844,-3.903833796142775,-2.7182153444432426,12.877899358975021
Gambino La MG,-1.8639839614279956,-2.0143914353024313,-2.055334671469702,-0.78804100313031,-1.4279395604568623,-2.5695101203242388,-1.440114343907619,1.7356267421546452,-2.5817319281043245,-2.507906194363358,-2.2965900522029243,-2.67798203905205,-2.211089296020271,-0.9598338919308179,0.49747032556266213,-0.1605073027795935,-2.103283543886854,-4.268495931284471,-3.1271640020086675,26.95571104947828
Gazo,-1.2447535275323087,1.7866022477940646,-2.9850288568616525,0.5228163734105511,0.8820976582382749,-2.0168619710506914,-2.113857560308489,-0.7152420141531005,-2.4340802047555687,-0.9278899564585046,-1.703404550136489,-2.5248256796104434,-2.571226103735322,-2.3916153859729374,3.1845432399411657,-1.7500237706696125,-0.23904346742598293,-4.234302263228057,-2.948318495601837,22.400638177870405
Gaël Faye,-1.3036998309773522,-1.6170989991158988,-2.0863910155713867,0.5120587981088442,2.3431422810968003,-2.565187367416455,-0.3441991775400435,-1.2580347736713853,12.884913871312097,-3.490362454918892,3.038005638614326,1.1062876780079018,-2.354638908189334,-2.0363871223146153,-1.7768185082093617,-0.2995394037827508,-2.6582035098395798,7.489157223568015,-0.5186904453110397,-3.076724365633271
Georgio,-3.626188511558368,-3.603452946134211,2.2522560093246704,-0.9293576167642423,-2.162890887101788,-4.491513133052615,-0.3900857207119542,-2.2990244876999952,-3.319175069010997,6.750935158274433,6.3584398978421905,-1.0330989251023879,-5.570989828325401,-4.537771144094966,-1.4337041438362648,3.332169075794798,0.15420678837238502,13.374924947035721,-3.8064245360747027,-6.564285192310828
Ghetto Fabulous Gang,0.06231495037553986,-0.8493420045771161,-1.4709152519413022,-0.7851295423382781,-0.602072182878836,9.043831666530409,0.7936615074307848,-0.9508682182891739,-0.16990367901493916,-1.8332281733518654,2.12979834243648,0.6421288664542029,0.6687119734673076,-1.0695629157765785,-0.9332308005696224,-1.3676005512782823,-1.3961568827429853,0.2186991227429207,-0.5601066688226727,-1.6159748053531846
Gims,0.2989535939526187,0.2894149693263631,7.030239313225528,14.798456091490488,2.8478506685602474,-4.573011811288495,-2.7584206412300953,0.9282327958606347,-2.1622005670502955,-1.842415091094895,6.037244801864799,-2.269128160307543,-3.5671257297761882,-2.0209881600291926,7.513946402275328,3.5742517366534186,-1.1954141079416294,-0.9888789670709204,-4.723752497061551,-4.669614640119321
Gradur,3.4294561446419323,1.1653256344128406,-3.785958437027556,-1.4088175029393522,-0.9608676093484735,3.9584913989545925,-4.303956057902831,3.297499614798848,-3.5690621811560326,-2.3504648884073074,-0.9700615198397083,-2.081428668917148,5.12585693617097,-1.510672740932751,-0.11843481741170024,0.8684116279182803,-2.1746039161222495,-4.920192592275652,-4.091767156140232,14.141768363974283
Grand Corps Malade,-2.2077062414931623,-2.539163287856695,3.5618569967185083,-2.3471959462673344,0.4223696228704861,-4.027848383638875,-1.217429968260887,-2.4909021198986707,8.729832704634235,-4.933165319892977,-0.8222515391344968,-0.11697269843173136,-4.274096950085237,-3.197528057126151,-2.7899543118184527,5.2057607761940625,3.0136169880170516,11.649808769049477,-2.165998900333929,-4.831062019256128
Gravité Zéro,-0.9385476077068554,-0.8223718597365985,-1.4242075686105933,-0.7601984105187898,-0.5829538843707589,-1.3045199503172675,-1.3362738295295564,-0.9206741934645781,16.024011385464142,-1.2116401989332108,-0.9375789626637171,-1.093281589297818,1.5053281427082625,-1.035599840127916,-0.9035968371900323,-0.5689855151146496,-1.3518230888867993,1.4389112222490243,-1.2766593577875334,-1.564660877253917
Graya,1.4498999897841773,-1.6030978784494725,-1.695713541412521,-1.481899513809934,-1.1363863248170638,2.175900172358074,-0.6854009903773945,-1.7947244045324273,-1.081174759893254,-2.3041204767587873,0.9080339853654248,-2.1311981624360365,-0.47494455727929574,13.337237808189396,-1.7614345086216954,1.6801466742713138,0.40064782720453634,-3.0145908243910213,-2.4886672418024496,3.1792478945010685
Green Money,0.00504075217512396,19.075893185044198,-0.151552645821553,0.8671780674407332,2.9722121492183105,3.034326524784132,-4.033399019043388,1.8208633230038656,-2.7720189414513086,0.5050431856186144,3.016859807275675,-0.0549020197780887,-0.801938008134082,-3.3074406563722727,-0.11371662077854441,-2.337402803306909,-2.4643996695877277,0.29205201797047414,-0.6436975858172831,-4.797011086408203
Grems,-0.16722488718358425,0.7106690102389394,-1.8675886848867764,-2.028989779314457,2.62083424317875,-3.4584223651903025,1.1458101059202466,2.6577554697477157,7.9615544598290375,-1.4580210564954648,-1.6319220907894452,-2.1952821239367633,23.090086592476244,-3.7530077245339655,-2.9692515712682725,-2.5065560081305884,-3.4701355672043905,-4.838644286463303,-0.303782741949367,-4.612180806650184
Gringe,-0.6441590598319711,-1.5531002962480087,0.28460017000307514,-1.4356818787219368,-1.1009445907509954,-1.6518688293382848,2.2314077380143384,-0.013373279908382232,-0.4833780420104194,2.613956015339621,3.3121283000841975,-0.611755747468583,1.2108480556238077,-1.9557945708169122,0.05148680259324549,-1.3011600726014778,-0.20282719749831535,2.6019560574829397,-1.5815364669700935,-2.954959174643324
Grödash,-2.417253612342045,1.1869023769916554,-3.3954614518911637,1.1065805790798118,3.1608626626492953,3.188135570575233,2.9507534305446224,-1.5277725567175169,-1.9778081298704864,-2.3841796616417477,-1.5865187854131133,5.3524913647096835,2.324985701865315,-1.917368090917163,-2.3272369998826656,1.8674632948635495,-0.035018851469413206,-0.06344152515198032,1.5780085347520956,-3.037225460661977
Guizmo,-2.500137657445563,-2.5662256259304974,-1.4456687233444971,-0.1307997012167563,-0.6664418752711682,12.800713661924725,11.376400850450391,1.2733800107243283,-4.050283140772495,0.3312770382508114,0.6219433463065865,-2.6036528244814288,-2.263290902065351,-4.391120537799053,-1.5336552181827974,7.006207166048029,-1.3603842330158453,-4.84919407405063,-3.2163232704321576,-3.5151653390519515
Guy2Bezbar,1.3059800417080112,3.5475754833515785,-0.9418640156126109,2.1280776544838007,-0.8353734402582702,0.5094244951312958,-1.6982365352164108,-0.2626011335225462,-2.3461902717403076,-1.9466959141019637,-1.5865187854131133,-2.1054909497177117,-3.2847461843086827,-2.2922911176585736,-1.0381547104141404,-3.117226138179582,2.5499584786175893,-3.8751888271630075,-3.288069160193,17.55920490544165
Gérard Baste,4.663307958426383,-0.683794102682407,-1.4575857787626945,1.1319606819995778,1.1837979425108427,-3.3428986586968996,2.4163920447668317,-0.2399787436233011,-1.9604021391868764,3.1461626820358184,-1.5701600287324764,-2.8015896250505112,14.212855892623962,-2.6537772118540404,-1.883643032727759,0.43785983521764577,-2.020745406772765,-4.485618023297615,-0.21480683683933877,-3.5107105504138767
H Magnum,2.3131966700680313,2.2985453415969554,-0.18069222258795273,9.880480018734726,-1.8678798254447964,1.3226336970743962,-0.07764427669923682,-0.9160866038018555,-2.4888260297729676,-4.105006794370767,-0.008307687862426394,0.49345990466852296,0.07369546610305032,-2.1127703453644977,1.9401965736896372,1.885059685059081,2.132866017634858,-2.1300833089283113,1.2875241763496692,-2.819323354213797
Hache-P,-0.7662298673910388,0.2958296783810535,3.2324176908396813,-0.3285775364703176,-0.9031082743874594,-2.0209536169842783,-0.6209737256662747,0.6770385575913233,-1.6328306401391754,0.886729969981319,-1.4524910833085938,-1.69370455526758,-1.6782001561815503,-0.9810367993751741,1.4576105662991918,-1.0764572792609626,-0.18423029567735819,-2.840456309348061,-1.9777921726317822,9.127373001078873
Hamza,14.174244081448467,24.00109982566311,0.9855104006456297,-1.7663881511051724,12.553106408882499,-2.804924641234124,-5.432405616418594,2.0468386636423963,-4.557811121213857,-2.073757091822759,2.1116919111404173,-4.3046960364124285,-1.8097304257946887,-4.031697362521827,8.120778731278916,-1.8841928354470563,-2.937662937195684,-6.66748691782895,-5.339585716717343,2.988311997928159
Hatik,1.5755519398840312,-2.6531337579226397,-1.8889999308308345,-0.22748571226330339,-0.22938168673010415,-3.4736150737081095,-3.4130887613160232,1.13936237685341,-3.568184810050318,7.196676822836284,5.694140414449533,-2.4615492000556367,-2.444471839523136,-1.1047286401848693,8.901306253609999,-1.069505454309598,-0.43205834114503483,-2.4581780830792024,-3.775955144703059,5.045871116846891
Hayce Lemsi,-0.32107364378297965,-1.2754505121637871,-3.677067974216712,-2.3522320111284007,1.8796709014339832,2.9437448519398535,-2.6157515571818504,3.615846603083569,1.4224589063451094,-2.919274663959611,-0.313068451920533,-3.6390909995484946,6.810570554397952,5.8728549559056775,-1.3135190408381032,-0.9548892170611953,-2.7186545456856543,0.2292211640797437,-2.9415483617233273,3.5229513101626173
Heuss L’enfoiré,-1.670157708522011,-1.4634214498533906,-1.7452532655114388,-1.3527829861099052,-1.037374040229798,-0.16754712653107798,-1.9573805309577936,0.19275689484035383,-1.3424177095202732,-0.30935678695150737,-1.6684339920347395,-1.945508846795344,1.1902529946751905,-0.2149619917764551,1.5015631739352273,0.6142691499295353,-2.405586817202873,-2.6497689882266178,-2.2718319774286075,14.45497394239751
High Five Crew,-0.4726660047605857,1.9532293039451427,2.595031460168756,-1.3527829861099052,4.746460687419007,-1.890637637460011,3.509589762578491,-0.4176126483644228,0.7902505016277245,0.9570016697054189,1.9277526287300137,-1.4315045020601418,0.37834495768274734,-1.8428634218649311,-1.6079623565617016,-1.9320050506392992,-1.1584898600302997,0.10864115711410892,-0.07096499008986275,-2.7843344374275794
Hippocampe Fou,0.8075369000496738,-2.0296373746408927,-2.3313385794398513,-1.8116761463885644,0.5837262987638723,-3.869831552872391,2.0904176731434734,-1.6327270715494386,16.063341696552282,-3.176495344260087,-2.4217656971276003,-2.6265219065779406,7.5825956236350125,-3.0720855871642145,-1.5613078028255851,0.6541954405210539,-2.763320845414503,3.202139709038544,0.9656885141063842,-4.641534252367332
Hocus Pocus,-1.2543864436134755,-1.9051121716638078,-1.1776851746980639,-0.057581334461493265,12.718650166933573,-3.0220596753318105,-0.5113251752466673,-2.132840017953182,10.664083227074832,-1.4369240684103024,-2.1720017197741894,-1.3481984398831757,-0.7121329479121339,-2.3990775425959554,-2.093278499754652,3.4521882586771993,-2.492999930757329,0.6965547911850881,5.495517319402382,-3.6247038932090643
Hooss,1.5168118176497003,-3.30998288630673,-4.162281288112658,-2.406089180612881,-1.4939542382902962,-2.5842252689560334,-3.33317990365499,6.009273262445065,-4.24221844338217,-3.5050347705412883,-0.06377850854477674,-3.9458666425226445,-2.699884885007903,30.618914644937536,0.48747647025047985,3.8640750000569737,2.462000764317819,-6.431176746269971,-4.1653996255269545,4.81763893755526
Hornet La Frappe,0.5436949381271141,-2.531562058528833,-4.018925023955111,-2.2406738382620217,-1.3508735679167123,1.556965672994132,-3.195505879227354,3.234111520280046,-4.054771433756788,2.39725309596904,-0.5572603819705545,-2.3038656293311446,0.12018535888686065,3.0440236346881915,1.4141820599880977,1.5800631876339661,-1.3548329386959244,-5.21062116688152,-4.300583637457069,14.248529256685575
Houari,-0.4906625564063355,-1.980533705712292,-0.5144482559303851,0.3540367647558223,-1.4039388669159159,-0.27700904765333056,-1.664497227622928,-0.8642661987086376,-1.7504213713926329,-2.4033724735613804,-1.815117226752707,-2.6329707318475584,-2.733851692519114,30.384133800198335,-0.33804022458485355,-2.8754574243435167,5.959210381064687,-3.509803734799941,-3.074602880417822,-2.4413097512278124
Hugo TSR,-2.6711533197031794,-2.3405113445082284,-2.079697398282519,-1.7013619757418654,-1.6591158411225975,-3.71272886661465,25.909485328636645,-1.0937330099143239,-0.33276933871273595,8.210861797131573,-2.29363960876725,0.10231495873326991,-2.6705838669933275,-2.9473688154998556,-2.571681682978401,-2.707279865270077,-2.5477621463713636,-4.2600760778672395,-0.3307774687242462,-4.453102924171287
Humphrey,1.157367981208745,-1.093063892821328,0.22004822974554142,-1.010425422617137,-0.7748390641794951,-1.7339159143723935,-1.213097487773372,-1.2237234360673919,-1.4009183628025812,-1.9354217612868978,4.37091676757609,-0.0768223994894032,-1.8399214705890428,-1.3764780241927483,0.4642195212682583,-0.0555306900607462,0.42940369695074354,8.231726264456235,-1.696884725421886,-2.0796848641495087
Hyacinthe,-1.4106497114023238,-1.6685587873398333,-1.956555819221368,-0.541558385714934,-1.755326968009133,-3.4188664048894677,-2.7809861665919597,-0.24719351864838932,-0.33780290041772565,2.8876716517157353,12.762374054768555,-2.988200446656502,-0.08964876956219392,-3.118284955322111,-1.985737263558167,-1.2283827691386546,-1.3680657405586503,11.867757248993627,-3.584000595623491,-4.286827609966561
Hös Copperfield,0.5277454897442613,-1.0293345319342928,-0.09972631574544084,-0.9515141669885747,-0.7296632984452244,-1.0203863211113804,-0.47680184357068456,-0.28460398645219165,-1.3192400341159887,1.379078524620477,1.3828428677117428,-1.3684229094848013,-1.7326477602720982,1.0181889796153727,0.6373439333673678,-0.45072942459290133,2.4450111107205874,-0.987711791791619,-1.5979505462262638,3.1476932531892725
IAM,-2.538978428038943,-3.366089014274717,-3.0111782123976853,-2.996389139191747,0.8814890055141467,-6.346994679628834,9.259100337098433,-3.7161612964930177,20.83125797222333,-7.941024336537961,-4.030152388134562,5.9318408361191475,-5.013725378005388,-4.3856232428762185,-3.6145824502692867,-1.5978225999018707,-1.9863395724861872,14.503417919770017,4.012139465678228,-7.797183096850218
ISK,-1.883171255153408,-2.5524458368353056,-0.12214671296758485,-1.935651078069442,-1.809349624150939,-0.34422522514593823,-2.9419219790127693,-0.40790427950138947,-3.271325918198882,3.929491029802384,-0.8481804964626058,-3.0985852483175105,-3.598205005471121,-1.3475698012340742,-1.3782943737693434,1.486299760746437,0.8093453547224725,-3.054918100513134,-3.96244572833392,17.382665471639015
IV My People,-0.13562460160954554,-0.9376481847807423,-0.39220293907957954,-0.866759545890256,0.8398369971914963,-0.1427367346156271,3.7271816359605796,-1.0497300899255708,-1.201730812391115,0.9408480926532733,-1.069004492333144,1.1601427377221092,-0.31114064714061995,-1.1807654879631497,-1.030258907975941,-1.509790128700735,-1.5413154650400682,-1.612169181386349,7.4753135062269935,-1.7839878808673828
Ideal J,-1.829566103102753,-1.6030978784494725,-0.6151354276610445,2.566958012501617,-1.1363863248170638,0.20970112764903656,0.08238950987513756,-1.7947244045324273,-1.5678874627777188,-3.460142297757131,-1.8276778662971143,12.414610174731145,-2.6984462896848496,-2.0187557331181174,0.5094418596408057,-2.581289433983645,-2.2557088082861263,2.02155404046032,9.96779920690096,-3.050085558038362
Intouchable,-1.9234502256194461,-1.6853607917012465,-1.2056989579788382,-0.2741992363675047,-1.1946999505283389,3.685306017994489,0.1827113299850053,-1.8868206264690175,-0.30820740332732116,-1.7134062333020366,-1.4010288898345298,4.007875905670066,-2.131926297766906,-1.651171877369167,-1.8518224606790157,0.2342039800148984,2.643942402967785,-0.8301470531522941,9.23208985630316,-3.206600594978705
Iron Sy,-1.433655151925296,-1.25619376560126,-0.3368662002808509,-1.1612222531865666,-0.8904767673407119,3.0256621049298924,-0.0815527128724167,-1.406353060695353,0.25336973587741735,-0.8673023378627585,-0.03569864562082496,3.1203603102193602,0.25009753480214575,-1.5819048857322573,-0.6557694447473745,1.932384406525033,-1.5806692141281862,0.7697729440552032,1.6393760469320127,-1.5532595318868136
Ixzo,-0.810107842975235,-0.5312213691717715,-0.4755683273462574,-1.2019792255019368,1.248099383540394,6.179289000067831,-2.1128344395299803,-1.4557137171948091,-1.666500793635834,-2.4502361492238043,0.5412447493732081,4.056298065457999,-2.188728959780733,-1.6374271197010308,-0.028849837733777695,2.2049033940901603,1.137556430849019,-1.5192560510364632,-2.0185756834253685,3.1850293530768456
J9ueve,-0.8599736010146626,-1.073820746811894,-1.8594089295489133,-0.25147378735484244,8.939861650070698,-2.6521674488714253,-2.7167249934287465,11.484442016993922,-1.6761455117166546,10.246640783822679,-1.381537889368635,-2.2227071674206798,-2.814311693157845,-1.6304758586088437,0.8846636244499937,-1.2063089248719416,0.5263693239599815,-2.6545611267503175,-2.5955251900908425,-1.9236029809308972
JNR Slice,-1.1068135083144417,-1.4863485080793344,-0.24319144716814917,-1.3739766991670426,-0.10452322656373225,-1.9336512982705922,-1.587072197486907,1.3407533109071423,-1.9049690801718495,0.22061879920956065,-1.1044537436056427,-1.4699128659199512,-2.1022334555642486,-1.8717351026641085,2.0407190853626664,-1.1398021177500814,0.8310197896822664,-3.3138656942448534,-2.3074242014115707,15.206271508978713
JP Manova,-1.2936985981136784,-0.25138594946448367,0.07442297564259756,-1.047861195228194,-0.8035464762946924,-1.7981566593497784,3.044262462034388,-1.2690617967861684,7.495282460324689,-1.6292592137801154,-1.2923634130639055,3.1380526170194716,-1.9080896700907337,-1.427475868429528,-1.245522285642323,-1.2773762866490184,-1.326694453253889,2.6164852988590463,1.6498149928691124,-2.1567361812764894
JR O Crom,-0.7663209127087952,-0.6714638117012868,0.5570359810651986,4.212558023678096,-0.47597985339224613,-0.1262889032389384,-1.0910630129788064,0.5785422473393795,-0.8605773093164634,2.000661212093676,-0.7655300173429177,-0.8926606796342281,-1.1302547747132472,0.3370792419141759,-0.7377837280801783,0.7686421525902861,1.6142258743879643,-1.4970519219318281,-1.0423880006269188,0.28796814097330564
JSX,-0.08290085834827975,0.18165350885709383,-1.5816614296865688,-0.8442424625040268,-0.6474025939323325,0.6220208181188372,-1.4840061394489656,-0.04442606705709524,-1.1705116893517864,-1.4639616076569735,-1.0412333954849597,-1.214149790870273,0.41414454405554174,-0.2805946071852325,-1.0034943619730954,-1.4705680971906367,-1.5012744536521356,-2.0362107566410197,-1.4178009649486496,13.225158031388972
Jack Uzi,-2.5183875012658956,-1.7534807090454818,-3.2982020585652627,-0.5691129874060833,-1.5642294160388635,-2.071983854584732,-1.0755580430276919,5.625334743227775,-0.7066141424888385,-1.6135025733100483,-2.515788353870992,-1.5700617278403703,34.78445843454911,-2.4189391722970415,-2.4246047427807227,-2.42736261957831,-3.0759510257773504,-4.9198146444907485,-3.4256365298394744,-3.960241182412492
James Delleck,1.9784148134063715,-1.447935072728939,-1.7099932372746343,-0.5913442652662094,-1.0263962281931691,-2.2968443858073786,-1.0776508069428095,-1.6210141914234186,9.999393055275068,-3.1252373650562757,-1.045003174984635,-1.9249208721535662,2.4862853340988815,-1.8233616727671427,-0.9623897161684938,0.24205975344759986,-1.9599850649308028,6.3745887978351226,0.8663781270198142,-2.7548697516793585
Jarod,-2.6872453753824415,-1.1427178612382913,2.48186438748705,2.9152062755654837,-2.180722746876584,17.724456479267914,-1.986290213079173,-3.319466076069105,-3.785424312031317,5.082755690423251,-1.2298008791263684,-4.197075154434816,-2.1694046400078904,-4.127170098539383,-0.9708084424466233,3.0707060147259093,2.5988102549642367,-4.865944873568573,-3.495707244419531,-2.4031747537362236
Jazzy Bazz,-1.8410746692365352,-1.496917122681147,1.1657071530363072,-0.7633943828008957,-0.7097704212896477,-2.5374878980310744,0.1431993950676902,-1.3419793917014797,3.6895626229070606,1.950827138783541,3.4309641395276427,-2.279005012801416,-2.7675740944203207,-2.1179221859348982,-0.3723637272612167,-1.9727823943849272,0.37099551512892487,7.222448188964681,-0.521177520540233,-3.537428120119113
JeanJass,0.8441408420697327,-1.6240542957265507,6.431581823823375,-0.8351695690689659,-1.1512416785243351,-2.576220482279319,1.1504861857382995,0.38180927135601256,1.2815671068593695,1.629596698693002,-1.3114879213038382,-1.6958932210496331,0.9242953811314247,-2.0451458170249293,-1.7844607736207978,4.2682445681273125,-0.4221398703040243,-2.5161833976965706,-0.14138129498987767,-3.0899576497818035
Jeff Le Nerf,-2.2652473380337685,-2.3163068538388023,-1.5185821871501115,-0.2730662615553525,-1.6419580290099132,-0.13627693719785533,7.926627697333451,-2.20756102756968,-2.2949797786769186,6.001473386198195,-1.8834552590984384,0.4928196964947252,-0.051798991484268926,-2.9168884842846143,-2.1521725865286707,-0.7803835354783645,-1.7064898885510484,-1.0978974206811611,6.971844852860663,-4.1801418778498
Joe Lucazz,0.5099509394987548,8.404288759506052,-1.2607220488170898,-1.788217636741297,-1.3712846581446991,-2.0909914459094527,-0.5982439928791752,2.9134709902875806,11.63759330535612,1.572609622877278,-0.8452166767721415,-0.23867106022721918,0.7361115804119989,-2.4360454758105554,-2.125534305748806,-0.867565398442418,-2.550947771056773,-0.6032196273974866,-2.67010042847038,-2.5937659872381453
Joey Starr,-1.5611143861109569,-0.6368152447399061,-0.2582670860303467,-0.47360989764408123,-0.9696446806854107,-1.7089852072929672,3.1762615274601047,0.4276259603095016,1.0989137091673926,-2.6137333030136256,-0.9182733657268927,3.130678341861876,0.7376643762797898,-1.72254427520994,-1.5029797212229872,-0.3864504922365619,-2.248527889442617,3.1803399749519725,4.469365286163034,-2.602547366539475
Jok’Air,14.330306457322983,5.0981746803929235,0.5657708382206315,0.17920245248736183,-1.263702361473492,-3.373561792608384,-2.502533881868189,5.553925053742951,-3.5821403009499235,-0.2410895330616514,3.302209379195379,-2.488771842422418,1.7767177541245787,-3.715576463512362,3.9810471591517214,1.4902055695176546,-0.3404824466402106,-4.575263078718206,-5.0525127547572835,-0.17285907650228693
Jorrdee,6.775918292709055,20.858258107139633,-0.803866116546741,-0.7417473494906506,-1.992321427614362,-5.608381633004113,-3.2080051046126847,5.914867360811865,-2.088094719949255,3.988428386003263,0.17745464347591564,-4.5255717832935005,10.365766670143177,-4.636153646169469,-0.6754074068009488,-1.1856754265144567,0.9555354252662631,-3.3252659893563954,-5.4673681225458575,-6.496588248261097
Josman,2.200641317653449,5.815249812314035,-2.371591865843762,-0.4022978302519899,0.4132922724455759,-3.028537739072761,-2.5341779675797387,6.096120597200328,-3.415182466940608,16.664180743457095,0.38003175850112564,-3.3008528822579146,-3.1893355852801593,-3.6221328874484913,0.9529187231874288,-3.335963894465289,-2.6131739281060264,0.6041928580628967,-3.5694639678927933,-3.645296865022387
JuL,2.9909795217780277,-7.434017107038495,-6.924130366738211,-3.685299960845481,-3.2578390004599593,-7.220418550624207,-8.045502615290765,-3.9164569787538746,-10.12960562799985,7.002664238062466,-1.3427400710942146,-10.147890253411827,-11.861975110863852,126.49947578730408,4.143535506234247,-4.642586501605717,3.8283249464590567,-16.45490824942506,-11.704587841400098,-12.780324147717602
K-Reen,0.04459654607128543,-1.219774588450911,2.148032407351879,-0.24068291132143335,7.231004104367781,-1.9349157764168148,-1.9820143906107972,-1.3655805121799423,-0.28398469518909997,-2.2529459401144565,3.6429473380086033,-1.6215986537410048,-2.053209761384576,-1.536042793557694,2.3903946207786118,-0.9457714357698221,2.4835265065989587,4.266971811550141,-0.8373980188584762,-2.3207671261675076
K-Rhyme Le Roi,-0.6178276715886449,-0.5413514318267512,0.12910638959583345,3.4961881567642608,-0.3837472260589614,0.30575644212922565,-0.8796431230071396,-0.6060619499399784,-0.6938196079794346,-1.168458278573245,-0.6171900313594518,-0.7196860480739343,-0.9112405314791261,-0.681715272276448,-0.5948202577988801,-0.8716777371869686,-0.8898788986095583,2.1071445727846876,5.109147240024272,-1.0299858832174507
KDD,-1.81344626374401,-1.5889733927403435,-2.388435978437976,-1.4688428759173322,-1.1263739153308296,-1.7271013244762083,8.64999753096529,-1.7789115464754,-1.0544193624799205,-3.4296558682685,-0.7075627562778691,6.881999671113216,-1.1791599150953012,-2.0009689922799248,-1.745914959329739,-0.6043116773439631,-2.229117619776291,4.643241491855309,4.830339443578735,-3.0232120336865096
KIK,-0.7467033205417165,-0.176146102382159,8.575448795342174,0.6539039373597061,-2.3049419625736522,-4.382439789876307,-2.6337330100443053,3.7768089105961344,-3.6874430219680314,7.087873340539453,1.1484603428250868,-3.6287208782201352,-3.09810654923606,-3.850438707098358,2.0252237811379743,7.9432254755063445,6.067614399916972,-6.283920564346774,-2.8686109993190967,-4.8933789436383295
KaNoé (BEL),-0.7271062315788285,-1.334309702419984,1.0873687220123425,-1.1492349015312715,-1.3250718328259063,-1.953481768118795,-0.7327813409238818,4.597136821553769,-2.3957458372770515,-0.3168824678109792,-0.2542203900945618,-2.4850621602193526,-0.603985451012141,-1.0794961100040772,-0.5932692263830528,6.957266505585936,1.8089099991436588,-3.4477802070339627,-1.1788676381786012,3.753992266527848
Kaaris,-0.6251952691037588,-1.414451461695912,-4.581804573158027,-0.07729955911142317,-0.8248862776446798,-0.1886981107824403,-3.2342384333481857,0.00041408402757960885,-0.12104768001376164,-2.6774527347233867,-1.5427647589443494,-1.464815785348148,20.27258281676847,-4.143340590817397,-2.482561672608393,-3.8073182340746885,-3.5000490023175472,-2.530685744148318,-3.672968655167021,12.069142520305734
Kabal,-0.9843570353969577,-0.8625108829836843,0.5146850210889609,-0.797302819323263,-0.6114071920113893,-1.368192066510891,-0.6879724586350812,-0.9656112403927456,8.845433149495525,-1.8616520105972374,-0.9833411119049833,2.3417994579057146,-1.4518385454562273,-1.0861462754943563,-0.9477003580287456,-0.6687613956767102,-0.7124879166021453,4.317258049119252,-1.3389716305505226,-1.6410301724526262
Kacem Wapalek,-1.9761572508051308,-1.731543610737945,6.671998005120077,-0.9758821351905498,-1.2274375173994692,-2.0185910293451412,5.36102360011653,-1.9385239151508178,-1.318005012472511,-1.8644114193294175,-1.467562318060597,2.9109983955603034,2.231751374014518,-2.180505406630952,-1.9025667179384917,-2.4294455024806987,-2.494998940684004,-2.0473173152726347,9.216393583594174,-3.2944689349367398
Kalash,-0.03965172200687633,-1.0512737701850243,0.8993381196432125,-1.2327970301876854,10.423795415399214,-1.815784526064068,-2.4778388024887055,0.06209170789502149,-0.3210862407717882,-2.4627171682027025,0.34134281405820194,0.43740545530795155,-0.11635419734826562,-2.9412980184971493,6.395638795588178,2.8864408545456506,2.4114941201314526,0.36138433046858337,-2.5227938492324604,-1.9686445985372039
Kalash Criminel,-1.2832825742207037,-0.2933800272660573,-0.2850235691257289,3.0037889224413394,-1.8434620456981374,2.904615359612954,-3.9890199535392137,-1.194056793224803,-2.732941867095491,0.26602059983985377,-2.290322590561762,2.038421690457441,-0.9508116158645006,-1.7480687295082318,-1.4575618838354716,-1.799290183452631,-2.637351750514676,-4.245813065873244,-3.5417525526666993,18.092222080504598
Kalash l’Afro,-1.5230326911303058,-1.3345079315880677,-0.5803919709875232,-0.42299042019788563,-0.9459912486880897,0.7173955938132516,0.1373550871346118,-1.4940285213176763,0.6283204692523167,-1.144554186865503,1.1075914414034156,6.1170725712062435,-2.2463369361151653,-0.4904201583952219,-1.4663161584404476,-2.1488090463482346,-1.7378219624588351,2.7383165344059157,5.651401460834087,-2.5390610417292105
Kalif Hardcore,1.005872364305322,-1.567548051977385,-2.7147254289833134,-1.4490373465813673,-1.1111861563200862,-0.07363754335962622,-0.5841049274417399,2.803673921759809,-2.0090379574280033,-2.7922918008619613,2.129707809172117,-1.6040764622979813,-1.1226545506874686,24.875206856289825,-0.5611851005198878,-2.1278584652673227,-0.6363232115950528,-2.922640937041146,-1.6116107791522298,-0.9706773994513701
Kamelancien,-1.1669644889530544,-2.112711561025728,3.447191756318996,-1.4409483956127167,-0.16219734616505707,5.003413720362967,-1.976476171633036,-2.365254828963869,-1.230498377031143,-2.586455495720227,-1.993519498504934,1.8197989558290846,-1.306711611558417,-2.2846355514322267,-1.459826674366282,1.5953977603651037,5.453370459984188,2.2954642340503515,0.3789654453196266,-3.522135344997834
Kamikaz,-3.074847741874862,-2.694235471027575,2.4065507261449532,-1.68750694770932,-1.9098598945887093,6.7233040002541875,2.2463582075273933,-2.353225344009004,-3.163450622582672,-4.955458331542981,-1.443897537101088,-2.4650215445523154,-3.212118825639564,11.049506459391361,-2.284745420098351,-3.1856816767662144,18.37640559316331,-4.175661733038856,-3.465297755991804,-1.8097475360790656
Kamini,-0.522618048356415,-1.7637911408436389,6.439339981438438,3.889525021316021,2.7487537050553366,-1.7256445554046422,-0.0746296332672171,-1.974626158216688,1.7207773932074184,-2.7562837822457977,-2.010882848903941,6.18458328299305,-0.6111897174514143,-2.221114209845059,-1.937999309490903,1.0331547094756532,-1.5197120111915254,0.3905889751744406,0.5487863848436438,-3.355823720054643
Karlito,-1.402597566459716,-1.2289805650036987,-0.24902460352704509,-1.1360664412569177,1.4245343722442447,1.1281629250874778,3.0106052621131614,-0.6490830148732053,-1.5751150983419333,0.7401977284577015,-0.6874505241766574,0.8143868702549459,-0.6185239355023249,-1.5476357338231403,-0.6098259389547833,-1.9788901162480599,-0.04021890154327229,2.7342879264250635,1.2369631338804146,-1.9106182942265262
Kayliah,0.4404838187132991,-0.7042371869454659,2.060095617200569,-0.6509950259158789,-0.49921188179853504,-1.1171241443436633,-1.1443165419277264,-0.7884182762649179,-0.9025810965511079,-0.20427116226140998,-0.8028946557353291,2.2681089592847314,-1.1854212084100326,-0.8868347203097324,-0.7737941020529138,-0.25208485307684775,2.297696973491478,2.888132968819723,-1.093265758288479,-1.339895524994367
KeBlack,6.888763955551671,-2.5831728605847175,-1.120620358667428,0.962376237318621,-1.8311310575003912,-2.389368392933664,-3.244433062108955,-1.1630172275244794,-1.49840529587675,-2.5265169826465113,0.7900245947031975,-0.8133863016848084,-3.198269728075168,-3.2529486140679493,14.777801782141124,4.014871633009749,8.470871756967485,-1.9393476463771333,-2.7633095296754098,-1.8627865170081155
Kekra,-2.9239697993305733,1.7742562994389717,-2.2706046111666636,2.80052321976343,3.2904797291200265,5.341975770349963,-1.096578658134086,2.38315021502403,-0.09840650606612684,7.036293335780073,-0.13395090251217528,-4.6279887116471885,1.0220580832942445,-2.2401488153120397,-1.7465640845370705,-1.6519377991915463,-3.9616586742483846,-7.005126703466936,-3.6538774195409327,8.377999579580832
Kemmler,-0.20498478904674464,-1.6101136576078785,8.687501573757466,-0.1446464279476602,-1.1413595928882354,-1.7710539175020983,-1.8518322039104258,-1.2478180524115752,-1.5789999539706117,5.157099762095627,-1.835676494737029,-2.1405251136167482,-1.603349126254488,-1.5343943804195714,-1.2038978716269446,2.421711997044594,2.64284314783201,-1.0827040126212,-2.0994879827450905,-3.063433917471996
Keny Arkana,-3.5820892155979696,-3.1386893385390344,-3.412005538422896,-1.1780880641631337,-1.775464970651232,-4.778021565362819,-1.3746190931559357,-3.513873001662087,5.672345225325647,-5.593692725364695,-3.0194820363928203,21.949826385020597,-5.093984025030157,-2.9404844302856223,-3.4486950466675825,-2.085864654547643,-3.608843717617425,20.296408967559415,-0.15220294729485695,-5.971732076525848
Kerchak,-2.0347227271674213,-1.2219630782755777,-1.4682321065724573,-1.6480708814064655,-0.47255817094790575,-2.4745415567622615,-1.8614088236409283,0.008059943371962829,-1.847352236572318,-0.469888296518064,-1.5406475480248187,-1.526359526344535,-2.667815463139298,-1.799717842368994,-0.9379968166856124,-2.1740553053774843,-2.2482477544445763,-3.974947725715579,-2.4064248149615026,26.088124686883592
Kery James,-4.0368459002663,-2.4063028131848245,2.363010351733514,-2.9639020021450135,-0.5132656620048709,2.230853408849561,-4.181641310529524,-3.959969438798178,-1.4451635164956786,-5.014988387427021,-1.5529388347476327,15.287487384321812,-5.618077084034991,-4.229780329493084,-2.0854184142211563,-1.8327774639028573,-1.8587222091534057,17.981727600971322,1.611257288075023,-6.1354949743089895
Klub des Loosers,-0.3959490860930006,-1.934468479777506,10.977466802685399,-1.2290015886370813,1.5456881060654282,-3.068627282365722,-1.5526482658816505,-2.1657054364073782,5.184156739620933,-3.696377085558697,0.06161926526419518,-1.4052007679145861,-2.642025654668182,-2.4360454758105554,-2.125534305748806,6.516397637614215,-1.6075214726824953,3.8021027137813923,-2.004119877996551,-3.680557782492093
Koba LaD,-2.6734231686035885,-1.4856879942823762,-3.7768378272896266,-2.282786158998124,-2.0389501377088233,-3.247705600515222,-3.6039768418910914,3.6117772780072097,-2.0588627378239135,5.550074991458437,-2.974349525707726,-3.823881625291704,-3.39587627136346,-1.689569887288219,-1.2619650076976987,0.766419927029376,-3.0361713603456644,-6.101035269100135,-4.465267052640925,28.514999292911348
Kobzx2z,2.190388408738215,-0.8359657039692793,1.315158587339786,-0.7727645248093394,6.157437812272784,-1.326083724407434,-1.3583624966867665,-0.9358929797428976,-1.0714101097553934,-1.250142471911798,-0.9530771855454437,-1.111353583676597,-1.4071558465522729,-1.0527183525704922,5.61361936775804,4.5971996212135515,-0.6464561424601711,0.28232158290913945,-1.2977625950165255,-1.5905247926934774
Kodes,-1.479431614134942,-0.5873201313971694,-1.681082015197111,-0.984223819898873,-1.2320433028780027,-1.3062031514438326,-2.8241465859823243,2.1656258439324465,-2.2275491343962397,-1.6188703858091595,-0.9722018547635024,-2.3105948793840474,-2.2419696100447055,-2.188687444408767,-0.8624241135685856,-1.7265984373589578,0.643154643113774,-3.8750228208619015,-1.9569070270018707,22.39753703974969
Kofs,-1.7573437451767837,-2.471680089434291,-1.710751013199912,-1.409470126730961,-1.752097292838891,2.200398510321941,-3.5182599606033897,-2.4057478018755107,-3.1678130134543028,-0.648774149274251,-2.463071792939776,-2.6772540886935134,-0.7955280020369092,15.521706025233586,0.9663424782453218,6.070708341886446,6.520412121148766,-4.058974665090733,-3.576448145932106,0.8261102615847629
Kohndo,-2.0035609841142614,-2.118039971912237,-0.6692420782483273,-1.9579106471321548,1.1627446111955124,-3.3598248360655023,1.7885059391043638,-1.10604874898586,-0.5042795623912014,-3.6966309042610983,2.554681497558224,3.931923304818751,-3.5652327786173825,-2.667214144399984,-1.4678488069036488,-0.771489934394579,-0.8966779614984141,13.70120150988784,0.9697488228839587,-4.0298245144501035
Kool Shen,-2.260321957086449,-1.980533705712292,-0.22289847877130095,3.6312922297590644,-0.6916571404715142,-1.5502050586561846,0.8213848727621501,-2.2172770754796476,-0.5685458509207878,2.0412762521484464,-1.815117226752707,3.0640162564043454,-1.23404934980561,-2.4940546842327254,-2.176149355334558,-0.05328458909102107,-1.4126548164261234,4.190049150991927,5.056528511854267,-3.768202387501523
Kooly,-1.3049974903535404,-1.1434616681029675,0.039635845604066994,-1.0570129951488625,-0.8105644826985585,-0.7112412929861479,-0.7815948349470618,1.0633380653429132,2.628626549419986,4.825121747985639,-1.3036506440775608,-0.8623149665407487,2.751166420859186,-1.4399431432922623,-1.2564004160727067,-0.7549337590180152,-1.3476151830480483,0.9808720787774222,-1.2117814928702686,-2.175572662769673
Krisy,9.27182750970485,-0.6728935050960296,4.797052226957351,3.5653988283714257,2.528796773364987,-3.782501698783095,-1.7160177328214548,-0.2827437790256376,-2.2111847973532885,-0.6198316822846222,-0.704348043325797,-3.7342675397644225,0.5592350888277202,-3.254541115863998,2.7457217945590635,-2.090853129712812,7.077652634564647,-1.1529329380548277,-0.4620953348236019,-4.782992197493621
Kroc Blanc,-1.730596278977188,-1.5163787843327758,2.3241805754558524,-1.4017366085138825,-1.0749138508131946,-2.4054159355249984,-1.6522680775782503,-1.6976393315364766,10.405669970073513,-3.27296694832859,-1.1503776845048665,8.897265068014617,0.9735153021501216,-1.909551753267788,-1.6661502424605714,0.8348103149255365,-0.8879134122667443,1.647547790692269,-1.504441584042154,-2.885092103727468
Kvra,-0.7663209127087952,-0.6714638117012868,-0.30291231461120405,-0.6206994029884323,-0.47597985339224613,-1.0651360791704083,2.5750863771863277,-0.7517273310900487,-0.8605773093164634,0.6206790774031917,-0.7655300173429177,-0.8926606796342281,-1.1302547747132472,-0.8455637286540325,-0.7377837280801783,1.693554812794417,-0.19776399525743127,-1.4970519219318281,-1.0423880006269188,4.984493333621684
L.I.O. Petrodollars,0.514420171314437,-0.5449376025512699,2.1446090324105236,6.228260349142787,0.14989841964984618,3.7030888080700497,0.6941690714397842,-0.10055855000188292,-1.6775740104267776,0.7143851355676218,-1.492292728857707,0.558581298209807,-0.38779060714744584,-1.6483071538090768,-1.4382052538061347,-0.6842034467713461,-0.29255987910254994,-1.8902926755621303,-0.5556018360565275,-2.0888399981862853
La Boussole,-1.1747477142279854,-1.0293345319342928,-0.660694730401536,-0.9515141669885747,-0.7296632984452244,-0.4079499519288329,3.1104964073345833,-1.1523761772347838,1.712808642643986,-2.2217258225120413,-1.1735352945905217,8.131564199178962,-1.7326477602720982,-0.5247534406485296,-1.131001038581191,-1.0540759179814208,-1.1010244695374336,2.9339642511596895,0.2794542376497722,-1.958432128512694
La Brigade,-1.6963236520601603,-1.4863485080793344,0.5337786340882482,5.176352724162628,1.7936829605804818,-1.9336512982705922,0.4831746446107178,-1.664019382068028,2.819517051088659,-2.584736921105642,-1.6945729305373476,4.602996516896405,-2.1022334555642486,-1.8717351026641085,-1.0208417366562088,-1.9754680157700826,-0.8061273775800829,4.8337185746785,2.8931800015059475,-2.8279559094045394
La Canaille,-1.4323955641334447,-1.7053065841022592,-0.24446518608135903,-0.30765214011956077,1.2728813576727864,-2.7051101444609964,3.364109489187677,-1.9091506419164783,7.8803121382004,-3.4090668602888408,-1.4298560958049074,3.4671792038721176,-2.173746236899919,-2.1474655351096446,-1.3400458186402728,-0.9249446735084201,-2.446464863111604,7.770693261710892,0.37456724635954347,-3.2445498519530696
La Caution,-2.892798007847503,-1.7456786110863454,-3.478479065183193,-1.4895147499441421,-0.6836850318334063,-3.523387139385248,16.276248118470424,-2.8377084453323755,30.91987159898189,-5.105399146692299,-2.5437692243838206,0.4881669391476095,-0.2821979579371501,-3.191933078111628,-2.785072498258956,-3.1013155590173964,-1.7665593763262963,-1.9352531160218347,-1.3935861159938492,-4.8226087109090106
La Clinique,-1.0563004820950324,-0.9255489916241063,-1.6028927344370503,-0.8555750831711808,-0.6560929504857355,-1.468188764320164,4.48040812565915,-0.07110563261096227,-1.1862239586940113,-1.997714087027804,-0.10753192370577087,1.207688852078322,-1.5579486917218988,-1.1655291659152462,-1.0169646876798548,-0.14830381270890028,-1.5214266903075218,1.3286791912862892,9.002796058488544,-1.7609677179659091
La Cliqua,-1.670157708522011,-1.4634214498533906,0.22760342797955888,-1.3527829861099052,-1.037374040229798,-1.890637637460011,1.4069088804491505,-1.638351734773976,-0.8092506567332738,-2.525484086101128,-0.46970511844648843,0.6245128768806675,-2.4633331717908034,-1.8428634218649311,-1.6079623565617016,-2.356384084067438,-1.1584898600302997,1.0281112055610178,19.736837895958843,-2.7843344374275794
La Fouine,0.34317485122414265,-1.9007525135063115,-2.8445740701299242,1.4733865809966105,1.4997095499861366,30.225598701098658,-4.381382096079739,2.818258107167309,-5.737474593850187,-7.070990423211272,-0.15208759173703099,-1.0817973296931058,3.7750774504597255,-4.226285800192382,-2.180523655394316,7.357794056704584,-1.2384768637571104,-4.6276672296936425,-3.4442466653317068,-4.482591223465938
La Fève,-2.5138324244422225,19.19730964057063,-1.8568467899629075,-1.2976805722792502,3.1034827274562344,-4.509775364084395,-2.562126705830387,0.8690453410702454,-2.504108150594427,9.452300206940604,0.43742548843161655,-3.451583362868936,-3.8126796817773934,-2.4142833048298638,1.6217898034135696,3.7619674344361305,0.8299423835740327,-2.567573851388362,-3.9714830093797304,-2.4846622509585754
La Rumeur,-3.089138358331683,-2.706757159577091,-0.8477564726427047,-2.5021192858586274,-1.918736130920219,-4.060801483236959,9.016315449139089,-3.0303097500958915,19.30339183548493,-2.590142754529484,-2.437851549591409,7.239628965935249,-2.141911453676689,-3.4085763617342937,-2.974101289397884,-4.128946093547728,-2.4266473502013737,7.05591112474122,-2.2981452271316614,-5.1499294163202665
La Swija,-0.5683187993064831,-0.4979708904026736,-0.8624005098457188,-0.46032299728952053,-0.352996106797819,-0.7899260578609753,-0.8091539865901389,-0.5574959095134888,-0.6382212139029069,-0.1444415240327748,6.477842413210547,-0.6620148781453277,-0.8382193749992606,-0.6270868444828201,-0.5471550567580797,-0.8018268973164361,0.4030737901483206,3.393273475899138,-0.7730556312924974,-0.9474492117786395
Lacraps,-3.08438217636019,-1.5925433013972192,0.23366138025270647,-1.6977119310983384,-1.9157819549865078,-2.187763915186731,0.8460133834110474,-2.3646278753991345,-1.7315336495669393,12.16681786114879,-1.133904916218714,-1.9229250489444345,-4.109548789091119,-3.1094983496785398,-2.9695222238808316,-2.972899919340113,3.43582479781003,2.438485188386695,5.1000749880954555,-4.169616122788719
Lacrim,-2.4790899700195164,-4.062217326669489,0.3564771392203755,-0.2931476368220407,-0.10139661674601909,14.040784754889454,-3.2677288912479194,1.609034765263177,-4.438017169933804,-2.49506971520438,1.8463666125326021,-1.6969919914215714,-1.1342255418418759,0.3580900320870741,-1.9989717624575394,2.0205326450170444,7.699095479880212,-2.9841064787216234,-5.830512142259975,1.3281148648539953
Lady Laistee,2.5254171233665748,-2.0031691115747936,3.1607257601688055,0.30842443838748007,3.5096472053455328,-1.9187972283658994,-2.947729843823287,-1.350803456050261,-2.177842053148084,-0.6230914994264061,-1.4080604571561761,2.969549384408392,-3.3718741253303963,-2.1261362674036044,-1.7466857238877163,-1.6753223087861044,-0.25592750088103017,4.937968807629621,7.502069312515989,-3.811268955955052
Laeti,0.1795039276962241,-1.163009437396474,1.461306000882852,-1.0750829022966502,-0.8244212895758528,-1.302826136384178,-0.8314504041111445,-1.3020299309629186,-0.8196764611691654,2.270147282703969,6.970083932753045,-1.5461336511101251,-1.9576586953517403,-1.464559339134448,4.199948447577329,0.7973286878024737,0.18053913181558032,-1.4359955514022091,-1.2515962660624573,-0.40507124362515057
Lala &ce,4.6137184827833755,16.21893612584941,-2.7412716783655924,-1.7828233027712308,27.159389507313396,-3.0593704670596384,-0.9001584919401177,3.861653087075856,-1.6626997712427076,0.16125254871570163,-0.8344479033440455,-2.5639725982714006,-1.0901815111540307,-2.428696905595943,1.6560252104272413,-1.1733826857754985,-1.9085983638360176,-3.3697118254293246,-2.660033773509959,-3.3969349865550718
Landy,-0.7040168166926158,-1.8555174019835428,-1.4496159582940742,-2.118577181837562,-1.009090095904739,-1.7100927626353375,-2.1128675912951516,3.28032013074225,-2.937330762432236,-2.3187537617754215,-0.3166279800513031,-3.046838031059042,-3.8577964851315554,-1.1536363157885314,0.2615411732796094,3.897144333552742,-0.847544558756339,-5.10975204140538,-3.5578887653957048,22.700525252062253
Lapso Laps,0.16091806266009095,0.4282331593746434,0.028026775204341433,-0.7474210566386156,-0.5731556422614985,1.0564167433897287,-1.313813846237764,9.037359217565152,-1.036272306271391,-0.5991684417798951,-0.9218202106983333,-1.0749058000793887,0.10849320503786246,-1.0181935611204778,-0.8884092540624706,2.5385738472784167,-1.3291017548915753,-1.80268923074297,-1.2552013697526496,1.0618057390235494
Lartiste,8.559743877108001,-2.400306214524659,-0.3764093093846709,-0.34526853553620307,0.6050458904528421,3.2016709076013794,-3.7553432973546648,-2.250614452758186,-3.65998795032374,-2.8025014588526123,2.259305373732547,-2.3378006282235053,-2.2253936615549725,1.0917246574504718,7.665973815987667,5.042112970284863,3.9391306431831583,-1.0852906158605482,-3.4774445962755456,-2.543615901410738
Laylow,0.22082391629135353,3.90991149619104,0.23298807738138452,5.058687826244035,4.229136795253129,-3.516367786254589,-1.8072483295939394,8.574462622634718,-1.745308751433166,3.4083665300478994,-0.14133421155764528,-3.168631080154256,-0.5224806610084544,-3.0014534884407107,1.963252226939869,-0.45047942515462297,2.207688256508892,-3.6203700067380975,-2.3487992953407546,-1.4475938567847977
Le (Vrai) Ben,-0.6178276715886449,-0.5413514318267512,3.329010147972067,-0.5004238570758069,-0.3837472260589614,-0.8587401607080175,-0.8796431230071396,-0.6060619499399784,3.6300708743225885,-1.168458278573245,-0.6171900313594518,0.6698087218791425,-0.9112405314791261,-0.681715272276448,-0.5948202577988801,-0.8716777371869686,1.357617926938785,-0.3784352410829625,1.5394188519349343,-1.0299858832174507
Le 3ème Œil,-1.4132196934513122,-1.6920355140274312,4.236145056148269,-0.28543343058774356,-1.19943145399776,-1.938918109469636,0.8877753184701327,-1.8942932126493313,1.0593225083458162,-2.0092185522808252,-1.9290748865354745,6.197134913785082,-2.848152328198808,0.2158342483698348,-1.3212780887608078,-0.1552130209988257,-2.781384902603532,0.9989804164105428,7.271484504133126,-2.5980469957663335
Le Juiice,3.0310627191872013,7.040379613584199,-1.372242826911006,-0.15690817238662924,-0.27394789321618873,-1.7855172250424423,-2.2470562733671855,4.8179733779262675,-2.0725446126151565,-1.7713432764106316,-1.8436404214780273,-2.149811600228551,-0.5177636808540114,-1.5453213573537483,1.60000358818844,-1.8357357176261542,1.4799296162084574,-2.2185615008906,-0.5186904453110397,6.3488843510983894
Le Klub des 7,-1.625612141932012,-1.4243898438489002,1.58703527300235,0.2022439966106814,-1.0097057462988257,-2.2594948334809923,0.7099247782192455,-1.5946544803608569,6.938873036096728,-1.448092568151389,-1.6239343995028603,-1.8936192596962804,3.4414610373388554,-1.7937115394675078,-1.5650756316355734,4.682592300862638,0.6482044838804595,-0.6566182343229505,-0.4022981683027114,-2.3410782680766125
Le Rat Luciano,-1.145665498533397,-1.8388793812627184,6.863654099151429,1.8298568363915506,-1.3035245133539992,0.16837137098134913,2.032082681176881,-2.0586900818137384,-1.5081754295197576,-1.4495642755542508,-2.096490294885206,1.2368537079954929,-3.0953301792968224,-2.315671640100303,-2.0205039523097073,-2.9609420491537577,-0.045365143537998524,5.900531215911389,2.049500944776866,-3.212866662223253
LeDos,5.363589355591574,-0.5815047186337492,-1.0070668295569312,1.3227801997400785,-0.4122106446969535,1.245739775940589,0.11343788227978595,0.8850480329328397,-0.7452818117717437,1.135073641324965,-0.662968442359654,-0.7730668255065545,-0.9788293476375591,-0.7322796695160141,-0.6389394509966613,0.13166505721511754,-0.9558832730902469,-1.2964849951676398,-0.902734489129134,0.7013110729281995
Lebeey,3.7547322261960634,-0.9132895233003492,-0.9494148684498871,0.3402513817095101,-0.6474025939323325,-0.06823335355143414,-0.13630282020810616,-1.0224597124847368,-1.1705116893517864,-1.4639616076569735,-0.08083392669726465,-1.214149790870273,0.41414454405554174,8.414369439876182,-0.006976555999108174,-1.4705680971906367,-0.8351737300150012,-2.0362107566410197,-1.4178009649486496,2.8662960472420913
Leck,5.530655245402493,-2.0143914353024313,-0.622087511961924,-0.25101240010541087,-0.027320055761563353,12.764993753823832,-1.440114343907619,-2.2551819934475152,-1.4197212765345524,-0.4379329922838316,0.3159789581570002,-0.06407354458722363,-0.14665799660475487,-2.536691186119783,-1.7615475994239365,-1.7020284031784216,1.5206961955361447,-0.037959073882979574,-2.1678283234058386,-3.5717027035674795
Leeroy,0.18171385175697313,-1.4401294359578716,3.5202362503393245,-1.3312519089800032,-0.04129973761836286,-2.2844623851690686,1.5059702127622474,-1.6122755067840395,5.19754067741095,-3.108389601538741,1.4034124842315987,1.7416794944268128,0.4635117418935324,-1.8135321581792883,-1.5823698100290835,-1.025151301701419,-1.9448768552878812,0.5265459291435535,4.921007871929264,-2.7400185936146957
Lefa,0.08857095109586449,-1.5184678112259586,4.587208550298847,0.23510411266779482,-0.4039624494691202,-3.738258663104296,-0.7322390197173618,0.5134852415096763,-2.999502371082163,10.782857463288474,-0.46611759489722543,-1.497286584451698,-4.491472547133742,-2.911968080715164,6.778419692044883,4.5275715955061315,-2.4006609387169577,-2.5021531330117512,-2.574003741754083,-3.5795641396994644
Lemon Haze,-1.433655151925296,-1.25619376560126,-2.1755129961929964,-1.1612222531865666,-0.8904767673407119,0.014652558370101454,-1.551282171494527,-1.406353060695353,-1.609992723224634,0.23914487955906674,2.059016669220091,-1.6700152129928778,-1.168668824137312,2.2109906630939014,-1.3802669680969701,-0.5395486558172926,0.35642943750524225,-2.0866275640568044,-1.950129381279213,11.835531462114895
Les Sages Poètes de la Rue,-0.40687380484442814,-2.8129445544844267,1.2866782445822498,-1.8311302969976977,-1.994009079045175,-3.1174999125050196,4.618084635966234,-2.8316483260120737,1.6649839348169544,-4.918557293907587,-2.2715637132332276,0.271527495087636,-4.523748987024418,-3.54229646400237,-3.090776724057241,0.5485980815709197,-3.5426189807799933,2.498193348581327,26.08991144526291,-5.351963642676887
Les Spécialistes,-1.0423091294843656,-0.9132895233003492,0.9473248152601575,-0.8442424625040268,0.8972313156839334,-1.4487416968919768,-1.4840061394489656,-1.0224597124847368,-1.1705116893517864,-1.4639616076569735,-1.0412333954849597,2.0803366306622433,-1.5373126985896108,-1.1500910118913739,-1.0034943619730954,-1.4705680971906367,-0.1690730063778669,5.821522018530087,4.93005760057168,-1.7376426123787447
Lesram,-1.7220920688923536,-0.8462047710417614,0.06549957488883366,-1.3948484262454794,-1.0696316869012839,0.5308749314418425,1.626678490681802,0.6785516989278174,-0.8997310696823104,6.261418371989862,1.1861301245565588,-1.5075022351303302,-1.7525089596791117,1.2574471383844807,-1.6579627224323912,-0.37175332570712694,-0.061414973581749986,-3.0669587988608926,-1.4886781417697996,0.9606168534216801
Less’ du Neuf,-0.7663209127087952,-0.6714638117012868,-1.1628606102876067,-0.6206994029884323,-0.47597985339224613,-1.0651360791704083,-0.17452566543752285,-0.7517273310900487,-0.8605773093164634,2.6906522794389183,-0.7655300173429177,1.3478323154963727,-1.1302547747132472,-0.8455637286540325,-0.7377837280801783,-1.081183167817976,0.7082309395652665,3.8467841083640812,-0.08305232206332994,-1.2775402565761536
Leto,2.9540643553930774,-0.9744654010300197,-3.234458164523638,-0.20354255896760357,-1.9597134160502694,-1.9458305625810761,-3.6222403699575203,-1.3641514143931457,-3.838082286231059,-4.486506353884232,0.613717230610721,-4.015204799386887,-3.1739563144730623,-3.5182328611654343,0.37731362427624826,-4.111038114972905,-0.8076209893544372,-6.015704701456607,-4.828205731922446,38.229288048403134
Limsa d’Aulnay,-2.0347227271674213,-1.2219630782755777,-1.1443568413604859,-1.6480708814064655,-1.2638139054045472,0.0005905615321090052,-1.8614088236409283,-0.4929485645842139,-1.847352236572318,19.020036945327313,-2.0326227547552906,-0.6825410471779764,-0.3352860379992712,-2.2451269532195584,-1.4484740394862257,-0.7806862638706632,-2.2482477544445763,-3.2202208193533206,-0.238584500235762,-3.3921039497887273
Lino,-2.311699471434177,-2.025551584056114,-2.367628965360321,-0.8042751312337004,-1.4358506434902158,-0.1008633828681374,3.392918599258908,-1.826696100860627,-1.0552241411288255,-1.3984829987161476,0.2888609410406058,3.6202690458146587,-1.9430806261242894,-2.550744984444608,-2.225613611688014,-2.6483083218068577,-1.8279499724481825,6.112748661484012,9.25816140768959,-2.8159323274944117
Liza Monet,4.39633816903601,-0.9194553037452314,3.9588869890648963,0.637527765314897,7.030786796564289,-1.2631060853495364,-2.140986451519543,1.6878848217502889,-0.9997014186800349,-2.7740054467153095,-0.09252496039199501,-2.074355967728593,2.703863942923045,-0.9470555370344474,1.2019251454298019,-1.3183855320522286,0.16424303403933385,0.5455022486521192,-2.0094584749374484,-1.9582039574034575
Lomepal,0.04123600191760085,-1.8493208899737414,3.7954397708154204,0.32682965880935594,-1.0703544989385825,-3.9264908994468346,0.847516266346319,-1.3776131385746422,-0.999863077511211,6.439503774941059,3.6925454000551947,-3.8394787598843774,-1.7758847818816315,-3.6369071141882685,-0.9674416059615901,2.4459036030257337,-1.1665744223634364,5.2085922197313055,-3.591316258918085,-4.766961795947746
Lonepsi,-2.89786864803673,-2.539163287856695,0.8329699023510381,-2.3471959462673344,-1.7999340374788317,-4.027848383638875,-3.8835201341635965,-2.1391217180001787,-0.796018295100183,-5.115628588164547,7.122815986835095,-3.3756267823220774,-4.040129398185278,-3.197528057126151,-2.7899543118184527,-0.41973161238795875,-2.257230277653164,28.78412793525614,-3.434446649645655,-4.831062019256128
Lord Esperanza,-3.181024556745236,2.5723966335545096,-1.7446515742968618,-2.0161854010398947,2.0194316495906146,-4.975465136027796,-4.917015122084672,-0.9067861502484302,8.275155588952146,-2.3411414628861134,3.552861881610887,-2.9468717377232196,-0.380050969707731,-3.8596791025939803,-0.22870711973921257,-2.959695513795805,-0.3156216538043718,19.300983128448728,-3.6747366270087842,-5.554497641393108
Lord Kossity,5.7065446801228825,-1.4322812607117767,-1.6741664967331695,0.18658027771902322,12.773731856398575,-0.9515978716751162,-2.327316946093995,-0.9798492013188796,1.4328798376594534,-0.8271404109334851,-1.020535713143381,2.2973269627387216,0.07776499428766935,-1.8036490755644963,-0.30289375145840675,-1.8726367730135929,-1.080187332855977,-1.314399156777248,5.422149955103683,-2.725086501010679
Lorenzo,2.114491406307973,-0.46711343248279125,-1.0651302410333396,-1.1144495905893717,0.2903847982675775,-1.881421614420834,-1.460451919003047,9.011567038050302,2.6754309624717294,2.365833465885162,0.17033661322729107,-2.987414031805513,9.70039063757003,-0.709504417075922,-1.2540773304275619,-0.025514215512564335,-3.1524483700240147,-4.012108736268004,-3.201841126943854,-1.936541928785003
Lucio Bukowski,-3.9219296778388073,-3.64698199753857,-4.257668684228779,-3.0746357426428297,-1.4247950445280158,-5.612313934832254,4.030155012463228,-3.5930795301948613,41.10977829140792,-4.822778308407515,-2.9553599100226604,-2.3733393286645152,-0.4374655947250416,-4.374844367992147,-3.7576399968366037,-3.658554802777239,-4.994102357398575,14.375180932904259,-2.835567776526009,-6.938819688134546
Luidji,3.457476606153399,-0.8388596729987455,5.891732056196186,-1.5437225236881136,2.2840601828178935,-2.346899362959001,-1.0614178840978539,0.7811244616114926,-2.4671814746470124,-3.278711444651909,3.864650609801098,-2.9267837650481123,3.5801114870461594,-2.0509606357420584,-1.1787965066592663,4.635879707033668,0.24964643927759161,1.2035421874862002,-2.8325083386087373,-3.9499580550493385
Lujipeka,-1.5472908215016192,0.18087710144235375,-1.040538986412252,-0.6711854653647253,-1.8124772835712755,-3.809364005727999,-0.3035321855078409,0.6309666662302578,-1.446027080873751,9.520896507636769,7.033314944054654,-3.1049594554538738,-2.6774432993105814,-1.6669244539778534,0.39413798600217637,-0.23071941821719535,2.4589371450738104,2.1932966453913436,-3.717361358949638,-4.248044394084259
Lunatic,0.6872069613450794,-1.5456483383903277,-1.5425149666461897,-1.351515242906531,-1.443718377144517,5.126558499187394,0.014549593975386346,-1.8415249957788795,0.07146474856444064,-3.7134767766950274,-1.8912982605465005,4.679112760119989,-0.8029729306155697,-1.7849100920763226,0.4433853097624009,-2.6695215698741346,-1.2569828033073556,1.4053273563607207,11.071042963429306,-3.8749714562572604
Luni Sacks,0.5222218289822991,6.911179219694811,0.7133614656603572,-1.4222009991536113,-0.1736861539189151,-2.0307868542143193,-0.09988126683896253,2.9221942354655552,-1.9718303307598275,-0.9116556952450959,1.0964968619255473,-2.0453425672711822,1.2716539074424698,-1.421282187933921,-0.5073753889213205,0.7520179765039071,7.3561857392817975,-3.430176875827812,-1.9697225426581186,-1.9023466456240261
Luv Resval,-0.4024177789038882,31.60129449770635,-4.1347637459410596,-2.9735323840116497,-0.08748172832851002,-4.710705153979517,-2.3570739845230544,16.39189412052664,-1.454537857905182,-2.478089978843259,3.9675592727473523,-3.808710667528628,1.049368722607648,-3.310171225429697,-0.42220422781721406,-2.0904517290948528,-4.34209160660888,-0.4789207712656089,-4.593174250192545,0.578917901516261
Lycos,0.9212223678847433,-2.1073696774808037,-2.0055903996205644,-1.4347124319019975,-1.4938489502331704,-3.3428986586968996,-3.1322365060486685,-2.3592744026324093,-1.9604021391868764,6.004205332379964,10.500128678459255,-2.8015896250505112,-3.2653650052726086,-2.6537772118540404,5.026273394634099,-1.9197535898349616,16.165715939244148,-2.782930284747624,-3.2715044746747943,-4.0095230023702
L’Algérino,3.2458889536874533,-2.243512748986359,-3.490506531043256,0.2513014934857451,1.2991555107141448,-0.5504805669321032,-3.0736887090842364,-1.140410068347166,-3.21800247186185,-5.050968172221241,5.653598567918566,0.47801923666326745,-4.520712325113323,15.849090317506857,5.179794219293431,1.2285382998673677,1.6321606443297922,2.362712427279328,-1.9026235700645455,-3.413755327393536
L’Animalerie,-1.1973751072391092,-1.5458257818005985,-1.5564931584377133,-1.428957336466712,-1.0957879132647483,-2.452127402140375,5.05243359539678,-1.7306062799092023,3.5709991526990774,3.556872611979283,-1.762382449961175,-1.5684552301122996,5.08422941875522,-1.9466338901475913,-1.6985056951200954,-2.087314187946314,-2.14750483052255,-1.7055618135227182,5.934418413020876,-2.9411185403592834
L’Armée des 12,-1.5133625445291952,-1.326034779689146,0.31624477705775417,-1.225783105155135,0.12386198867961724,-2.103475215489118,3.878710639130422,-1.4845425300375512,14.775891032017313,-2.8621265683225996,-1.511800651328371,-1.762863592923078,2.696076948322615,-1.6698545670895146,-1.457006120449587,-1.1984702142364227,-1.7209808661273225,0.08776046848506965,1.3418981679778534,-2.5229398562517087
L’Atelier,-0.9843570353969577,-0.8625108829836843,0.5146850210889609,-0.797302819323263,-0.6114071920113893,-1.368192066510891,0.025550898722216855,-0.9656112403927456,7.9408090841742425,-1.8616520105972374,-0.9833411119049833,-1.146643404401438,0.6145069233610034,-1.0861462754943563,-0.9477003580287456,2.211412722013987,-0.007171816415583775,-0.36293399669926,2.39523743380833,-1.6410301724526262
L’Entourage,-1.7627971605126431,-0.9095108034126512,-1.2770629897159478,-0.678517277860131,1.532817367658504,-2.103151869367872,6.997010827015825,0.5899337734885804,0.7302872059775817,2.020379205665105,-1.760045205226969,-0.6410785881281834,1.632894904247363,-2.4433719449119575,-2.131926904561001,-2.1639888389788413,-2.5623973114601735,-0.39615083842845017,7.279623267537776,-3.4207438937236607
L’Skadrille,0.810434407667312,-1.820397712384438,-0.6150441851015295,0.10000294365082303,-1.2904234319689352,6.116095936071061,3.465359764006857,-1.5473218780374873,0.23858340411084697,-3.929164406001451,-1.5935892074142946,3.364846076246246,-1.1061369415818758,-0.9837246733747607,-2.0001968645288803,-0.5430688624532288,-0.6531191052450759,-0.6092086884133837,6.020401439966267,-3.1748012607520892
L’indis,-0.7956436126736051,-1.2915864302633249,-1.342675383293916,-0.35637551089984004,0.17665558329626124,-2.0488301561444495,1.236693937180279,-1.4459763924105886,-0.44715236189491453,0.08190129041312594,-1.472526389524574,0.03009816589379696,1.5056145973154218,-1.6264743070109187,-1.4191553365025196,-0.6371797601871636,0.2318989999888842,-0.4487748109864833,10.463298418122243,-2.0504632182023137
MC Circulaire,-0.954061842335183,-0.8359657039692793,-0.06629559856643484,-0.7727645248093394,-0.5925901385862925,-1.326083724407434,2.322540069399023,-0.9358929797428976,-1.0714101097553934,2.075142500486876,-0.9530771855454437,-1.111353583676597,8.541990890530833,-1.0527183525704922,-0.9185333339927431,-1.34606218865735,-1.3741687860081195,-1.3272805633608307,0.24335132486477662,-1.5905247926934774
MC Janik,5.947264895949955,-0.6544619682595774,5.04260202491054,-0.6049829430832628,-0.46392777432326565,-1.0381662312886049,-1.0634366804708548,0.6321346199524115,-0.8387870051686814,-1.4125971777915551,-0.7461463643785953,0.27929064909106804,-1.1016360846345712,-0.8241535768590371,-0.7191026268509191,-0.1048666316399223,-0.14627993954653534,-1.45914572065534,1.9367787688020834,-1.245192214804217
MC Jean Gab’1,-0.7869194588084966,-1.6309799318183176,0.7157724977467919,-0.8444000804647321,2.3036045015518907,0.11841431198307399,4.519133786428069,-0.18294938749029566,1.7368026946753803,-1.5318694081967008,-1.321677131342376,0.13772566503315317,6.725078895517846,-2.05386716071423,-1.7920704489688262,-1.8646237574092734,-2.681021125859814,0.48871566160703056,-0.5571904131138403,-2.1363700897215256
MC Solaar,2.5212791143505684,-2.673235653793371,-2.2535658201673914,-2.066459270044513,-0.3118384113239419,-4.004706184603389,1.4116539431383888,-2.992781246493488,28.680009447857728,-5.4233140833171385,-1.0790559215780593,3.7621107119745045,-1.3885115703942137,-3.069306787323477,-1.9159119418338177,0.8066212694674525,-3.2564516543059407,-1.0943587244168462,5.729649228411306,-5.086150740016632
MHD,4.295138159190547,-1.2384991156200442,0.4281974523489672,0.14781762303678564,5.798581382719846,-1.09257422315686,-2.5746806548645007,-1.5125874725719848,-2.301139312076542,-1.811001464347871,0.395625773808148,-2.386928588524393,-2.3604827667432438,-1.376426983693957,2.082363444849921,5.064619638407367,2.808594797963953,-2.753988725674972,-2.7872917176265464,5.073193997988847
MLC,-0.08290085834827975,1.2765965410145368,-1.5816614296865688,-0.8442424625040268,-0.6474025939323325,8.905070878162094,-0.810154479828536,-1.0224597124847368,-0.31618446731370586,1.0724960015024447,-0.08083392669726465,-0.39052818548714396,0.41414454405554174,-1.1500910118913739,-1.0034943619730954,-1.4705680971906367,-0.8351737300150012,-0.5628858612964371,-0.007165728166354014,-1.7376426123787447
MMZ,-2.447432728742381,-1.6781706792006013,-1.5597969154044933,-1.4779043883269913,0.45332165568774746,-1.9319495711616421,-2.910617874735752,2.5974581759258437,-2.7484635189657713,13.303026183488466,2.0542421736656244,-2.8509295867073656,-2.7786604717806425,-1.2193144757478913,2.7364545651900958,-2.2946165804645444,-1.5393772077491967,-3.735437942529165,-3.3291203024522926,6.458727022757072
MRC,-1.2543864436134755,-1.9051121716638078,-1.480777123373923,-0.6254144702382739,-1.350474882561389,5.912244375676005,-2.449546987639776,-0.72626475929264,-2.4416748572349736,0.9949748983025608,1.5112366160877813,-2.5327034699849067,-3.2068178369826135,-0.31494315713427995,12.716026617995311,1.4962549872437128,5.809352737832236,-3.7766501670423267,-2.9575176396270955,-0.8658578482510101
MZ,3.419157439217708,4.424594992009957,-0.36409763520681226,2.982581161491052,-1.5485016556779436,9.244862501705065,-1.8922986429929274,2.6801485333097905,-3.415182466940608,-1.215032857584224,0.6849755116110212,-2.5163097677072312,4.8657511719685695,-3.3460524588541665,1.585742646297465,1.1982498029761828,-0.07518933466819826,-5.00948650421313,-3.3455131967057605,-2.914381043251166
Ma2x,2.8751797113374766,0.3983844697408214,-0.24902460352704509,-1.1360664412569177,-0.8711861741518105,-1.949519121524385,-1.9969732020004196,0.07772089666361298,-1.5751150983419333,-1.8986790101122215,8.5906425348934,-1.6338373077720716,-1.58531191446751,-1.5476357338231403,2.3523340754152264,1.5584462635470546,3.424766475721677,0.909506979658392,-0.33546008380890935,-2.338282598246719
Mac Kregor,-1.4539917017567285,-1.2740130069147315,-1.75314033054195,-1.177694313560487,-0.9031082743874594,2.4323895592978593,-0.13791612917832427,-1.4263023274775806,2.0417696841562707,-1.658870591040973,-1.4524910833085938,3.62009115467216,-0.745585159174196,-1.6043443737038245,-1.3998462008990815,-1.5639290531044263,2.2032759899063468,6.665058671046889,-1.9777921726317822,-2.423962208055561
Mac Tyer,-0.5875048693026683,-1.7245989247225555,-2.405932153364295,-1.7817447750855164,-2.469857301455701,25.803851360004504,-3.8470321400678382,-3.563099709920938,-2.16791688131444,-6.156344931506139,1.6230197906224753,5.655296476370342,-2.2319858278862137,-2.8240160040659155,-3.2349682740296206,-0.33474929284355615,0.7813036795265718,2.939784492749268,-4.567485094417897,-1.774533189750991
Maes,-2.557086769631465,-3.0066287088555916,-4.246715419132168,-1.6999189596809856,-2.1313057639984105,-2.4630063875048016,-3.862036146747628,0.4960940442868173,-3.8534264977261206,-0.01758089475233042,-2.260912444214078,-3.24654033274748,-4.073013976695135,-2.7297315785685723,-1.1846844693566487,-1.3297400880496801,-3.525989278562149,-5.062420864147769,-4.667524345530214,39.905143370540884
Mafia K’1 Fry,-2.6821231946905053,-2.3501233411938527,-1.8587165186161334,2.4306544009411652,-1.6659294872105106,13.171272890203126,2.4661069806666753,-1.870891614150379,-1.6840084095691337,-4.283968216484391,-2.3061309165720796,7.758082169504469,-2.9447416874338725,-2.9594730504791813,-1.8077226170723841,-1.405794246893229,-2.3100220813857515,2.012667171538572,5.670902875520298,-4.247746841343266
Mafia Trece,-1.4035511470504016,-1.6853607917012465,-0.5204757542636643,2.2932885650815975,-1.1946999505283389,-1.925379004544002,5.294912406921387,-1.8868206264690175,-0.30820740332732116,-0.33891112681416474,-1.9214650940061861,1.7762914665577667,-2.131926297766906,-2.122348115080666,-1.8518224606790157,-2.3452541895048893,0.8391572928852418,3.6940528227254235,5.792213509246721,-3.206600594978705
Maj Trafyk,-2.361959682714967,-2.0695904618745224,-2.7471649071282522,-1.9131240459303376,3.98598323938947,-1.150754157339261,-0.686606219013642,-2.3169792432764247,6.395667516552587,-4.01929917218923,-2.359521979481004,0.5197386226431023,-0.3260979475767497,-2.6062024448218613,-2.274002172456948,-2.732267745199717,0.4192529302408698,11.85658491223571,4.879633856542749,-3.9376435236052427
Makiavel,-1.0701089176069603,2.2618460907403994,3.9185494190691976,-0.866759545890256,2.344343687331184,-0.8150591617645043,-0.8672405544421677,-1.0497300899255708,-1.201730812391115,2.42318669151128,-0.13355472847859373,-0.4443076213211199,0.9560336042200323,-0.3338572660322226,-0.05962910592899756,-1.509790128700735,-0.2437225677522825,-1.612169181386349,-1.4556156259824982,-0.1023621074640768
Manau,-1.5980053017132414,-2.1233550115664155,3.121200081095001,-0.943883723447719,-1.5051804573714878,-3.368256028333521,-3.1604096340143726,-2.3771705458333607,4.627816248414478,-4.146681765831271,-0.7684847487942619,-2.8228409254774562,-3.0146104262919424,-2.2999227449377773,-1.9044584864498282,7.695355065443012,0.23411759860508471,12.164599449614727,-0.5660030812018293,-4.039937013447937
Mani Deïz,-1.598288983505035,-1.4004488136598323,-0.3637698503364218,-1.2945712448221434,-0.992734693142419,-1.3212318924887299,2.997759937796945,-1.5678516558251898,3.2193968852308807,3.593765348645729,0.9086224856697647,-0.7875572906895825,-0.2362924193820202,-1.7635629798568577,-1.538769966015553,-1.8115246049256533,-0.9988978001660371,3.603355484595292,-1.254140042801395,-2.2892195486713502
Manu Key,-1.1108593373123552,-2.0804545284467144,-1.1050677513045801,-0.8832153428664855,-1.4747696365463046,0.94195928636572,-0.7182346907674851,-0.6117713063345454,-1.54128929443472,-1.3727623751257212,-0.6855019620761558,0.8497720671490493,-3.2164124770275953,-2.6198833915514212,-2.285939273753988,-1.260323580269583,-1.3730117085749192,4.200722040841713,16.586231475308775,-3.9583137103718267
Maska,6.045875735405262,-1.7739267698767682,4.26611394292473,0.4361780237380596,-1.510193210487599,-3.3811734303315872,0.6105645622360405,-1.595020438426093,-1.978242013282125,-2.843707259626217,0.48565477785298405,-2.1729962240269347,-1.4132325479675438,-3.5674372795765485,7.488971306085608,1.357566997862458,0.49702943426323154,6.983342458333863,-3.9430710666256794,-4.462295555638314
McFly & Carlito,2.4627151563006193,-1.6240542957265507,7.142671547942939,0.4970344357808252,-0.2826143359090545,-2.576220482279319,-1.881046258190737,0.38180927135601256,4.644593037849216,-2.9348224431086396,-1.8515700942943882,-1.2327282976921974,3.119105566560499,-1.0672204371800926,-1.2240673961079231,3.5034359259227372,-1.9204710874203468,-0.8591301884009154,-0.14138129498987767,-3.0899576497818035
Melaaz,-0.9843570353969577,-0.8625108829836843,-1.493721499593036,-0.797302819323263,-0.6114071920113893,-1.368192066510891,-0.6879724586350812,-0.9656112403927456,3.4176887575678307,-1.8616520105972374,-0.9833411119049833,6.702353035789655,-1.4518385454562273,-1.0861462754943563,0.10748548358969376,-0.6687613956767102,-0.7124879166021453,3.7972367106949725,1.6483956209365593,-1.6410301724526262
Meryl,-1.129960385203867,2.4947283419135626,-1.4464936652422529,1.4940718504879997,0.814804945536242,-1.9618514572085066,-1.2100271769852096,9.027550128542655,-0.8849754406401122,-1.389279865553941,1.7933519841057088,0.5088973596343139,0.2423987239814879,-1.8907379766843821,5.01800471945576,-0.7630649942223867,1.1784792723683657,-0.06148519158994641,-2.330850428417689,-2.506608538131499
Mike Lucazz,-1.1236470281244497,0.031123726121936996,-1.705088360723778,-0.9101239806674264,-0.6979234663707072,6.121665445467551,0.9004807142231165,-0.19501231450220458,-1.2618540353512693,-1.1839423324242715,0.6592699286128078,-1.3088974907875102,-1.6572788208396014,-1.2398398047441117,-0.1574208390751188,-1.5853257208588916,3.942522468051089,-0.3728760519437966,-0.21991783445347765,0.7959279334428244
Miklo,-1.5036302085672983,-1.317507136382578,0.34792412239172193,0.42427054164993583,-0.9339399126822457,-1.611467076955073,-2.140820221014134,1.2368770844716632,-1.688574613610515,-0.030504342000309582,5.1553639329502134,-1.7515267319685452,-2.2177200104993093,3.1627295065153227,4.769395351668609,2.1209776915543466,3.836859652827688,-1.235258593483807,-1.55639021592217,-2.1077865153495305
Milk Coffee and Sugar,-0.32350111224186207,-1.0293345319342928,-1.7826315597137266,-0.9515141669885747,-0.7296632984452244,-1.6328226902939278,-1.0746848853882291,-1.1523761772347838,7.7769059961639355,-1.7716252791204765,-0.3214092404897669,5.2084912426670344,-1.7326477602720982,-1.2962246507804807,-1.131001038581191,0.152617068795618,-1.692030399580437,2.4982224686095442,3.4084622107764986,-1.958432128512694
Millésime K,-0.593589626520633,-0.5201136320215541,0.20944052039199146,-0.4807916901134188,-0.3686924090094376,-0.8250508591900904,-0.8451337757622958,-0.5822854868057942,2.333698283390484,-0.23184376406793242,-0.592977001604471,0.7547800203334464,-0.87549158386432,-0.6549708478162872,-0.5714848183564738,3.9387475588119236,1.4843008719514987,-0.29725360114723376,-0.8074302733181306,-0.989578427545588
Ministère A.M.E.R.,2.316156942046482,-1.191730044536902,-0.6102949222661235,0.7138558780628591,-0.8447804364722279,-1.890429007325879,6.842530224355181,-1.3341836598401542,0.43678328589793425,-2.1834759769922196,-1.358680997766621,10.4082449814459,-0.510492172827743,-1.5007267441953673,-1.3094362194805986,-0.8766512709471952,-1.4485074515874652,-2.657003582917853,1.9336157691685008,-2.2674090252552346
Mino (FRA),-0.8238360946681206,-1.6515826002875993,-0.06330931568698664,-0.21671961501737377,-1.1707556391316634,-2.238192690614145,2.905721137105327,-1.849004754284584,-0.22704225819416116,-2.7232284200841246,5.021087375566721,3.7251296184518154,-2.060650007833436,-2.0798117743578692,-1.81470802568769,-1.5312675572884924,0.2318265639645114,6.909058340282325,0.5562678605058544,-3.1423335435468367
Missak Portoukalian,-1.1747477142279854,-1.0293345319342928,7.192863074783797,-0.9515141669885747,-0.7296632984452244,-1.6328226902939278,0.12108119824686012,-1.1523761772347838,-0.5612278649259951,3.1794806981867363,-1.1735352945905217,-1.3684229094848013,2.884563067667438,-1.2962246507804807,-1.131001038581191,-1.65742241136994,-1.1010244695374336,0.3195135558588172,-1.5979505462262638,-1.958432128512694
Mister V,-0.005627095489927443,-0.06219357871723918,-0.8049126912404104,-1.4210979631298744,-1.1899006333805033,-2.1564438458754185,-2.046427353679033,11.625024055946918,-1.9214138608545006,7.53169202077625,1.4144812871913885,-2.691590557763679,3.487320858099736,-2.163708178536922,-0.1577637851956247,-0.7400781099491907,-1.6257173344037468,-5.530994019049922,-0.9949420929985416,0.15290518613771953
Mister You,1.082675687268758,-3.472837838343199,-3.0215256165330397,0.21620769003919033,0.3816760187469335,35.51539894609606,-2.807661470048128,0.7417085221491224,-3.7769255948677203,0.10844327988663024,-1.1811196651509566,-2.234313969768697,-1.2269618249924374,-1.6293597386447134,-3.553782106068501,0.6671048993816938,-3.2562821610331993,-5.418076169494361,-5.020302738267328,-2.3698741280527384
Moha K,0.6411446541620934,-1.493912671475774,-1.4276474843164901,0.06728944901755608,-1.058988320771176,-1.5258173245393702,-2.4274619599351985,-0.4766643062736585,-1.9146636419176348,-1.0535804157334807,1.8195905678440378,-1.4825312782232076,-1.7193213833706773,3.4343243206369243,17.244101550991115,2.1674098889081557,2.023650251151651,-3.3307302596196395,-2.319166894049968,-0.379594694019685
Moha La Squale,6.282134631810616,-1.6170989991158988,-0.6580946382506255,-1.4948421133775762,-1.1463112846538517,-1.3956821538554358,-2.2470562733671855,3.713244623090331,-1.5900459518433097,-2.3443496692467183,-1.301235303689988,-1.2194975207324217,-1.9872638627222696,0.41894170248972035,3.851218319120308,2.7728532239040558,-1.529621748190115,-3.6053784615275446,-2.5104027395650506,9.599094253419652
Moha MMZ,-1.035145550979975,-0.7457474068268201,-1.2911992731377566,-1.3312519089800032,-0.04129973761836286,-0.533503373590805,-2.3400694631774925,1.4889314387838493,-1.3039424414340353,5.256070241867045,1.4034124842315987,-1.9145438646317805,-2.4241264275746075,-1.2621220299058789,0.31352075920836137,-0.5939085502656375,0.16723472718879673,-1.9650304672493324,-2.235673192144713,7.113929135995906
Mokobé,6.986528256349869,-1.4243898438489002,-1.6560328409181089,3.2401365316872317,-1.0097057462988257,-2.2594948334809923,-0.15419492001854762,0.9137258923814153,-1.8255601535546937,-2.749152201983383,-1.6239343995028603,10.252433798006342,2.190226719249611,-1.7937115394675078,-1.5650756316355734,0.32251220714671835,-0.6330658404280277,-0.6566182343229505,-0.4022981683027114,-1.9720844000972508
Monsieur R,-2.0202405308071967,-1.7701701531335134,-2.0870413483241594,-0.41410132942952144,-1.2548186743112981,-2.0957524860141397,0.25260854599467086,-1.9817676866207061,2.5798061221529807,-3.0355671556790433,-0.5316496374064796,24.417515992702807,-1.972852460035949,-2.2291471988501357,-1.9450083714635293,-1.0961104071183045,-1.878833002244425,1.6276835752419592,0.890935519115931,-3.3679605543184463
Moona,-0.4458640501095647,-0.17820428901977525,-0.8364758478061685,-1.010425422617137,-0.7748390641794951,-0.00372820744077295,-1.7761219047786487,-1.2237234360673919,-1.4009183628025812,-1.5115636179513874,1.1611399967373832,-1.4531463057525769,-0.752918556654553,1.52948918304598,5.459952769720757,-0.6237000207371752,3.768693283063339,-0.7956777767424502,-1.696884725421886,3.209578037825855
Morsay,4.000514006155423,-1.0183252899276185,-1.7635654333577957,-0.9413372522807388,-0.7218591885203093,10.146733567317646,-0.44598532560318477,-0.2628971595533652,-0.5389229758482764,-1.7429967291753286,-1.1609837540947807,-1.3537869495417647,4.703184862763982,-1.2823608869289542,-1.1189044229940908,-1.0298261110434999,-1.0765379284188419,-1.8299390100547357,-0.3157252468803269,-1.9374857281092752
Moubarak,-1.7390589029349843,-1.523793883732563,-0.7442582109181268,4.2708427321689175,-1.0801701846083405,-2.0034729354628302,-1.6682667862685885,-1.705940795866024,-1.9529607069174162,-2.072786204994242,-0.010410892132256103,-1.532129873889806,-1.3953456836900866,17.884231338009382,0.7147636349637984,-0.41576899998611044,5.080524668674481,-2.8086575856449154,-1.0973534003933105,-1.1745866606986697
Mo’vez Lang,-0.9979565892031694,-1.4164544626403184,-1.6377479685873015,0.9818169303740589,-1.0040806008792837,3.0937679115802394,2.912164509602512,-1.5857705422647268,-1.2645439453761849,-2.403115035071881,-0.9956490975662177,4.489503470846722,-1.9648603629833503,-1.7837186397672506,-1.5563564794941727,2.980649413447771,-1.0399336483525976,0.008492043445688439,5.532148446817931,-2.6949741236723135
Mysa,-2.736312975917452,-2.3976053770556924,0.423597282216221,-2.2163401813056596,-1.1112101492381496,-1.6998581342517054,4.317943352849379,-2.6842034665984316,2.7848297111236104,-2.4697090322094724,-2.3676560792561365,15.009006596593528,-3.7880354728120835,-2.688060145510061,-2.6344148451370666,-3.342541394670728,2.909484282041291,6.252899529562953,-0.766724632558826,-4.561731153589224
Mystik,-2.95803842877119,-2.591885104072685,-0.4786344486082646,1.360435411321087,0.33979264391981073,3.6716040967547134,-0.17505049619063456,-2.557081649025672,-0.9135930986851877,-2.01931515110549,-1.939752134493612,9.033545910509549,-3.904425207517256,-2.9575397273963078,-1.7944695096563668,-3.214977197449508,-1.6787504647893166,4.2581650140861,11.882198592453719,-4.931371583876306
Médine,-2.7213917462759345,-3.485796233507224,-0.5703344982293982,-1.3602144145056208,-1.2568759918418748,-3.72099487142126,-2.6627067601102,-3.902471367209417,24.855020705849043,-4.998449662978211,-1.4578491220214465,26.0082801145592,-2.6293788909678253,-4.389607911926487,-3.568994613760894,-0.9805095112222763,-3.461220547916606,-0.051389260436053505,0.6868595590479395,-4.973555767128874
Ménélik,0.9171568355622707,-0.9008632364815193,-0.9191736083685849,2.7697417512150433,-0.6385939849259054,-1.4290300070155697,2.6350649872347014,-1.0085480477567648,4.908195599142097,-1.9444321092622117,-1.02706629459616,-1.1976299763353768,-1.5163959049178968,-1.1344427859824218,0.02042278724215674,0.6176081458566081,-0.13027049137197755,2.472436816185605,0.03158293667423068,-1.7140001146414185
Nahir,-2.2652473380337685,-1.021141666647735,-0.521435959132608,-0.7400967055830938,-1.6419580290099132,-2.313542535322407,-2.9666993506478785,-1.4363092563241977,-2.631829838127426,4.401326043340547,-1.126109338671756,-3.0793559001476267,-3.386013379153737,-1.5455642044899367,1.7769668992618775,-0.24414596456274512,-0.6559506451955,-4.196098770386001,-3.595860905668727,19.872223384526283
Nakk Mendosa,-2.631015021250129,-2.6005681605692086,1.2692402972131838,-1.5719973166804846,-0.758546842475861,-0.9739334160307966,0.743958557585675,-2.567953306197872,-2.4329120069849,12.380555671741021,-2.290322590561762,-0.27554952499412666,0.8767330794588231,-3.274854239447865,0.2922658766230986,2.976938256294043,-0.298082887547348,-2.6935689695759817,0.9168367753240364,-4.9478921379704675
Naps,2.1816134701327226,-3.93187611917281,-6.019531080141665,-2.8232257329552266,-3.1103016338994336,-4.661358219871658,-6.1477517047498225,13.613199473512118,-5.267810077937841,-6.091514361038576,-2.8034181256617545,-5.3188071724434085,-6.167101733030467,71.39276137793917,-0.050335394258194936,3.2675836689414686,1.2449545035305791,-8.862513043464867,-6.371078061291169,-4.275342393152792
Nassi,1.3035879426000336,-0.4747966145226928,-0.82226662307869,-0.4389007568746016,-0.3365685819675569,-0.7531649444346539,-0.7714980551467355,-0.5315514933700063,-0.608520051111861,-1.0248057034370919,-0.5413114664188483,-0.6312064198283482,-0.7992108156369298,-0.5979038464148354,-0.5216918771266649,0.5435120783791686,6.90714652106718,0.8307557814807356,-0.7370796238368637,-0.9033573786361254
Naza,5.309963577551956,-1.5714570483051398,-2.3273537893041687,4.291475901070996,-0.15730946897297654,0.2858774691644947,-3.090596934882141,5.237459626846338,-3.761028068658615,-4.597250687074367,2.0345025561346146,-3.1322582494662243,0.1215097219711741,2.2579124272250817,9.181122348374693,-1.7622874646467366,2.017236114038634,-5.625587968379502,-4.116585674755476,8.566023943874574
Neg’ Marrons,-0.6795604415115042,-2.635014272822082,1.791523829008967,6.185595908792879,2.950417303279148,-2.983693740726647,-1.2454209893003658,-2.611006990195766,-3.0810414947679536,-5.335788827961595,0.3245644267806131,4.775438513934702,-3.0826993748917912,-3.3182316822904,-2.895272418012898,-0.23614644321738046,-0.6375606264060764,4.508377313047457,14.732899368138849,-4.215573030724219
Nekfeu,1.176295755598178,1.395264010531287,2.9534476842290944,1.0165794488578395,1.1906077076350035,-3.18882184001085,6.524106124686689,1.3412331335333,-0.7756965517618526,-1.2643439409263526,0.6433205131964694,-1.980970913018188,-2.697542614872019,-4.077160647924112,-3.276365209796328,0.9248979635358789,-2.127924680616216,6.0805966341823465,0.5445817254066325,-5.348397740944869
Nemir,2.666297511523549,-0.7512604649162324,-0.9865638982682685,0.6532861167860463,-0.5363736161544335,-2.5741767694310695,-0.3106221591151913,-0.11570699988158235,-0.6595628349529773,0.06213041272515772,2.673386305149346,-2.444651952300739,-2.1261282440608826,-2.315671640100303,1.4439782585895058,-0.25909923456872863,3.5936831837020775,2.7296800503313228,3.100400527556382,-3.4986880833313765
Ness & Cité,-0.9227725748333223,-0.8085494995115701,0.7421749638510636,-0.7474210566386156,-0.5731556422614985,-1.2825936836789897,4.014186021962481,-0.9051995755032496,-1.036272306271391,-1.1721748346089267,-0.9218202106983333,0.7857223588524822,-1.3610069768006463,-1.0181935611204778,-0.8884092540624706,-0.533818780340416,-1.3291017548915753,3.7445786117407964,2.7282232186605606,-1.538362182792259
Nessbeal,-0.7732752490747482,-2.6816553144959765,-3.9981975338025544,-2.4789152054829606,-1.900942212119585,11.731516713610862,-1.144522764032078,0.6617634224430843,2.0912687380760255,-1.4689131237671325,0.8676593497036377,-0.19905623609515327,-1.8555236250488307,-3.376966006340484,-1.2496032050159886,-1.3072959843572844,-3.0470110116020783,10.746798067364182,-2.0011461132495616,-4.514185057404765
Niaks,-1.9909601337156844,-1.7445141561305375,-2.028217728776052,-0.9925171364488042,-1.23663193441432,6.989481346650797,-1.7763386905206562,-1.9530448964763794,-1.7885873271719055,2.3429101814621887,-1.9889053272800776,-0.1632850868166938,-2.595945195494806,0.534357941083676,-1.916818353198663,-0.6730019750650333,-0.7753441413197903,-3.3752441238298956,-2.708203467535102,12.046246861302249
Nick Conrad,-0.5387124918510774,1.480150546854472,-0.9703222083371843,-1.0570129951488625,0.42314365674342974,-0.7112412929861479,-1.8580133598099164,-1.280145516370122,8.769831898362112,-2.062882254625968,3.2988093991132637,3.0846733988867543,0.6729793337653899,-1.4399431432922623,-1.2564004160727067,-1.298061174390234,-1.3476151830480483,2.549876362180829,-1.7751228006416502,-2.175572662769673
Ninho,-2.000468897941159,-1.2227841349664084,-3.434531138497066,-2.0056337403988387,1.9424278035327298,-0.7042100544198693,-3.7641722998731817,1.4273702345979835,-4.047143703916434,-2.939296375333342,-0.4928418336143063,-3.801424319110669,-2.3408433280908687,-1.0156726803243428,2.639896112495414,1.0889411647253506,-1.24930480421915,-7.3029938011449795,-5.2576497282550605,31.417965432709366
Niro,-4.356965458345076,-3.510291899511887,-0.4619690765327995,-0.19826919616204192,-0.3788757517640446,19.270569924023704,-4.058409708141961,-1.5920203623421014,-4.165218346310718,4.636198321059837,-2.382995644656631,-2.7031561475936896,-0.9694052537198227,-3.4640809385576037,2.859124845182955,0.36041916960889436,3.1209868479537577,-5.022912972537319,-5.581161831116358,3.2532343512512854
Niska,-0.07806174367056827,0.5137148112839317,-1.9303126872525964,1.038864420166015,-0.33779079945798735,0.47000135244821895,-2.983132607619372,-3.1456533292066675,-3.9342597884451664,-3.7580327092747114,-2.0710577473778784,-3.1007659586267615,-1.2965115572381278,-1.7960987755708775,1.96377898039564,-0.6941828677630049,-3.0642343214913828,-6.551773319817761,-4.765434959001705,31.485299163862603
Noyau Dur,1.0515212154311877,-1.351294854768531,1.0782821132860883,-0.4485784781273484,-0.9578909774541055,1.1220733764592734,1.4477265982444762,-1.512822071676461,-1.7318784272609822,-1.8880702102619094,-1.5405994419348086,4.326759596025427,-2.2745938574043225,-1.7016641790103613,-1.4847611119151594,-2.1758391535026895,-1.7710794960800649,-2.3489155089774307,15.063352939095893,-2.5710001719864373
Nusky,2.953137134827727,-1.8872792159728051,-0.820798196866849,1.6945956407432963,-1.3378336538183295,-0.9896104321728952,-1.4361973446996104,2.146722688978947,-2.0053945268112487,2.554648631263486,1.5663708380179922,-1.3132984432151782,-0.6585429222622057,-1.9558552980620538,2.7486508563405168,5.516923182533171,2.0550880630118216,-1.831190230454795,-2.9298335579197636,-2.7553002227020817
Nysay,-1.6561878230998381,-1.863236460822416,-0.7475764043640999,-1.141775919084024,-1.3207904909946322,11.931196959699802,10.514605460014469,-2.08595868823901,-1.1317264060088477,-3.772972463225233,-1.6535073291383358,2.771181734029774,0.052110563824037795,-2.3463441240849328,-1.5588106295428317,-2.0002153750783407,-1.4303171757360849,-1.746919455947775,1.2561376568969584,-3.5450303420280505
Népal,-0.6215492772653757,1.4930560813933704,1.3140596572652266,0.11183139284611111,3.3795060784846944,-0.44545870579331287,1.4620440601082503,0.9230737569534417,-0.6048341010375557,7.065440415350891,-0.13443786393243107,-1.9972145133907557,-2.0713912766483547,-2.284587389639925,0.013258244685855047,-2.578870524295676,-1.976221100285964,-1.0780478829290157,1.4444154857480267,-3.162013370685703
OBOY,0.0037571548404186634,10.302044334727714,-1.9154929795190863,-1.8096341801995972,-1.3877078142930828,-3.1053786196741515,-2.8665982549012385,12.865554185069904,-2.5089924463593136,0.7445824949570196,3.14473831360236,-1.8340479834118912,-2.081355020626171,-2.0595775206685674,-0.7562845531843844,-2.8349210954277235,1.4433228717018571,-4.3646188705210145,-3.039057143833161,7.820108544262734
OFX,-1.1236470281244497,-0.9845592153484244,0.6408311188769694,4.583633030030933,5.033363976906315,-1.561796070070801,1.525553997173597,-1.1022486370037843,-0.4693693485952284,-2.1250823368655456,-1.1224873478748227,4.039114900450093,-1.0538800520935092,-1.2398398047441117,-1.081803301606977,-1.5853257208588916,-1.0005448691614274,2.816031631349411,1.0886051704435957,-1.8732417304064706
OGB,-1.433655151925296,-1.25619376560126,-0.7965278992588872,2.283424100021671,3.6014989317457573,0.5164874827967332,-0.0815527128724167,-1.406353060695353,-0.9888719035239503,-0.49848659872215,-0.03569864562082496,-1.6700152129928778,-1.641590943783798,-1.5819048857322573,-0.6557694447473745,-0.5395486558172926,0.35642943750524225,4.697323642709214,3.1777355161653955,-2.3900589690119207
Octobre Rouge,-1.9677031146657782,-2.091262157164157,-1.4128067299811162,0.13599660738212305,-1.4824308290684087,-1.207227838797621,11.021741494448964,-1.0598700066585556,2.9162342233515197,3.4617391834474263,-2.384229689682721,4.773303047818644,-1.2475335451668295,-2.633493266985604,-0.9922258660814032,-1.8824680513149854,-2.8558427675411493,-1.4454123195148436,1.9899111094006054,-3.978876517365781
Odezenne,0.9318228754223503,-1.7765262603099758,-2.1015502711488665,-1.6422162594163334,-0.46524770192874787,-2.818085178033761,3.348852603098695,-0.4804996513171662,2.115113890979134,-2.7913033898208153,0.9369727604023156,-2.3617581636050913,1.6913170767433126,-1.3431572894978216,-1.9519922660039422,-0.7630370266216508,3.58597242746391,7.40043636580026,-2.03270981100237,-3.084200530619488
OldPee,-1.0473338515554544,0.623981034809483,-1.7099932372746343,0.9029020428639886,-1.0263962281931691,-1.8614644331383046,-1.5026848244285709,-0.38721870060931296,-1.8557367458931753,0.39449528721517946,-1.6507781089600362,-1.9249208721535662,-1.6166736280144873,-1.8233616727671427,-1.5909464029839195,-1.473612149480657,-0.27940470232072834,-2.9184535266257168,-2.247790750775543,18.298757180729766
Ol’ Kainry,1.395893355449456,2.947193628375665,-2.7147834792482803,0.6930874247843537,2.265379965284345,4.163590011216621,-0.026599241793676467,-2.706730984980408,-1.2386837973347424,-3.7259720665014067,-3.049825233991757,-2.1635344766761806,1.9149811969049513,-4.4623018541814705,-2.866163639409993,0.4284364415670914,-2.5630070328762113,2.352229444081747,14.858913227044098,-4.665433285728169
OrelSan,2.37456483196679,-2.351468831246079,5.695879144348018,0.2711639874378796,1.703941019747072,-4.313472362587754,-1.023626949673989,-2.0588036920330577,0.5320606100845862,4.864818553985687,-0.1970845850995983,-0.5721235212301791,3.9433415795426656,-3.4242721148692445,0.6938467461265434,4.985568871957363,-0.21921243270458132,-4.083248835702587,-1.8524390585696633,-5.173643721708299
Orties,2.9689842446980825,-1.0510071092456186,-1.8201647611118177,0.05773672643451872,0.5972081511883561,-1.6672016748623277,-1.7077837453718951,0.5231167286059284,2.3648903132450934,-0.9460467585033966,0.47086510474448384,-1.3972349724041955,7.274872202425595,-1.3235165836598006,0.5770661364400894,-1.6923193416015305,-1.1488370670631596,1.9243076044229719,-1.6315952998767533,-1.499583486662471
Oxmo Puccino,0.27212534625790596,-2.9233165930954907,4.023101184670203,-1.993291768992196,-1.2671077062336056,-5.5448492226920685,4.531774642361639,-0.08025082061155539,9.58264847865777,-5.689075467926812,-1.4758670231704625,-2.2798552351825347,-2.144788366811079,-4.401806938445269,-3.059627855714325,2.011458154879954,-0.5248063287502448,10.170841928332102,3.0506031761969474,-6.650575674856215
PLK,0.773409702810117,-1.3316150505199076,0.5869678089091817,0.3685824803176172,-1.9902970388720114,-2.5978825947535147,-0.8005793260318372,9.358980412942715,-4.349960799034262,8.91832653821153,-1.0267991343182448,-4.512132636072639,-3.0875547532938574,-2.6362890797258687,-1.5840874779218321,2.0371510746621397,-2.532123526783256,-5.0562965314864226,-3.1812607006120093,8.563514556049915
PNL,-2.0458303735415293,-1.2193850544180183,-2.648559596408809,0.02566695628148863,-1.5238790681963144,-0.47763341629488143,-3.2068278406532507,4.241400793974376,-2.3922405642814657,10.877218926516965,0.4052112093396966,-1.8081899582831442,-1.1314179973073002,-0.4907511824332975,-0.6686236637296136,-2.3058983570690454,-1.5528558576710607,-0.20278635629311156,-3.3372699359502813,3.7335982523458258
PRIME,-0.04027827438034752,0.4894996265154325,-2.0870413483241594,0.197018351083847,1.9328928904224238,-2.4518775185843973,-0.4427163186097978,5.082632492149093,-0.9463999887418845,7.171845517480202,-0.0361476815393402,-2.353308196752402,2.3900409175222457,0.4624650926011613,-1.43087176688886,-2.4994678850280705,-0.8478426005810054,-3.6932768551296142,-0.5646515392820577,0.4919421346297987
PSO Thug,-1.4279308398008201,-1.3849473302402369,-0.8699328644972446,-1.6185599550370156,-0.36260986501566217,-0.5376254278416426,-1.2407583108898226,-0.17417251774142067,-2.5614855668493997,-2.849802993166015,-1.0371745048278715,-2.3503925897539064,-2.2439261872513727,-2.854951736911596,-2.0896065515329534,-2.5547525733267933,-1.3117261992420843,-3.4719214099829125,-3.2353762592972464,27.215650480262568
Panama Bende,-1.324153244194907,-1.0178516029813434,-0.7003679446633558,2.4719675747293577,-1.1561510469736618,-0.6546202191460213,3.7644688772912707,0.9123772495144502,-2.0903350214310494,5.285686439786583,-0.7838883112720938,-1.2458688882795048,-0.19564056152347492,-1.5669807548628671,-1.7920704489688262,1.181620372392246,-1.1890522781091144,-1.1613011965429905,-0.1622381645014708,-1.491860482040105
Patee Gee,-1.5133625445291952,-0.5719067468048556,2.05805176248164,-1.225783105155135,0.12386198867961724,-2.103475215489118,4.806924092416914,1.8834983974572315,5.949786543489518,1.6799506911957254,-1.511800651328371,-1.762863592923078,-0.44001932299622226,-1.6698545670895146,-1.457006120449587,-2.135165676369017,-2.1797492345779967,1.7789833182383676,-1.086994351928428,-2.5229398562517087
Pihpoh,0.19614936008361183,-0.7944866963229714,-0.6491262684864879,-0.7344214379076055,-0.5631869575988294,-1.2602860048618787,-1.2909631666498262,-0.8894557731955394,-1.0182488043079203,-1.1316790478169139,2.406248390332148,1.7841329213276789,-1.3373354845015255,-1.0004844961024806,0.2725736868008642,1.847502303926641,0.22542576952587665,3.874121475076599,0.38820314557596636,-1.5116060168184466
Piloophaz,-1.0137472797847455,-0.8882631301127707,-0.2382003745686189,-0.8211081296624967,-0.6296621606359891,-1.4090425889902667,-0.7505035874214571,-0.9944417859350005,1.496755688996996,-1.917235915201928,-1.0127010235591913,-1.1808790817707897,-1.495186526042374,-1.1185756718710598,-0.9759961329635488,-0.7311026395038569,-0.09040022582380511,9.633322429472116,0.7966191154907941,-1.6900269044092648
Pink Tee,-1.3815046721973954,6.22445422595006,-0.6653363132559323,-1.1189817621628773,2.638072729381572,-1.920201374456377,0.06667196708888322,-1.3551957187894468,-0.2622927348271761,-1.8472757789259717,0.06911367737441636,-0.36646502198159514,-0.5652723406479,-1.524361690241118,-1.3300585309826147,-0.9230322066826223,4.040837108539795,-1.2167352859970573,7.16725102310042,-2.303118450826218
Pit Baccardi,-0.7041367390159637,-1.857177139212041,-2.283568640920522,-1.1342804187557378,1.7218750778295249,-2.6065799177657145,-0.3667329673728343,-2.079175064783969,-1.1198617156196198,-1.2644147184326529,-0.22819877031172414,2.3913342655126555,-1.846593023404327,-1.9111282480539418,-2.0406089644336887,-2.321599128670853,-2.725283197912111,5.761207445989854,15.846718762306672,-3.5335017575396623
Plune,-0.9991602274926829,0.2667466313315684,-0.8566345025107522,1.6619998108079843,-0.6206018010689438,-1.3887675378643713,-0.7196200671650634,1.0604078598271167,-1.1220555329829351,-0.8312503660957876,3.0093688975258135,-1.16388712997033,-0.7950948455401621,-1.1024802187504443,-0.9619522909603193,-1.4096903816455417,6.899271166752912,1.1219844580096217,-1.3591076721940296,-0.46501857202177405
Prince Waly,-0.19180215099185455,7.723501614922338,-0.9901104620101603,-0.4099780938706257,-0.9399848943188853,-1.152667720716834,2.022283732557437,1.8834983974572315,-0.5226900814308666,-2.1633454514736266,-0.8503377798329932,0.5061718650267449,2.2480631952770667,-1.6698545670895146,-1.457006120449587,0.6749207100287661,-0.34467576077530054,2.1172278881890274,-2.0585513598909406,-2.5229398562517087
Princess Aniès,-1.598288983505035,-1.4004488136598323,2.110112043444447,-1.2945712448221434,-0.992734693142419,-2.2215174256439494,-0.957254265612191,-1.5678516558251898,-1.7948762849943398,-0.3761393931643342,-1.5966394404359923,5.657847720023046,-2.3573332333168566,-1.7635629798568577,-0.8889002505654013,-0.48113957194052415,0.30427616761253007,7.446615383184662,1.0456912156642038,-2.664521461076283
Prodige Namor,-0.6178276715886449,-0.5413514318267512,-0.9375281965295776,-0.5004238570758069,-0.3837472260589614,-0.8587401607080175,0.2571815434009512,-0.6060619499399784,0.7474772194545731,-1.168458278573245,-0.6171900313594518,6.227787801691449,-0.9112405314791261,-0.681715272276448,-0.5948202577988801,-0.8716777371869686,0.23386951416461327,1.2786179681621377,1.5394188519349343,-1.0299858832174507
Psy 4 de la Rime,-1.5561559104936042,-2.3934666298815155,0.6734563910177714,1.7693982623761766,-0.41839829403217166,-3.228674824316658,0.6567671673595613,-2.1135348765848154,-1.5509979886565464,-4.940627632654832,-1.5512672210711236,14.347558508779338,-3.3463271900859195,1.1387773148653246,-2.3681193588526677,-1.5089549787630188,0.7662938210786163,5.571228977966691,5.7705034869693685,-5.244143252948416
Psykick Lyrikah,-1.1994819574380267,-1.0510071092456186,-1.8201647611118177,0.05773672643451872,-0.7450263157711243,-1.6672016748623277,-0.5366752807601207,-1.176639389064904,6.076797181011842,-2.2685041274805395,0.47086510474448384,-0.6815357380598843,-1.7691285557477523,-1.3235165836598006,-1.15481419813913,-1.6923193416015305,-1.7276559989440887,11.739705974557873,-1.6315952998767533,-1.9996668004240175
Puzzle (Fra),-0.781019155237136,-1.2828298111262213,3.6298855554899765,-1.1858445444666077,-0.9093582332138749,-2.0349396220439475,5.591328219108728,-0.7398781287081714,0.18054187899700294,2.2873370970355946,-0.7788024849443569,1.8127570623859426,-0.7700409212108054,-1.6154472354121885,-1.4095338334526013,0.8391309341774693,-0.2118507845135594,-1.4615678726360053,-1.4893402350395177,-2.440737233182881
R.E.D.K.,-1.8715643872302752,-2.019979217008435,3.934009719008646,1.8815377670708797,-1.4319005654599422,-1.3317719110532529,2.2017431804308143,-2.261437711410663,0.5012298109658452,-0.4608096404761347,-1.8687369710781632,0.2936497127525411,-1.9296553887326322,-1.7574801401913138,-2.2194908666302218,-2.330192770162992,-0.30883297515561337,0.15930798608030722,10.895496135844121,-2.8024669939004982
RK,-3.403047956079933,-3.220227315262338,-2.7078977322542213,-0.9611620828558723,-0.5304230537853234,-1.1929498095836495,-3.5125531598494684,2.2198303841779254,-3.884887818392804,11.609057272261742,1.2314716779232182,-4.281050227268535,-3.575667123462362,-2.328994442677404,2.114167126886246,0.7934139446253815,1.1296002301180457,-5.926058605854499,-4.198975965515384,13.458996138592788
RR (FRA),-0.593589626520633,-0.5201136320215541,-0.900747955498695,-0.4807916901134188,-0.3686924090094376,0.3869956331131143,-0.8451337757622958,-0.5822854868057942,-0.6666003173913273,-0.23184376406793242,-0.592977001604471,-0.6914519891785873,0.2667238506412276,-0.6549708478162872,-0.5714848183564738,-0.8374808806078788,4.993204166172076,-0.29725360114723376,-0.8074302733181306,2.042015548420954
Raggasonic,-1.853483014981745,-1.6240542957265507,5.36494723764403,-0.8351695690689659,2.3232676919367874,-1.4117238793718927,2.287310852211688,-0.16818950899297427,-0.6401619965634,-3.505374835833845,-0.771405748313288,9.883229862886264,-2.7337215945836992,-2.0451458170249293,-1.7844607736207978,-2.2326288906115797,3.3236881724867824,0.24557195112952154,0.6518916801910054,-3.0899576497818035
Retro X,-0.722538454474099,67.36546616556261,-2.2091302905139956,-0.8264903276428042,0.7723850683510075,-4.213686945226294,-3.389524607107143,0.05255132690512598,-2.5232513969735315,-2.7683474501499594,0.2735839399560943,-2.6818449066831698,-1.1165657546378298,-3.345056950514387,-1.5481950966005613,-1.2377760317390998,-1.3892522410641321,-5.415793796542809,-3.6386934833215197,-4.262500945792991
Ridsa,10.58895906393415,-2.534720304071635,-0.06139103598671185,3.631929931989672,-1.240234788010036,-4.020800524549779,-3.875875878714795,-2.485311425253573,-3.2486081022489746,-2.3636526622777567,2.992922278494908,-3.369720169253947,-4.2666182095349034,0.5675442374283053,10.859096557758507,1.798991424775408,12.63367590233962,-0.6965884627251737,-3.1725257226321575,-4.615252058121973
Rimkus,0.2588636511884603,-1.4084743739974301,-1.6193084659496784,-1.301990051946966,-0.9984237637473069,2.689107837395627,2.0807872788558175,-1.5768365526249628,-1.8051621931853106,2.2229803540282522,0.2624507983178403,-1.8724608385187085,-1.9490514143008886,-1.2098665262380368,-0.9014214802366691,-1.3860393260218058,-1.4514319878763076,-2.8217958702112464,-2.18653151664556,10.380928739630196
Rim’K,-1.9310593915192886,-2.201552977980266,-3.812291843692648,-2.571549734369824,-0.892844480425383,7.994223250291305,0.7321910869543442,10.068130774495154,-2.3088264586637037,-4.160597644523266,0.5780407566904752,7.020916421008124,-1.162218653096977,1.8220989856841328,-0.577975370137953,0.6351238670195255,-1.3241751176457899,-0.6284239498676282,-3.668991733652948,-0.33138951197820965
Riski,1.3235715508815522,0.5865690024257294,-2.1398246042096383,-1.3527829861099052,5.71043314202714,-2.3214102651922444,-0.6957720016801896,3.2446046108642363,1.8565846072017231,-2.84207370026536,0.7290237551417627,-1.945508846795344,6.873609253622292,-1.3002296118354393,-0.9860572504623158,1.4630272167858134,4.661295940108375,-2.6497689882266178,-1.3914851824931096,-2.7843344374275794
Rocca,-1.9312399791340116,-2.0641369860926813,-1.8962854174848116,-1.908082867086321,0.5870943779318608,-1.4418770337906555,3.2052709788753906,-1.8781371592702114,0.3785287498714749,-4.230799551255932,-1.078501375555418,0.171214692718457,-2.611065799380283,-1.8299073950477658,-2.2680100614554,-1.5184045418141177,-2.2141683269744243,7.783678481722185,14.583709859319143,-3.672637673405768
Rochdi,-0.2583592640071363,-1.8692761410407674,-2.9283643857986186,-1.7279540081897495,-1.3250718328259063,-1.953481768118795,-2.3789310122238154,-2.0927203224655218,0.9435065472552038,-3.2911077649843,-0.7234516362653309,-2.4850621602193526,11.472940264161053,-2.3539497975941743,-2.053902974504667,-1.680932814322114,-2.0964058546813527,13.348392266842433,-1.1788676381786012,-3.5565215564176116
Rockin’ Squat,-2.0825047381264543,-2.1955722789672727,2.5958362650036193,-0.04774018343063612,1.3719261540826644,-4.363045968838381,-2.988114622805185,-2.924020112555643,14.66953227760689,-5.110712081301553,-1.7741442131445406,9.704026296831497,-3.421498020097112,-3.3619482085590184,-2.8582012035210114,-0.34958812970523784,-1.798493053709964,1.3260402174240922,12.690677821565306,-5.494908414563822
Rocé (FRA),-1.9612426432683459,-1.7184751702701317,3.0720674488990767,-0.9590506664398675,-1.2181737056045174,-2.359161389091395,-0.6436293999646798,-1.9238933368487137,13.688756897585648,-3.4395719650109378,-1.9592185073065391,2.968014723282975,-2.8926574038065254,-2.1640485268161807,-1.8882075185887954,-2.7670685983722167,0.715168468035223,6.347646234843424,0.3309674874675351,-3.269604663034348
Rohff,0.6786616897847995,-3.156922300310737,-0.8176533914701923,-0.8912751086153523,0.1692294206310945,27.01148985070014,-4.604833209011818,-3.9442311238593795,-2.598663241089167,-6.807274083219999,-3.8989943212214224,2.7816202972066457,5.387724701170213,-2.5804823609217453,-2.1618549061400856,-4.375036153236806,-3.2693531288104833,3.547497831855964,4.085346515084877,-6.8082533055240475
Roméo Elvis,-0.077239069194437,-2.5123875312622244,6.9106856326306545,0.6916210527033086,-1.7809535347656484,-3.9853742787104887,7.920406596748059,1.4536478742188865,2.370101930891175,-0.443749588735651,-0.4205165103894907,-2.4418350154162938,0.7366561294337128,-2.2155858842911766,0.13745615720714796,1.1456424444840088,-0.4978277822647863,-1.316854620007897,-1.8491128035988165,-4.780117938055222
Roshi,-0.2215322085597554,2.7720450315671203,-3.0299250426335957,-1.3314271680980068,-1.933439304796641,-3.170962219931758,0.7577067281376476,5.461202168951892,-3.2096143084721627,7.022607880869003,-1.8232575715550219,-1.419719835517126,0.41855795578503313,-3.1435495296958464,-1.662175425100774,-0.9763204378332078,-2.922206225969407,-5.258827723216584,-3.289511602762091,12.731777886357515
Rouda,-1.0137472797847455,-0.8882631301127707,1.0619192430140423,-0.8211081296624967,-0.6296621606359891,-1.4090425889902667,-0.7505035874214571,-0.9944417859350005,3.25355066314911,-1.917235915201928,0.9622155147651004,-1.1808790817707897,-1.495186526042374,-1.1185756718710598,-0.9759961329635488,2.0655703700963453,-0.7752680220144317,6.098707133620919,-0.653760101286754,-1.6900269044092648
Rounhaa,1.236811382752194,-0.7512604649162324,-0.04453773857790482,0.06500075698329426,-1.3035245133539992,-2.916995286982622,-0.3106221591151913,-0.11570699988158235,-1.9324817268031478,6.360858280556027,0.2884480051320699,-2.444651952300739,-1.1569263088249426,-1.883831485104046,5.8983125297456365,3.1182042836625574,4.255328334109364,-3.855933908950354,-2.154097386341199,-2.6412238200070064
S-Crew,-2.731185770700756,-2.9191305203453233,1.472192356232961,-0.8455119521236476,0.8302768316739281,-2.6869881580889707,11.490117120974862,-1.1261316746626673,-1.6029822554894997,0.8414059246246398,-0.924283307200905,-2.850039963437822,-1.2504453411256016,-2.859913583653449,-2.2721283077372827,-0.2325971795099582,-2.089313708250866,0.09864195924903792,9.14973540414578,-3.5734388653590288
S-Pion,2.980251663352886,0.5187149841933669,-1.729220056424861,-1.0089615558471967,0.35968912033972333,0.08199263614932048,-1.805012419878682,1.082160568881209,-2.2523463636752212,-0.3659492627208239,0.9910501290982898,-1.9082923945287802,0.08427211550486512,0.49813584878968903,1.6941659979984676,-0.7093813766607305,0.5728151343942189,-2.131606895109488,-2.7281904801469135,6.824907373453756
S.Pri Noir,2.450951476226009,0.10885189576444061,0.635273262141025,-0.309061152021799,1.4283424141174113,4.158046881164027,1.9619249972858053,2.956915127977,-1.51566307485624,-1.6618116248498735,1.1059480570667097,-0.2533470276393892,-1.612341282188775,-0.8128791903611478,4.52601393748426,-1.0584740350132127,-1.6787504647893166,-3.1829575547309386,-2.532496352806285,0.5437785930376844
S.Téban,-0.7053248556879148,0.3772367037587444,0.18765319968682112,-1.144513148198249,-0.8776634839618394,0.07263158997227838,-1.0176964587532424,0.056763233608811574,-1.586826152511748,-1.9239659321310023,2.839025830443164,-0.4309070363191622,-1.6042603713568144,3.5718831434438227,-1.360405976268707,0.012814011769003044,4.35225071467985,-2.0359018520073606,-1.9220685027681372,3.5874450962692492
SCH,-2.2032968839057703,-2.1968954945998673,-2.520834250387929,-1.880884316426564,-2.232543406179752,-3.1944650381185253,-1.795630027046184,1.29553153941756,-2.797757857781394,7.6186538014010035,-1.084146927824091,-3.231600297021493,1.1120779996074164,-0.43608083959007804,0.8741057329999339,0.6473706403721043,-1.8933892057490456,-1.0404201617586082,-4.684702052301855,11.02994814980058
SDM,-1.9677031146657782,-2.091262157164157,-1.965032244682246,-1.4158688267174773,-1.4824308290684087,-1.8101191609438676,-3.103814035876545,-1.9141176473211445,-1.18785625913623,0.581683042399937,-0.7065389800842135,-2.4204864141145963,-3.2360803727712146,-2.253769493804965,-0.5570297004829387,-0.3976102627553588,-1.6922529989088908,-4.662541713848775,-3.246498978318729,27.437026804501272
SEB (FRA),-1.3815046721973954,-1.21049860144668,5.535839035521083,-1.1189817621628773,-0.8580848838778937,-1.920201374456377,0.06667196708888322,0.8585066699079259,-1.551427807693185,6.5729641911141385,0.7937099487115648,-1.6092669260757788,-0.5652723406479,-1.524361690241118,0.9254813042561332,-0.9230322066826223,-1.487274140994633,-2.3283203714894474,0.7815267531559554,-2.303118450826218
SKS Crew,-0.9227725748333223,-0.8085494995115701,2.170471341144508,-0.7474210566386156,-0.5731556422614985,-1.2825936836789897,0.20847183039087752,-0.9051995755032496,0.8937223367486,-1.7451812274379583,-0.9218202106983333,8.228234994579966,-0.626256885881392,-1.0181935611204778,-0.8884092540624706,-1.3019169372451243,-1.3291017548915753,2.0803982589956664,0.3381684656126346,-1.538362182792259
Sadek,-2.4277322596666764,-3.2874544719809027,0.6089330549031231,-1.043501495897251,2.740729774977094,4.8630975231211835,-2.887316494427197,3.905700931557708,-2.8446392721663063,4.3989343252878665,-0.24510768267849475,-1.6281176800495674,6.475901036318045,-0.5465845749384876,-0.5921090499382474,-1.4081117195123065,-1.194952422539923,-2.9809020776441835,-5.299999613903542,1.4552343820403617
Saké (FRA),-1.5230326911303058,-1.3345079315880677,0.7176688652434062,-0.42299042019788563,-0.9459912486880897,-2.1169160884502523,1.0596750620853483,-1.4940285213176763,0.04364945836579668,4.063028561796973,-1.521460817679686,-1.210470827156535,-0.9108293585525693,-1.680524672891022,-1.4663161584404476,-1.2180609171202978,1.9090222292468466,1.0578317160728319,4.686013131162213,-2.5390610417292105
Salif,-2.5210521228928244,-0.5940218499958159,1.2698482555728348,1.3577731177463293,-1.4493258485548706,18.418743108463964,9.310528496472593,-2.448663254755577,-2.9785405856382803,-4.793640244237498,-1.8825661087319063,3.3994855523420684,-2.074487448250302,-3.481217808080171,-2.3790436787587192,-0.4074839495311179,-0.3630790356502637,-3.405210079599851,-0.3302787467719445,-4.689304745672545
Saliha,-0.6178276715886449,-0.5413514318267512,-0.9375281965295776,-0.5004238570758069,7.433898855119157,-0.8587401607080175,-0.8796431230071396,-0.6060619499399784,0.7474772194545731,-1.168458278573245,-0.6171900313594518,-0.7196860480739343,-0.9112405314791261,-0.681715272276448,-0.5948202577988801,0.2755352260527906,0.23386951416461327,4.592724386652338,-0.8404000734579574,-1.0299858832174507
Sam’s,-2.6088933670858347,-1.808931217492619,1.338241710953407,1.3811580521028837,-0.7389099454460315,3.467632473552651,2.235145335361176,-1.5088043389941925,-2.404556153988773,-1.2710345196921862,0.7900245947031975,-0.5221920905270857,-0.20851098750151145,-0.17881459404109293,0.3325895688779346,-1.7551987161485694,0.22829583065851333,0.31788140648976687,1.7253043081148187,-0.43851565919412944
Sat l’Artificier,-1.9964364706810114,-2.112711561025728,-1.1990699059755394,0.6071983337462232,-1.497635645662693,-0.3675202354670184,1.519060118606951,-2.365254828963869,-2.3384320616085716,0.04506718284538561,0.4974673146977809,6.4482891694584845,-2.9938756218965357,-2.2846355514322267,-2.3213823063310524,1.3014412204123806,-1.7452318436100864,2.7200598788880197,8.916078459369347,-3.770910960040223
Sauveur Eloheem,-1.4539917017567285,-1.2740130069147315,-2.20637287794028,-1.177694313560487,2.418752553060887,-2.0209536169842783,-1.5870889186421757,-0.7251886991212793,10.615837107512311,-1.658870591040973,-1.4524910833085938,-1.69370455526758,8.11425731239567,-1.6043443737038245,-1.3998462008990815,-2.0514008269478903,2.2032759899063468,1.032160904886919,-0.9665635776234718,-2.423962208055561
Saïan Supa Crew,0.08343249801765215,-2.2819892995930244,1.8677994441525458,6.423504362291379,4.564246718380716,-3.0673938859687406,4.382584999782019,-1.3804919157600781,0.8363763162801744,-4.113362718236519,-2.6016760361616322,1.581042847794396,0.0638221457889225,-2.873672932501511,-1.709733943724298,0.13567977259558872,-2.4182346957432364,2.3811099516590732,6.337202580960862,-4.3417577303321835
Scred Connexion,-2.3525452316476985,-2.383460089136738,3.3824069082175354,-0.38777627886726523,-1.6895608730332363,-2.7228971009440603,7.746342083778108,-2.6683673197365225,-1.0905899206223968,-3.3950371435020537,-1.2453461189994155,6.2991798580130025,-3.014999084291185,-3.0014534884407107,-2.6188724390184737,-0.7110440485061477,5.7809804683073835,2.213269096917561,2.7861826977323934,-4.534818050543547
Scylla,-1.9310593915192886,-3.1530213278637182,6.076922794603699,-0.5129797991086721,-2.235078947492337,-4.201861746207988,-3.757058027459202,-3.2466254810204633,3.382764072051392,-3.2789593985308896,1.96896501933498,-1.8060408027726649,-3.9884688900662817,-3.970549751080144,-2.8871491496538697,1.6199655725200264,-0.1665372538666942,17.437599137338495,0.8255868752301716,-5.999000401338731
Sefyu,-2.862185527145302,-2.507897112067334,-2.271068074606793,0.26981695015131973,-0.09026342805553245,6.076418141670934,0.3419955892508863,-1.026848542482393,-0.41418208218888924,-4.674117685909945,-2.509487235572925,16.76155387623578,5.490794751428504,-0.9416711070084474,-2.029805257446179,2.400347061446972,-1.4542266650494415,-2.5510842267640466,-0.8110599453083757,-4.561999944079819
Senamo,-1.6978856329496264,1.2759244329032802,-0.8388342071325374,-0.03592841026308833,1.638430656060961,-3.0032304597785298,0.4993519063942603,4.485620828255915,-2.014339073810767,6.436335701534072,6.180775805217426,-2.5169232324342126,-1.617883906588035,-2.3841298734458065,0.32333714074379416,-0.09618197656560773,-1.1841907213798506,-0.6674305876019917,0.4633224659851922,-3.602119848466689
Serane,0.7658379418243231,19.539533627952448,-2.9501368466815836,-1.002542425030869,51.23412216002481,-3.434960643050413,-2.950160159003234,2.5257412231043483,-1.3339816046136277,-1.6784330526407873,-1.658636866250609,-2.8787441925562676,-1.1758006675073323,-2.726861089380834,-0.2778058658230258,-2.91310446730771,-1.5929558721777266,-3.999320778328189,-2.171690831279518,-3.6344999865703422
Set&Match,2.8310826058383127,0.4323822756282464,1.3930047371063186,-1.057206239230501,1.0843634185265345,-2.4970099691542083,2.909567884943604,1.9698608347998072,-1.4320046232438892,-0.2627492926029938,-1.5584650521273673,-2.386928588524393,0.6174379987179875,-2.2609937722170907,-1.4659007308342127,0.5679492383133807,0.09801163858701904,-2.2543683845029947,6.899530737628942,-2.537876295645226
Seth Gueko,-1.6497531514304078,-2.91036930431812,-5.661227181287984,-1.1082874948766837,-2.2556543333704817,9.535105414860157,2.8994269036608338,-3.200611046031393,-2.4555595524317115,-3.910802858425041,-3.5303069665108913,-2.1091191814648957,44.722546924928686,-4.467629020160173,-4.0845508963268555,-3.813849009303167,-5.292439314454524,-6.598865032152665,-3.51823865510887,-5.658902617862698
Sexion d’Assaut,-4.568370473915682,-3.969315741875592,1.9037236925704621,42.190889873734214,-2.2291421318163955,0.2585486663321854,13.47012950621253,-4.074284172070602,-3.3927027617384273,-1.8753251243743647,-3.8311794659269043,3.7970807669164475,-3.135140220465105,-5.882046384069535,-3.381402562473311,-1.1370331546260917,-2.573501207884482,-3.3283112265980037,3.0075879232921245,-8.589635919168904
Shone,-1.3920910697116675,4.5189906439182765,0.7278745371824465,-1.1275564604496078,-0.8646603431327838,7.367814719094791,-1.9820143906107972,-0.6332912102844231,-0.9236505062154078,-1.11346319498359,-1.390654336931021,3.9284799547327207,-0.5920828680924867,-0.23399573581723274,-1.3402506994273964,0.07252388905191332,-1.007610074698236,0.589865663910159,-1.893591839583771,-2.3207671261675076
Shtar Academy,-1.8770952154936216,-1.6447437195643966,-1.7951978724497826,-1.520396821136238,-1.165907768870173,8.122877227965867,-1.1758484379428025,-1.298268105720677,-2.1079752921612203,1.8020347073740233,-1.3418695093108024,-0.3572083084519249,-1.684946771927569,-1.5883877093365415,-1.2538495508640888,2.2603750810779784,-0.8542917612144021,0.9689120110930972,-2.553318715633814,3.2618395156712787
Shurik’n,-2.2472940563156465,-1.9691184307730252,-0.1845374369989085,-0.7214965592278445,-0.6794360023840942,-3.1235921401896234,0.8633515040331622,-2.2044972740756115,6.986108170534483,-3.5443096704295667,-0.9086567384109664,0.8202129842385351,-2.711158872970127,-2.479679609548715,-2.1636066032832826,0.614059750960738,-0.14743948687027192,11.782099509141705,0.5415565847745429,-3.7464834608529785
Sianna,-1.0714118566412982,-0.7800912990936839,0.6221747666777584,-0.6135661196848038,-1.037374040229798,2.847861267594555,0.5658365275974145,-1.0279821915691993,-1.3424177095202732,-0.9425360152799704,1.9277526287300137,-1.945508846795344,-0.8395170978059173,-0.7575958018059472,2.745373386133999,0.6142691499295353,3.414198982935802,-1.4238089236307392,1.689728599781133,-2.425182179514557
Siboy,-0.975290727205848,2.2894819974847764,-1.0166279934357922,0.8830264274452807,-1.2320433028780027,1.9581716168206507,-2.4700573170502618,0.6238419205903096,-0.4318536149779638,1.8464980820970134,1.0464450740462883,-1.4450169203020584,1.517953237404817,-0.8180029240579099,0.708498461293458,-1.0119485683569673,-0.05687811602659229,-1.0363298612472613,-2.3275307337121798,1.8340426374566348
Sid les 3 éléments,-0.9991602274926829,-0.8754816992898913,1.7815664375404843,-0.8092930082172548,-0.6206018010689438,-0.6687046240336391,-1.4225721237124198,1.0604078598271167,-1.1220555329829351,0.22714761645704443,2.007494416619755,-1.16388712997033,-1.473671929184226,0.7116112867663276,-0.9619522909603193,0.009060874615952291,-1.4391255743727764,-1.9519168980521755,-1.3591076721940296,7.3394672774120835
Silmarils,-0.5418707138953169,-0.4747966145226928,-0.82226662307869,-0.4389007568746016,8.576919361006393,-0.7531649444346539,1.820861039373072,-0.5315514933700063,1.0348111717505417,-0.049010978104391,-0.5413114664188483,0.953061370130049,-0.7992108156369298,-0.5979038464148354,-0.5216918771266649,-0.7645119496361432,-0.7804754242228359,0.8307557814807356,-0.7370796238368637,-0.9033573786361254
Sinik,-3.6041656942102858,-4.095378834663341,2.7770889263301726,-2.465017932933621,-1.5252432467305375,4.586507247198731,6.86990961466437,-4.148707929613566,-3.1531054799493448,-7.481964229328162,-0.17145616161072708,13.65735307760789,1.0847551634989208,-5.157245613545038,-4.277647612487371,6.598819152166197,1.4378799813052665,3.0258809544004333,-0.6952982213266607,-7.406935510857512
Sir Doum’s,-0.7663209127087952,-0.6714638117012868,-1.1628606102876067,-0.6206994029884323,-0.47597985339224613,4.567946976418411,2.5750863771863277,-0.7517273310900487,-0.8605773093164634,-0.06931198994205048,-0.7655300173429177,-0.8926606796342281,-1.1302547747132472,-0.8455637286540325,-0.7377837280801783,0.7686421525902861,-1.1037589300801292,1.1748660932161266,0.8762833565002589,-1.2775402565761536
Sir Samuel,0.44689905464995583,-1.567548051977385,2.810695241428311,1.3114160049119348,3.388509930745602,-2.486585213986298,-1.761909321215504,-1.7549251246484374,-0.018035256303455736,-1.3144933002482244,-0.6680462117716957,0.31536704683845357,-2.2596183922256388,-1.9739884004645116,3.5029741424920564,-0.9392913021632313,-1.0244088027360607,4.516764600854554,3.7305345407892867,-2.9824477588947005
Six,-1.5421910881557792,-0.6112639159868322,0.6509703696591838,-1.2491334529301883,0.0860691635515308,3.4546579386105485,0.992295528670146,-0.8518058036839284,0.5777525127079162,-0.1737736208405143,-1.5405994419348086,-1.7964449645378564,0.36323969707955156,-1.7016641790103613,-0.8112520929021537,-0.3374679699176039,-0.8706944909259943,-1.3531504569311774,7.436189239243767,-2.182046483503313
Sly Johnson,-0.8903844398511438,-0.780170448112442,-1.3511219332943005,-0.7211875352567908,10.29611341698162,-1.2375762888356376,-0.4788709118609313,-0.8734282302802483,2.0003981248198697,-1.6839276025478116,1.359075890278143,-1.0371779838281407,-0.5517604194794443,-0.9824562717880471,-0.8572272276076202,0.3358548255747509,-1.2824519863420627,5.159445501481313,-1.2111454100287997,-1.4843676413604874
Sneazzy,3.1702489051338536,8.428817492424745,0.2110372133006614,-1.3869720895104765,2.623436503069312,-3.253149127070112,1.0587559147022805,0.12692644897464617,-1.857277267477006,2.7264728105934295,-1.255437947696151,-3.68053427018493,2.850312213066961,-3.486348566661153,6.162630810047065,2.7205442432481464,-2.353554176060274,-4.066388457232557,-1.0404527316252106,-2.0400551784570577
Snifeur baby,-0.8903844398511438,-0.780170448112442,-0.61099628267517,-0.7211875352567908,-0.5530386136271684,0.3784857009679156,-1.2677006636927455,-0.8734282302802483,-0.9999004761494972,-1.6839276025478116,-0.8894655024769734,-0.0730233107641012,0.2097165368851837,-0.9824562717880471,-0.8572272276076202,-0.46018324769340985,11.973404903439407,-0.5896067069406093,-0.3854807196857559,-1.4843676413604874
Sniper,-1.5373116687341766,-2.5808737297817954,2.444621201301238,2.479336437114124,0.34109202038800107,-1.185983091839388,1.3562421992975322,-2.6612149278217196,-1.3438156316094516,-3.772952853813904,-0.9318559393295813,10.782542553927598,-1.4650212042900643,-3.680874008428587,-1.654877893474666,-0.4571777583214366,-0.017998012525187693,3.303704682465123,6.26078459481954,-5.561336852117212
So La Lune,-2.5818714817718886,-2.0969209369433806,-4.0423271010015975,-2.211448724965217,-1.99116658425854,-3.782501698783095,-3.906961051517824,10.529094778085515,-3.3222794974433305,15.379291357272896,12.410644301913617,-3.46647740706924,-3.8822061431019064,-2.406423887977275,-1.790350198407999,3.436557233567893,-2.884761173132527,-3.5480975782308124,-4.360621861505791,1.5788852473649482
Sofiane,-2.248301912557953,-2.863278206260287,-2.596505074010242,-0.5548577058887936,-1.3649431804784864,13.605417085229659,0.06480154598697144,-1.8713986016320936,-2.599877848088137,-0.7362484303588491,0.24089234859565292,0.27236875542436534,-0.4889310127383755,-1.2532697038123364,-1.7735331689625762,-1.013199887180916,-3.5011033971296985,-1.722158550588097,-2.2984239124593,8.01147181491143
Solystik,-0.5418707138953169,-0.4747966145226928,-0.82226662307869,-0.4389007568746016,-0.3365685819675569,-0.7531649444346539,-0.7714980551467355,-0.5315514933700063,-0.608520051111861,-1.0248057034370919,-0.5413114664188483,-0.6312064198283482,-0.7992108156369298,-0.5979038464148354,-0.5216918771266649,0.5435120783791686,3.0633355484221716,4.609418475967672,-0.7370796238368637,-0.9033573786361254
Soolking,7.411612217446037,-1.6745871357870212,-1.9687064364886016,0.3231665207058047,0.5160496016175006,1.401152040368039,-3.286804755114415,0.8232624426423192,-2.550447366689682,-4.234005853457519,1.7680480642265397,-0.8723148544377823,-3.457408439852413,6.479024756039973,13.416188735208216,1.0123186375875637,-2.6066053656292305,-2.457405448642359,-3.8511969509271973,3.542744115479979
Soon E MC,-0.01826971409285522,-1.2471886762672488,-0.3079953234396347,0.5818609124944966,-0.8840933390354205,-1.978402459540086,-1.533112481234414,-1.3962715467654558,12.790475202371574,-2.691944359787295,-0.015349025579773608,-0.4518027431030593,-2.0993550682588737,-1.5705649195553237,-1.370372453657621,-0.01638365479973184,-0.5868273922786583,1.1752583024776737,5.811184731362342,-2.372925708906769
Sopico,-2.257411071111927,1.6983574661771175,-0.869803828031479,-0.27877830924462366,-1.8249343187219014,-2.8594415533854995,-0.5974260524974584,1.9752915903025703,-2.6933513804710425,14.419287931953363,0.8126737729066732,-3.130329744321463,-2.256600961230019,-2.3165685354447394,7.7768522552800405,-2.215431144117857,-0.2147443781897244,-1.209996372502324,-2.9957192059765956,-4.081530684934598
Soprano,4.702418492963875,-2.665222128466843,-0.5119566777633604,0.13050380392046465,-0.48880824366430126,-3.430211258158922,-2.042724594660228,-2.668989123641781,-3.178070248044652,-6.67137874200875,3.4689412206784813,8.365948096750508,-2.5443155315739268,-1.2699701905597902,-1.7958358227866018,2.6325050141607127,3.727908858353884,6.563429148806117,5.3418184208334445,-6.245180669638674
Soso Maness,-1.1152687209081167,-2.507897112067334,-2.7315528032519643,-1.0242383122246197,-0.6527657573649811,-0.20775018020018005,-1.621152446042155,-1.3830146218601462,-3.2142303293906265,-3.01147519968791,1.3377002976634174,-3.3340607511497655,-3.2739297552461992,19.6399655792672,-0.9411131404303654,2.1527111526962766,-1.4542266650494415,-3.4453076413699155,-3.6364354651653223,11.575231480422367
Souffrance,-2.1402178352840067,0.2576998141302682,-2.323960291816772,-1.7335190918670411,0.927420649391871,0.0506877443440436,2.8599410815646134,1.711043146753261,-1.9873950691544369,4.846373383066932,-1.2025592208512,1.1169477061887523,2.22886077131378,-1.9380768650129645,-2.0605178160246793,-0.03903354812199076,-2.433834481474662,-0.11506298434016594,-1.5372421547292048,0.0755467473066209
Soul Swing,-0.7469172338265457,-0.6544619682595774,-0.25112798673823333,1.047956220176999,-0.46392777432326565,-1.0381662312886049,4.578648184246096,-0.7326931699472701,0.3534107681584874,-1.4125971777915551,-0.7461463643785953,-0.8700580064063487,-0.1938953035677316,-0.8241535768590371,-0.7191026268509191,-0.1048666316399223,-0.14627993954653534,-0.7738132101341111,4.889551684562424,-1.245192214804217
Souleymane Diamanka,-0.7065129723165845,-0.6190590463322201,-1.0721045094111374,-0.5722565740335944,-0.43883174189546553,-0.9820069434901842,-1.0059103953791473,-0.6930583548638618,1.7273419499619391,-1.3361831613686903,-0.705783802817896,-0.8229924821073918,-1.0420434143464363,-0.7795712387703986,-0.6802029880792229,0.006407005884259714,-1.0176154525934082,8.76314329495219,-0.961034251345048,-1.1778339191421532
Spider ZED,1.7757575765277303,-1.9633859049824616,9.245883839886194,-1.8149488294701805,-1.3917833232571981,-3.1144986939942463,-2.876860882374684,-2.1980795100237875,-2.1189617578641773,9.920526431395523,1.7822197786202376,-2.6101740193722924,-1.7920069521912743,-2.4724607307388933,-0.3031450903323098,1.899594294675445,1.7300662919515515,-2.778327970807816,-3.0479824410060044,-3.7355766445197296
Spoke Orkestra,-0.954061842335183,-0.8359657039692793,-0.06629559856643484,-0.7727645248093394,-0.5925901385862925,-1.326083724407434,0.8501790429647073,-0.9358929797428976,12.928831125711241,-1.8043566339782438,0.0961557780131304,0.6882536963230226,-0.6965025081891939,-1.0527183525704922,-0.9185333339927431,-0.6031544624234875,-1.3741687860081195,1.3553896804224528,-1.2977625950165255,-1.5905247926934774
Still Fresh,6.948667356222269,-2.0512359791649564,0.8214326469838379,-1.7826252960498317,-0.9477941425776188,5.151407968448241,-1.6196106377435888,-0.204526793765841,-3.2720498934937954,-2.4752349419664794,0.9516239203775937,-2.6007388251585946,-2.0957674416745777,-2.3458231176829374,3.5186300542086038,4.495421073211005,8.387801178115252,-2.460838390803161,-3.8395282646004696,-2.8108002502288114
Stomy Bugsy,-0.3076132068751117,-1.6583932790803781,-2.1756880674511625,1.0762238696439892,-0.3249421260631207,0.03020471727539338,5.840461014425943,-1.8566295485064819,0.6974370001516317,-3.5794924367353746,-0.8329213960269625,3.69175989299593,2.2236594354546497,-1.609550211806482,-1.8221913895009239,3.6959397871642814,-1.2587769532779778,-1.804246525653099,4.417117481143124,-3.155291674990325
Stupeflip,-2.3829921680500545,-2.406989387001698,7.346454451138103,-0.8767090585569541,4.1545999352161695,-3.818182295814209,5.8047589695686606,-0.8392214091271962,4.046602987040663,-2.5005106144728395,-2.744187542234799,-2.574894230537786,2.612400609075843,-3.0310835600658947,-1.5103925713068402,1.0266263416570323,-2.1874523150237777,-1.453277160119439,6.1653131401216354,-4.5795853555047685
Sté Strausz,-1.433655151925296,-1.25619376560126,1.9614422946093308,-1.1612222531865666,-0.8904767673407119,-1.4908522149097938,-2.0411919910352303,-0.695294061431681,-0.3677510838232665,-0.49848659872215,-0.03569864562082496,-0.4724213321898184,-1.641590943783798,-1.5819048857322573,-1.3802669680969701,0.4492245691196377,6.167725392405527,-0.30137724648679964,6.7672409443766215,-2.3900589690119207
Suikon Blaz AD,-0.6636533778382588,-0.5815047186337492,-1.0070668295569312,-0.5375414510785631,-0.4122106446969535,-0.9224349030353757,0.11343788227978595,-0.651014965423857,0.5964925130875787,4.32200586906138,-0.662968442359654,-0.7730668255065545,0.042799194977314964,-0.7322796695160141,2.4912476056804005,2.267659350567655,-0.9558832730902469,-1.2964849951676398,-0.902734489129134,-1.1063823165409408
Sultan,0.4948990026066868,-1.2548628201533867,1.7424705159981904,-0.5264945786394402,-1.1346124216223588,12.417130841396524,-1.2465652605759878,-2.696863706831431,-1.9291434016340385,-2.283452256544875,0.20501901545014886,-2.9016282519561583,-1.5417228287157143,-2.099510930852251,0.7696285001967642,1.1451211477102101,3.6063301529897394,-0.1907419219422794,-1.5222217616223315,-2.7616599734814624
Suprême NTM,0.11155189525200507,-1.9110195104048024,6.359401694290242,2.7620813408621583,-0.6164711166136635,-3.0314304254970352,0.43720260155261464,-0.26981714893658504,1.6336432890254193,-4.124763390090942,-0.8017918554747938,0.21474464632872226,-3.21676148204727,-2.406516560581708,-2.0997693013783874,-1.1272141450554203,-2.1863504719968483,-0.2707152129930448,15.572502649648602,-3.6359433121005313
Suzuya,-0.2094393696818583,-2.053186580002737,-2.149602568107963,-1.8979603401471103,-1.455440234308882,-2.949912715128044,-3.336227354340551,-2.2986145211219364,-2.631453477735622,2.7892204607461464,1.5039863693835227,-2.729557268616679,1.7521653113804154,-1.8120140794997133,3.063222495564749,-0.8861867179661378,6.10629620806729,9.184866503349834,-3.187390022548497,-3.9064331752763173
Svinkels,-2.2935006959748026,-2.8249401080699488,-1.2130728641545885,-0.6966615379071501,2.4918419393407456,-4.258017341725801,8.045222318551767,1.2640901874789838,2.73203063609366,6.202989188568557,-3.2206895028221747,-0.02772504659135017,5.7598089234324545,-3.557402274382389,-3.1039570683889925,-0.5914982822983682,-3.9976233442696993,-5.504437491791428,8.840026738338683,-5.374786618892527
Swagg Man,4.703884921704784,5.789585959336079,2.5650876316718976,1.8206285923188434,0.026145222379068356,-1.3032085605313113,-1.3784893039806556,3.5732886747524186,-1.7845310905570024,-1.0088608244012627,0.30240214799853615,-1.8510605832548217,4.056264232071494,-1.7533982670676491,-0.8762637933051008,-1.3499241521745993,1.2064732017841364,-2.460096296128253,-2.1615417643175983,-2.64916386076295
Swift Guad,-1.7367954050584054,-2.1154674624485206,-1.6193055513166885,-2.642210164697798,-1.3406577418654608,-3.451943614050063,14.164978175298362,-1.7952042429607864,3.2189936267587465,-1.388474824185737,0.7545616426157565,0.5759987964652077,8.422293830558322,-4.963090264656415,-3.154411199062413,-2.136641182372142,-4.8148872083784084,5.998633643308405,-0.19754877659376674,-7.444724940536709
Syrano,2.190388408738215,-0.8359657039692793,-0.06629559856643484,0.5212907374702888,-0.5925901385862925,-1.326083724407434,-0.6221819834696085,-0.9358929797428976,6.3953852158268125,-1.8043566339782438,-0.9530771855454437,-0.2115499436767872,-0.6965025081891939,-1.0527183525704922,-0.9185333339927431,-0.6031544624234875,-1.3741687860081195,3.50152587544908,1.0139082848054277,-1.5905247926934774
Sysa,-0.8737402724272776,0.5406015313284849,0.9368085560794824,-0.7077062056823122,-0.5427005317077691,0.43240490725675446,-0.44014680398184675,-0.8571010293017375,-0.9812090994958582,-1.0472873457869754,-0.872838512967297,-1.0177897698859795,-0.5127061354917166,2.147648520209938,-0.8412028758128758,2.0120697852054894,1.1253515618129666,-1.121045030960767,-1.1885051817456582,2.662505077985595
TLF,-0.03965172200687633,-2.3356905127275525,-1.0784039053819523,-1.6959516358849613,-1.6556985031149782,11.949094382562734,-0.6334370704286869,-0.7027595230523309,-1.65730454053319,-1.2725662565503881,-0.40971796931720406,0.43740545530795155,-1.642451465190137,-1.9213401695818026,-0.6181187240242089,-1.6337519574951074,1.630128426661437,3.04981280978391,0.5108919358197114,-3.768852683088397
TSR Crew,-2.918063098965681,-2.5568580196217594,2.1211298218704497,0.17499825712197728,-1.8124772835712755,-1.0972771848330303,20.877583760471417,-2.163800583365974,-1.446027080873751,0.09846886857759936,-2.915051459137419,3.9556279778656855,-2.6774432993105814,-3.2198107521983337,-2.8093967373687816,-1.688083203693646,-2.299581378329829,-0.9642635658386158,1.8251842594466545,-4.864728363984328
TTC,9.19817920070071,-1.922779741468131,2.6762133971189748,-1.777412597416708,0.10435376800089433,-2.72222590264155,0.3964269812958553,-1.6880691955576013,14.173142197457112,-3.9091914563688297,-1.7359700248851633,-2.5561911763859415,2.0159378412195452,-2.4213260330417183,-2.1126910805801846,-1.4810698696759415,-0.6295873304229908,0.8450040382633666,0.030185983451339323,-3.6583185590563114
Tandem,-1.3036998309773522,-1.6170989991158988,-1.7293169212411963,0.5120587981088442,-1.1463112846538517,3.6721737715756464,2.3198007566179553,-1.8103991510893538,-1.1075472910714628,-1.1983368835745447,-1.8436404214780273,6.223015115236613,-1.9872638627222696,-2.0363871223146153,-1.7768185082093617,0.8526078315998017,-0.02484606599082889,4.438159910166736,-0.5186904453110397,-3.076724365633271
Taïpan,1.4647265815140866,-2.0641369860926813,5.656727023108025,0.18826214438491037,-0.7797702988750159,-2.6635050704775254,3.2052709788753906,0.7182831981961988,1.5125350295057933,-3.10852899630528,1.47110491223906,-0.5576177331186465,5.447648823408736,-2.5993349692622694,-1.3861797583403852,2.392958899447158,0.7330334164153076,-2.4291277132384916,-2.2681737978363206,-3.927267633307753
Team BS,-1.4438592319577712,-1.2651347593287028,0.5474817243342173,3.1058905375454633,-0.8968147602600716,1.4811482589872547,-2.0557202312537295,-0.004295248627531002,-1.6214518907777657,-1.632051658278835,4.104061562533221,1.290923942114677,-1.190403424453427,-1.593164137328402,0.04866361444183169,0.4173581751947108,-0.6370846192299271,3.915345540368009,0.07264056531310681,-2.407070279555202
Teki Latex,0.7088892056799002,-0.6190590463322201,-1.0721045094111374,-0.5722565740335944,-0.43883174189546553,-0.9820069434901842,0.9823382687063895,-0.6930583548638618,1.7273419499619391,-1.3361831613686903,0.7110806758038475,-0.8229924821073918,5.675526989134022,-0.7795712387703986,-0.6802029880792229,-0.9968016282099345,-0.03492597263816831,0.7933628186341051,-0.961034251345048,-1.1778339191421532
Tepa,-0.8037241537930317,-0.7042371869454659,-0.39968996864657064,0.8851150209422299,-0.49921188179853504,-0.22196848507054523,-0.27043246939739013,-0.7884182762649179,-0.9025810965511079,-1.5200325015189062,-0.8028946557353291,11.881127094796824,-1.1854212084100326,-0.8868347203097324,-0.7737941020529138,-1.1339544729045365,-0.2937998557165141,1.614346034329683,-1.093265758288479,-1.339895524994367
Thabiti,0.6054480536821228,3.5454020227152596,-2.290125527127214,-1.582479184130482,6.20295498906138,-1.6108363484464099,-2.422180272336022,1.7358864328541037,-2.1940502467052494,-3.4243527484720695,-0.4146254372020494,-1.8364502853242806,-0.45238584969860685,17.326797990267657,0.7771923746348454,0.14575770492308504,-2.458683711331423,-3.0307391296478428,-2.657578378069291,3.804392149694296
The Shin Sekaï,1.0412610760060845,-2.2117573574173925,11.050621305693367,2.8465263980691433,-0.9300284468911333,-1.798349247503782,-2.759139117420713,-0.05301383737251312,-2.48191178262817,0.04400613511752487,0.6509770599107154,-1.5799899667062622,-2.3799758533061466,-2.7852309616028466,7.033988899566103,-1.5957967097691463,-0.3351145573636019,3.1804424060407257,-2.8510707767129877,-4.208133055620795
Therapie TAXI,17.88993030891373,-2.530269518716688,-0.9588957969887546,2.7914788174842307,-1.236100784328125,-3.7645961182001075,-0.46308409290553804,-2.4797087425508764,-0.46761329935719825,-4.9120448732949775,7.514819296021686,-2.1746729708152137,-1.6764370409599796,-3.18632827470388,0.09732722888555216,-1.3743006662710024,3.7747786961206664,6.767110951093691,-3.9280189617673673,-4.8141405591415625
TiTo Prince,-1.9900989725965743,0.8101479023215343,6.028973429370346,6.652340957362707,-1.8587607482307635,-2.9574187272896144,0.902688350410662,-2.254294807027484,0.21006341282704555,-0.5357048838359485,-2.989490285163004,-0.6172940658598035,-3.054408804554594,-3.302031919055066,-1.1457119208371331,9.04121305431116,4.505741703621726,-3.7935503675445883,2.070862082635831,-4.788511376846901
Tiakola,-1.2300208743161423,-1.567548051977385,1.3372497293185444,1.3114160049119348,-1.1111861563200862,-2.0844272688818526,-2.5471122503980133,-1.7549251246484374,-1.5112872821468664,1.6411037009792495,1.010606200794592,-2.08393733958209,-2.6386063394050288,-0.9608112209643479,4.664162497638326,0.6454649153088907,-0.6363232115950528,-1.7781170081341153,-2.433479289912463,9.423469457672503
Tiers,-1.7627971605126431,-1.9402864432291733,2.2941055616350727,0.4365611913200623,-1.375408831842296,0.4960598321487924,-2.5184140193061566,-1.711860080187664,-0.07397352999673815,-2.2776833861964287,1.404363551594352,23.00723589061544,-1.7351129609986429,-1.2155605156300153,-1.662867670945337,-2.484068063653451,-0.05413750467816616,-1.320806196133819,-1.3521635688443818,-3.1498606332473273
Timal,-0.2792185041376477,-2.2052314429845157,-3.619382211100548,-0.8091269535168062,-2.0527924564594096,-2.416789008286567,0.39490249103162456,9.404375398131958,-2.9031691871928564,0.3090270309399833,-0.5755690150386867,-3.590090807450608,-2.617903411728496,0.4665582440704637,-0.35338771530365853,-2.518306323246624,-3.079679948576955,-5.836907053272436,-4.495581501584452,23.89273948857208
Titan,0.9591310101871474,-0.8882631301127707,-0.8882601833599495,0.396758267863873,0.9584910781384812,0.7200626795727834,-0.05766647629555326,-0.9944417859350005,0.6183582019209388,-0.3524832542846524,-1.0127010235591913,-1.1808790817707897,6.53056798047138,-0.22458161758650616,2.0977865372359292,-1.4302708919039075,-0.7752680220144317,-0.46557841581701553,-1.378949709675528,-1.6900269044092648
Tout Simplement Noir,-0.6029756714954494,-1.531173074027554,3.3820662100687855,8.475697688910186,-1.0854010635537361,-0.7820370746320304,1.9332038994045895,2.369330547206841,-1.4528428188312186,-2.6997368904797128,-0.599989725263857,6.3158504420448125,-1.0254122710065876,-1.9281819676419583,-1.0880188156589963,0.7793313072356594,-1.7223474916414594,-3.12087523275989,2.6713479371824875,-2.9132400103180403
Tragédie,7.816331647125222,-1.7053065841022592,2.8029736108041066,-0.30765214011956077,-1.2088389036313776,-2.7051101444609964,-2.410070161682772,-1.9091506419164783,-2.1855953010099665,-3.4090668602888408,-0.4011580525669848,-2.267076955987494,-2.8704911200368657,-2.1474655351096446,3.9968788172811114,0.5317913437726631,3.2612976524852186,7.2446599161729095,-0.0031708082049180515,-3.2445498519530696
Triptik,-0.471149840276754,-1.738040982949948,1.3089610827288232,-0.984223819898873,-1.2320433028780027,-2.7570363817836028,6.73626367518337,-1.4318699771992056,4.506309063422296,-2.6851376067033663,-1.9815253191683977,-0.5794389612200693,-1.5583472741447923,-2.188687444408767,-1.9097058301432812,-1.0119485683569673,-0.40689449559677543,-0.520203868590054,10.64429900114865,-3.0044266336711427
Tsew The Kid,5.687700645361685,-2.69841582338034,1.1044363137513928,-0.8908220437104236,-0.867248287062894,-4.280469028739227,-3.016255180690905,-1.3658745255295763,-3.4584074199373003,-3.592254647521901,8.625395878042136,-3.5873410610507093,-4.101842982685238,-3.3980722493558404,4.7923980783598426,1.178686716316367,7.287427346055502,10.937978048104311,-4.189051183109179,-5.134059025990403
Tunisiano,-2.1674828559272914,-1.8991864584856772,0.9674604069931152,1.0924212237445914,0.8820976582382749,2.298261859009095,-0.8176780129465059,-2.126205973832766,-1.2015817874527475,-2.635530725866949,-0.31788060248063316,10.941450536620264,-0.3815660470708115,-1.5553605217103839,-2.086767508866067,-1.7500237706696125,-1.8406313728179822,3.55918954447726,2.4785036145887624,-3.613429514752061
Twin Twin,-0.6411500751371622,-0.5617869304879696,4.166255038579262,-0.5193143789451024,-0.3982333167311757,-0.891156780244283,0.1826228499123181,-0.6289402087523402,0.6688577405574544,-1.212566460758366,2.4821288600922924,-0.7468535078886149,0.1118470177595405,-0.7074493716307318,-0.6172741534876708,-0.9045827378582013,2.325142222267452,-0.4541352873468291,-0.8721243722461203,-1.0688668649513209
USKY,0.9800572428002857,-1.1270306761874296,-2.505053823184004,-0.3722878868113987,-1.4786051947445893,-2.704335356542258,-2.2091519008536347,4.088234392195384,-1.1770781491569418,2.3834431292227563,5.191064665515404,-2.7730012277995217,1.9003751042081736,-2.245990901457873,5.998236533317474,-1.8699363518680117,6.195686616411705,-0.5649353275679518,-2.6204787389401925,-2.960698463196562
UZI (FRA),-2.0177409372366357,-2.128656780148089,-0.9738477025995035,-0.9513225019465675,-1.5089387165487558,-1.3036155177120359,-3.1697463698203134,-1.1242447601101728,-2.728179378133732,5.635077774424181,-2.426862972194378,-1.7697770622195397,-2.745840781723401,-1.188371423426889,0.6539543716481439,3.866326458555981,-0.6412355352748054,-4.324499218048245,-3.3045508131374524,14.715295417184992
Unité 2 Feu,-2.4414267498025897,-2.139220898533593,-3.1649198480956082,0.04527574705999869,-1.5164272921552608,2.7950159839267763,5.442208798771557,-2.3949329637880976,-0.5533105884804943,-0.9355225125112201,-2.438907031143958,2.078825961143826,16.949611894329347,-2.322676123228859,-2.3505099488253283,-3.4445484437005778,-1.8102174674641116,-2.253463195639459,1.1958282563541767,-4.070123762088513
VII,-4.126764410429845,-3.6159432884253326,-4.026558580141796,-3.3425685812015424,1.3380977328533532,-5.21291469708604,-2.3014231731778234,-4.048175568293113,41.54256099442453,-7.804687715337314,-3.6373634226469025,3.097808107376426,1.7995572829847954,-4.553500034044581,-3.9730869680862395,-4.104829853360657,-4.59801145954137,17.614549405109354,-4.722710360284323,-6.879764829614983
Vald,-0.7615215305946349,-2.297656976200527,1.1151256347318235,0.08572339132541887,-0.5362105457184779,-5.1327661536094125,1.2415452099852877,0.3198447986129269,6.8012497577372635,12.716295639347083,-0.9807911944216127,-4.538585555208751,15.090736644028365,-2.9994618591334294,-1.8737760573753008,-3.628157548985417,-3.9683106494479308,-4.869599075080737,-4.312269395959574,-5.96971454115603
Veazy,-0.7852452663484085,-0.6880456619662987,1.3260932713209554,-0.6360276222922289,-0.4877342123350271,3.489665441171911,-0.22355803333019025,-0.7702912951138394,-0.8818293318896135,1.2083647777751925,0.49036830404426845,-0.9147050034947302,-1.1581665029498984,3.7501204553109178,-0.756003353759678,-1.1078830689637598,-0.24685581841794266,-1.5340217338136932,-1.0681298521474503,0.21869054830365373
Vegedream,6.172889286855931,-2.0350275153734048,0.2557968343152889,-0.9315819994228681,0.5760858012848085,-3.103390386539948,-3.7197371415754357,-0.9090629936614104,-3.1325486902181297,-4.70684487192972,1.8786600589275493,-2.633823158272846,-3.141944518616455,-2.428104410103745,11.46410560461873,15.121412555858578,4.693615111782186,-3.9812865893517326,-3.794349596077113,0.5106220645787017
Vicelow,-0.18579750324479444,-0.9613898706950594,0.7374927560341965,-0.8887062986661579,-0.6814994371365052,-0.8693234682115399,5.479347459257263,-1.0763097415409393,2.014174579537042,-2.0750733944799373,-1.0960721807361722,1.0691466897999082,-0.3823973937506743,-0.38466933673653175,-1.0563455402545927,-0.90203169053677,-0.3147936652067687,-1.676915031686587,5.207818530189246,-1.8291592795076546
Vicky R,-0.32350111224186207,0.9136683867115051,-1.7826315597137266,0.09944233432598377,-0.7296632984452244,0.20448641725371458,0.12108119824686012,5.789801349025954,-1.3192400341159887,-1.7716252791204765,-1.1735352945905217,-1.3684229094848013,-1.7326477602720982,-1.2962246507804807,-1.131001038581191,-1.0540759179814208,10.128088201279633,-0.5519700092414737,-0.9721489516009184,-0.9372070521723007
Vincha,1.1912569896885055,-0.4979708904026736,0.29715353546026174,-0.46032299728952053,-0.352996106797819,-0.7899260578609753,-0.8091539865901389,1.2362392239889675,0.9286336288548385,-1.0748252894247101,-0.567732255604855,-0.6620148781453277,0.35478573760453247,-0.6270868444828201,-0.5471550567580797,1.692477055796819,1.6247171110070124,-0.20954004068671803,0.5205123337461053,-0.9474492117786395
Vin’s,-1.3099091553859603,-2.19641550270237,-0.12330230964185589,-2.030360784166474,-1.556970771693468,-3.197137171079078,1.7547188717788949,-2.4589643328570494,-1.3940738260087286,9.18103907729455,0.29128568041985303,2.217070849980646,-0.7219032169382155,-2.7659112072830214,-0.3415478239039511,-0.4263479680247043,0.821041959654866,2.046063202308961,-1.3567978975740689,-3.9396484001099767
Volts Face,-2.2210090110759717,-1.9460870135492752,2.860627126142015,0.42455188079930894,-1.3795206760888197,1.448005069385705,-1.897259320273427,-1.7197261828232138,-2.4941900018537195,4.608119393712074,0.48554906464655767,-2.2006546801676135,2.2190689283449236,-2.0426259195997694,0.6676664500078169,-0.8996902206086114,7.116735075791003,-2.9560197321923285,-2.0281206792029924,-2.082208291334727
Wacko,2.316156942046482,-1.191730044536902,-0.12576894829559673,-1.101632156918142,1.5226986307179153,-1.3614485504577443,4.260478761307477,0.1648603324444309,3.7103774398991587,-1.7947100527915685,0.11333487879250344,-1.5843155400534585,1.4835225657798596,-1.5007267441953673,-1.3094362194805986,-0.8766512709471952,6.208547287905909,-2.657003582917853,-1.8500551730544692,-2.2674090252552346
Wallen,0.6007051292576566,-1.8991864584856772,2.183610949717659,1.6620260740786317,-0.6034836662054552,-2.6807271756752735,-2.4379024471489843,-2.126205973832766,-1.2015817874527475,-3.855274132587266,1.529484661060508,-1.7326917845380487,-3.196843262782325,-2.3916153859729374,2.705333171867781,-0.11499373551934378,0.4015916947308168,11.352681352182577,2.4785036145887624,-3.613429514752061
Werenoi,-1.5570081013612265,-2.096645080244414,-1.152396298688578,0.1257083049712876,-1.4862466161506358,-2.4238711513942706,-1.6456819658892512,6.599303851117649,-2.687151787237008,-2.3156795386399356,0.11970840071250777,-2.7873320789393143,1.0043610216743204,-0.7465275416516992,1.1689017967677535,-1.0063204521502482,-1.1252814142551268,-2.963145932503919,-3.254855488869222,16.316121354595232
Worms-T,-1.81344626374401,-0.33029907568863576,-2.388435978437976,-0.10722684965703795,-1.1263739153308296,14.142312381664974,-1.0326954555200882,-1.7789115464754,-2.036497608689497,-1.0970603230568816,-1.259568709994082,-1.1656396262788558,2.933495483305236,-2.0009689922799248,-0.02761820961101882,-2.167699417446477,1.98226248696907,-1.566761424925679,-2.466740230755058,0.9460762154198186
X-Men,-1.2933769264826176,-0.9890394898083759,0.7977905138532865,-0.1446464279476602,-1.1413595928882354,-0.98800124235963,8.08595269160219,0.41646423781505665,-1.0944080136923648,-2.0365543936512718,-1.835676494737029,0.6625253910003742,-0.8654113843842244,-2.02759059254156,-1.7691432303912953,-2.2068709166333864,-1.891068923679286,-1.6398374319685858,12.30305483458317,-3.063433917471996
YL,-0.9611109759316824,-2.9135255691628834,-1.284133432756858,-1.637723380732869,-2.2851990553251067,1.3394114817076055,-3.901911868026225,2.2095926577007603,-2.679469220956828,5.257819760564341,0.4059120619631631,-2.6523626261181388,-2.293568140364661,8.256938446062975,4.080401144689346,0.7812930603392154,-2.0911565406250485,-3.8482355346286594,-5.004548106269956,7.235626061174281
Yanni (FRA),-0.5683187993064831,-0.4979708904026736,-0.8624005098457188,-0.46032299728952053,-0.352996106797819,0.47601521586737716,-0.8091539865901389,1.2362392239889675,0.9286336288548385,-1.0748252894247101,1.1936614115989954,0.8485251909440312,0.35478573760453247,-0.6270868444828201,-0.5471550567580797,-0.8018268973164361,0.4030737901483206,2.492570096752674,-0.7730556312924974,-0.9474492117786395
Yaro,2.3954931156664774,-1.1391904589469088,-1.4897128420176868,-0.8557454083509051,-0.5171822979139222,0.6827650285971812,-2.859481409907953,3.293587170484746,-2.7407764142652224,-0.13083785256393124,4.969473829963516,-2.5524826681812223,-2.290015474657649,-1.35405237909888,-0.7275571045477596,-2.036261616411439,2.6764637892075123,-4.772734114943025,-3.714764305858113,13.23855831194927
Young Chang MC,4.460407049151211,-0.5201136320215541,-0.900747955498695,-0.4807916901134188,-0.3686924090094376,-0.8250508591900904,-0.8451337757622958,-0.5822854868057942,0.8335489829995782,0.6589308735379326,-0.592977001604471,2.2010120298454803,0.2667238506412276,-0.6549708478162872,-0.5714848183564738,-0.8374808806078788,-0.8549679908622186,1.427462061343715,-0.8074302733181306,-0.989578427545588
Younès,2.954847347980695,-1.7637911408436389,3.8203262119159276,-0.403784177094438,-1.2502967905075972,-1.36823154382894,-1.8192286585598474,-0.961776211087995,-0.49107208076017717,-1.7055833417135107,0.47558721204549054,-1.918357226159382,-2.2952944976898575,-1.3206652409921804,-1.4220032536223037,6.314778190949737,5.378415531349217,0.13629352407715248,-0.5468521688362474,-3.057834289318145
Youri,-0.30053841842377615,1.661938045479212,-2.9398738663996213,0.2608042819771032,-0.9994435702014466,-2.2386407841584965,-2.089890514199021,-0.20621662615491645,-2.5827812650459743,4.210718960246111,0.08889723376170235,-1.7152258224998567,20.36995672679103,-2.873672932501511,1.8796709014339832,-3.4022815783283105,-0.018974842684650346,-3.5153777823418335,-3.260306274861939,-3.4204718713736866
Youssoupha,-2.9740023446201844,-2.0922054825865835,5.991708606966269,-2.3984378046102117,-1.487362072011294,-2.7587549309257904,-2.013691557603785,-2.075515032598545,0.018339994062618336,-4.184111169786026,-1.1105088819682989,8.133426687942334,-4.301152303494035,-4.159623548751799,-1.425204716423427,-0.24230659429584864,-0.08885585250873249,5.399375785991381,14.373399881113684,-6.284667087117541
Youv Dee,-0.3006631441723514,8.865151331442869,1.218127413301336,3.378877543506479,-1.3128909394373303,-3.9046229910340626,-1.1855763997230222,7.668907116182384,-3.349625139753255,2.5133681578198517,2.7256523330371127,-3.4745032449596858,-2.808125191572365,-2.9873461056025556,5.485814078624607,1.0194880762592655,1.7557537586525647,-4.110819105618922,-3.8108167880182577,0.05501119575271785
Zamdane,-1.828012586008378,-0.9275943320187792,-2.2939949569819866,-0.17751826591379613,-0.10264007337819402,-3.7420140836463465,-3.8451487977240673,1.4410315181150504,-2.9157229770011304,18.313812011705615,0.6155131708474002,-1.851663160750126,-3.056371550527514,-2.8539426790222295,0.4889734804117286,1.3759329995601568,-1.7201949996542125,2.407869913648621,-3.6512806804154185,-3.744509826294239
Zbig,-1.4539917017567285,0.2958296783810535,-2.20637287794028,-1.177694313560487,-0.9031082743874594,-0.04168998308110612,3.243487046237329,-1.4263023274775806,-1.0203972527566012,-2.0225278140441576,-1.4524910833085938,-1.69370455526758,6.249027318380961,12.731729835855136,-0.6854820090995131,-1.5639290531044263,-1.1392328099108402,-2.840456309348061,-0.46094928011931663,-0.7737714638934992
Zek,2.6267908769683808,-0.962091129003098,-0.7885549271145186,-0.18217488447178384,-1.3998987466921957,0.3787345913664645,1.7772001663246801,-1.3062859566725846,-0.5555564261256163,-0.9780458818181104,-1.8073412704658285,2.3262442489377606,14.424564250701176,-2.4868775335704476,-0.3264731120120501,-2.2364158767117694,-2.6301573636862052,-1.904643498437816,-1.4348355020548147,-3.2250697930561443
Zesau,-1.6896179766131931,-1.3574159124888685,-0.20888645040293774,-1.7445960038830053,-1.3378336538183295,3.6867652590776676,0.5203387814452088,-0.693009368635913,0.061729656011676966,-1.864131858953009,0.636860497762217,-0.9147326257950095,0.9153678517798097,-1.535089811797977,-2.0736841980174083,-0.4063216412828016,3.9891192564362647,0.7830306331461951,1.848594882833426,-1.6413344384108133
Ziak,-1.0410554146215327,-1.7765262603099758,0.8237188684584765,-1.6422162594163334,-1.2593243213910896,-2.108383421832673,1.6167598252527562,1.530678909520506,-1.8376748009774937,6.336420465623078,-0.0504855087959369,-1.9383447864896173,-0.6495279876957981,-1.3431572894978216,-0.9273980425637807,0.6352994782040835,-2.2354038402588086,-3.708354564123999,-2.3953046152039077,6.678957651413349
Zifou,1.123283130634341,-1.1033276287286278,-1.3874270960206636,0.941038005858581,-0.7821147079714847,6.820265766527988,-0.1194388714595808,-0.42563776494091776,-1.4140728144292931,-2.3814332535985216,-1.2578941769056844,-1.4667911713586272,-0.7803070684198097,-0.6696693923886529,0.4374510623661809,1.0378543690232946,2.59730667713417,1.1987670995736757,-1.7128182648978436,-1.1464747796300894
Zikxo,-1.8211264118630563,-1.988977113268315,-3.23221686775911,2.249220787399656,-1.9305076286525655,1.6984161542200475,5.517857361991041,0.23096980606097411,-2.6308760397486264,8.412115225805154,2.048291455430283,-3.3443022745428865,-2.620870718866448,-3.429488069324175,-2.6581616930201326,-3.4729533602618092,1.1077894743163001,-0.8015957227868177,-2.5720643632913665,2.924198382248095
Zinée,-0.30173367089448644,-1.0183252899276185,1.0716001381964901,-0.9413372522807388,-0.7218591885203093,-1.6153588439031663,-1.6546789858452602,3.2457179780973457,0.9934912911642837,2.806669637135588,3.145708722862013,-1.3537869495417647,-0.5473342175331362,-1.2823608869289542,-1.1189044229940908,-1.6396954587934007,0.715648178675459,1.2532294799643755,-0.9482924607735072,-1.4213528939597169
Zirko (SKS Crew),-0.8217876261285924,-0.7200647179268571,-1.247029076973442,-0.6656259544336637,-0.510431527215551,-1.1422311925517037,1.3939917189995619,-0.8061377533455016,4.495036248170677,-1.5541948007452422,2.8334102604565445,7.399810030943791,-1.2120632137563647,-0.9067660790482884,-0.7911849049671444,-1.159439777972039,0.5060396800761893,-0.3596211345212123,-1.1178365960388095,-1.370009296779976
Zkr,-2.5012659421780135,-2.4988920664292866,0.9870034393076396,-1.4441569740123557,-1.771387018653451,-3.71169400096602,-0.36628804893814404,-1.367799214743558,-2.5782138381471924,21.8607221756481,-2.8489649830262413,-3.0210738242771793,-3.493095358522836,-2.1934703011439662,-0.560474846564364,-0.7928189341757806,0.030861452457373522,-4.67392092220929,-3.87930825065773,2.3967672292082565
Zola,-2.6984943936758565,1.018956762986563,-3.362228043253468,0.10187998496528174,-1.6760980220433919,-2.6842724476091138,-2.8009128647867287,8.686030158143044,-2.7004165657341668,1.3626705255007798,-1.5828297482846376,-3.1433826213661167,-0.21122930541786955,-0.6266008952132925,0.481281717279001,-1.7059784419714916,-2.857595178375228,-4.892276940259709,-3.3981938994817575,20.39748912242632
Zoxea,-2.0633822051967488,-1.807971644191925,3.2564375662582745,-0.47459979398899804,1.0591816352817451,-0.42721305055878595,-2.2569902191972178,-1.530038065624151,-1.0224955546604566,-1.8522938641798625,-2.06125265425168,-1.5714642295963261,-2.3861236581214094,-2.2767500170058197,-1.4831565669913929,1.2108724886450941,2.075209201417358,-0.30971526669420774,15.720277391088342,-3.43988241479659
Zuukou Mayzie,11.776473786497236,22.264770360381263,-2.7748541920698275,-1.549588587082521,2.271525069993454,-3.5003943443854317,-2.7489186432391786,1.5774533225211917,-1.7673798857002316,-2.03341776449918,-0.13085005384542647,-2.9335823427683865,-0.21450033791563483,-0.9794719889720837,2.937093916964316,1.7942667782181543,2.1620730816224274,-3.29373712367898,-3.4256365298394744,-3.960241182412492
Ärsenik (Group),-1.3840486428818197,-1.671931408028275,-1.1686818365834448,0.3955538438256029,0.5023267105958266,-2.6521674488714253,3.5408093690442715,-1.8717859595659327,-1.2094708038525215,-2.5002849438523946,-1.381537889368635,-1.32290352739355,-2.814311693157845,-2.1054367052122287,-1.837066668067138,-2.320670514245799,-0.929055963164818,2.9790463852553932,18.980069688727784,-3.181049585434109
​DA Uzi,-2.9373403545224392,-3.0733684254229305,-3.255870135039246,-1.78505270307273,-2.1786154774293287,-3.2343117868705837,-3.7924628211341043,-1.6969350187658792,-3.9389630295608415,25.475727521126718,-0.07918517325795887,-3.841062999944901,-3.820209019364698,-2.0615726731672814,0.17660897809206236,1.3155672239404852,-1.4891121996207108,-5.830609368017801,-4.771131834866139,6.978649782805197
​nelick,0.793424298394959,-0.2987956247009801,2.9667096331521674,-0.4860613296511752,0.436284714064571,-3.418406519502948,-2.359285514807236,1.7324021019630378,-2.7619035185224607,5.453374988585021,6.904671153847966,-2.864870645818051,-1.421957072993008,-2.713719513665275,3.122480286857821,-1.4525625384877467,4.926566239234979,-1.0581556274785455,-2.747563831463685,-3.8561910797107886
​​okis,-1.5230326911303058,0.1641718083724828,-1.0130789163978329,-0.42299042019788563,-0.9459912486880897,-0.6997602473185004,0.1373550871346118,2.521959068021934,-1.1256925634072432,12.742333142901098,0.4503283766326402,-1.7741280116459794,-0.9108293585525693,-1.085472415643122,-1.4663161584404476,-2.1488090463482346,-1.281966438495625,-2.6392348842599525,-1.1063168468690325,-2.1452146616896646
