{
  "coherence_metrics": {
    "cv": 0.32089290712808893,
    "umass": -3.9573931161151394,
    "per_topic_cv": [
      0.3813248230901529,
      0.3016307657398977,
      0.27081249476054337,
      0.3463036722174926,
      0.2637674207522759,
      0.19587369957180856,
      0.3568877800865597,
      0.23481631590922086,
      0.3425023861954501,
      0.2301080703648375,
      0.36899316831110507,
      0.4892644813348549,
      0.18384880270462506,
      0.380708946283775,
      0.42573077503852,
      0.5632696758399481,
      0.26761957467925673,
      0.221852296177583,
      0.23690579865681047,
      0.35563719484706113
    ]
  },
  "artist_metrics": {
    "silhouette": null,
    "js_divergence": 0.19509331599046817,
    "specialization": 0.5579112124704243,
    "pct_specialists": 65.14598540145985,
    "pct_moderate": 33.21167883211679,
    "pct_generalists": 1.6423357664233578,
    "mean_dominant_ratio": 0.5598103938336069,
    "mean_significant_topics": 3.1113138686131387,
    "mean_topic_concentration": 0.10258254761961157
  },
  "temporal_metrics": {
    "mean_variance": 0.0002581741253308666,
    "decade_changes": {
      "1990s->2000s": 0.036544400009045075,
      "2000s->2010s": 0.09139437951196978,
      "2010s->2020s": 0.04945201574011531
    },
    "biannual_changes": {
      "1992-1993->1994-1995": 0.05796209398958674,
      "1994-1995->1996-1997": 0.06905002775596687,
      "1996-1997->1998-1999": 0.03278715753125063,
      "1998-1999->2000-2001": 0.01706587655461395,
      "2000-2001->2002-2003": 0.027998371975617137,
      "2002-2003->2004-2005": 0.014819702343359168,
      "2004-2005->2006-2007": 0.025139474775715792,
      "2006-2007->2008-2009": 0.017777773245691915,
      "2008-2009->2010-2011": 0.025997613440883943,
      "2010-2011->2012-2013": 0.01846744050063772,
      "2012-2013->2014-2015": 0.042760301295878024,
      "2014-2015->2016-2017": 0.03258044786462353,
      "2016-2017->2018-2019": 0.02992967065689658,
      "2018-2019->2020-2021": 0.01286870304359668
    },
    "mean_biannual_js": 0.03037176106959419
  },
  "parameters": {
    "num_topics": 20,
    "alpha": "symmetric",
    "eta": "auto",
    "passes": 15,
    "iterations": 400,
    "min_word_len": 2,
    "min_doc_freq": 5,
    "max_doc_freq_ratio": 0.3,
    "use_ngrams": "both",
    "ngram_min_count": 10,
    "ngram_threshold": 50,
    "vocabulary_size": 81475,
    "num_documents": 115785,
    "num_words_per_topic": 30,
    "timestamp": "20260123_204347",
    "run_dir": "/home/robin/Code_repo/psycholinguistic2125/JADT_rap_fr/results/LDA/run_20260123_204347_both"
  }
}