{
  "cluster_metrics": {
    "n_topics": 20,
    "topic_counts": {
      "1": 704,
      "2": 850,
      "3": 6458,
      "4": 6950,
      "5": 363,
      "6": 509,
      "7": 10727,
      "8": 7549,
      "9": 7766,
      "10": 8508,
      "11": 4837,
      "12": 7853,
      "13": 5362,
      "14": 755,
      "15": 3402,
      "16": 8488,
      "17": 11019,
      "18": 709,
      "19": 11488,
      "20": 11508
    },
    "total_documents": 115805,
    "outliers": 0,
    "min_topic_size": 363,
    "max_topic_size": 11508,
    "mean_topic_size": 5790.25,
    "std_topic_size": 3938.059952248061,
    "imbalance_ratio": 31.702479338842974,
    "distribution_entropy": 2.7092736834641293,
    "max_possible_entropy": 2.995732273553991,
    "normalized_entropy": 0.9043777734683811
  },
  "artist_metrics": {
    "js_divergence": 0.5409235920039184,
    "specialization": 0.3640329120840291,
    "pct_specialists": 12.226277372262775,
    "pct_moderate": 44.34306569343065,
    "pct_generalists": 43.43065693430657,
    "mean_dominant_ratio": 0.3401834756382283,
    "mean_significant_topics": 5.611313868613139,
    "mean_topic_concentration": 0.254380688785404
  },
  "temporal_metrics": {
    "mean_variance": 0.001857077259050151,
    "decade_changes": {
      "1990s->2000s": 0.17872467644134538,
      "2000s->2010s": 0.3253342041491402,
      "2010s->2020s": 0.214749875600375
    },
    "biannual_changes": {
      "1992-1993->1994-1995": 0.1568386797916868,
      "1994-1995->1996-1997": 0.11586274804198453,
      "1996-1997->1998-1999": 0.07917004356231779,
      "1998-1999->2000-2001": 0.07311329275139915,
      "2000-2001->2002-2003": 0.0704991224477355,
      "2002-2003->2004-2005": 0.11228615898787003,
      "2004-2005->2006-2007": 0.07543817768803768,
      "2006-2007->2008-2009": 0.07973969249676545,
      "2008-2009->2010-2011": 0.11576453681201014,
      "2010-2011->2012-2013": 0.05552037017473063,
      "2012-2013->2014-2015": 0.18095672140080768,
      "2014-2015->2016-2017": 0.12283523914816379,
      "2016-2017->2018-2019": 0.11232093166056428,
      "2018-2019->2020-2021": 0.07615458937616615
    },
    "mean_biannual_js": 0.10189287888144569
  },
  "parameters": {
    "method": "IRAMUTEQ",
    "n_classes": 20,
    "n_documents": 115805,
    "min_docs_per_artist": 10,
    "top_artists_per_topic": 20,
    "timestamp": "20260126_124001",
    "run_dir": "/home/robin/Code_repo/psycholinguistic2125/JADT_rap_fr/results/IRAMUTEQ/evaluation_20260126_124001"
  }
}