row_0,0,1,2,3,4,5,6,7,8,9,10,11,12,13,14,15,16,17,18,19
100 Blaze,-3.3835208104159205,5.236488786033709,6.068011796366757,-1.0887519063552584,2.3801541679411247,-3.498981174298479,-2.9061573525089015,-3.144967964341243,-0.5778399689796984,0.41375491505276324,2.9045365043202493,-0.627191159499191,-0.20946538694248426,2.6422191342365253,-2.814061075162935,-2.4387800406670608,-1.2040230721671092,-1.1906343409773008,2.6759059276803305,-0.3015100397977321
10vers,0.506723152776107,-1.1698350170660698,-1.1696870584216847,-0.30278285546132017,-1.1469754279799873,-1.1322437186641696,5.088458932975602,1.9301713184503504,-1.013512499954058,-0.016683266109864925,-0.9811473607737492,0.07414358361783552,1.155985361675742,-0.935638664134928,-0.9106087793880845,-0.9048888183941253,2.574930249027138,-0.8678870157459966,-0.8529006447107653,-0.09756635719829634
113,-4.419844112701792,2.954531488493612,0.667024136891651,-1.5798861907802177,-2.1830384585578226,-4.228896185499806,7.440790235285569,1.197608080729989,-2.200417599180267,1.0130271056653752,-2.3001340058973097,6.125651524850061,9.41992372303063,-1.2053243213970692,-2.2250050170045936,-2.787969668161121,-2.944434388309707,-0.15657067049913717,-2.8716414943205946,-0.3644074071549458
13 Block,-5.078753863327169,15.71602172243564,1.6610858769324282,-5.152969942362878,-1.764504964743487,-4.439726797549484,-3.2838364596890264,-4.620162361775949,7.2569407965302695,-3.946880259089662,1.3623516574567418,5.711773191023673,1.9318531192208732,-2.6355603898180573,-1.7727447576008593,-3.826310038405525,-3.161441900077822,-1.4447386233704074,7.818894248399978,-0.46279786995109956
1995,-0.5429134376331157,-2.3219916903625744,-1.3971785765426095,8.550499441956001,3.415386403734291,-2.1869970097855145,-2.4855728565395094,-0.34518797720188577,-2.812383050885149,1.1330644581892697,-0.5187761285826091,-0.05604750206195192,-1.1177929247174194,0.09986097131775425,-1.7353333871991061,-2.112711237383247,3.79252515710224,1.3288046992495044,-1.099117194726438,-0.27073565503730895
2 Bal,-1.1534045251275116,-1.1402141328677142,-1.140069920619878,1.51369062491637,-1.1179333615047817,-1.1035746673998745,9.832894921001895,-0.9919193051664495,-0.98784979029201,0.03461194920881188,-0.9563041547387677,-0.9392158510153054,1.234738410252518,-0.9119477640347515,-0.8875516501245007,-0.8819765217776381,0.32974345971311797,-0.8459116256976652,-0.8313047180520732,-0.09509592183210737
2zer,0.859300739967883,-2.3889151916816607,-1.1755339405896819,0.0765670398437766,-2.306333818410537,-0.06005049102204585,-1.6014061842923364,-0.429951300983543,0.9916105692847087,4.542871285711844,1.5713212291104217,-0.876709154109635,-1.557708041783395,0.015319078999036149,0.5483067551053532,1.3680132910963254,3.247875489250136,0.8221410651490705,-2.404816854397006,-0.2750956078306543
3010,-2.97082451964069,-3.0064167363293444,0.5179883614069595,0.5983215961438086,1.5653367857818055,-3.7873734282193356,-4.854697997206103,-4.271471440196998,-0.5299116001063651,0.05791843563575341,6.211369914337703,-3.518769990775516,-3.037139832346778,-0.0515748308667629,-1.7373686445056487,-1.6843003528254719,4.195145981069277,5.065570836705914,16.24718611384329,-0.5445391610241213
404Billy,-1.4120653491096018,-0.6347945290704482,-0.40280177496601566,-1.2833495984444605,2.350079105480892,-2.5205186345216295,-1.530463833424557,-0.050156381691291184,0.2471782665423548,-1.321009125832837,2.7017765559352833,-1.6040673055099726,-0.3864100885857991,0.2907054563536043,0.7832247673230942,-3.050742378220052,3.2936602197261298,-0.09937316778670309,6.662922603381475,-0.3611273457523731
47ter,13.034101244485708,-2.815303789060296,-2.2955917932230547,-2.785792710705186,-1.9252589546097623,12.090126936441624,-3.7100999028290285,-3.0538841355121837,0.5555876253600952,1.4955389503046697,-2.3035691096170794,-2.8590329913038093,-1.8499285563173011,-2.432988218862369,3.334935574358528,-2.6451459013598537,-1.8218985164853951,-0.060348636830660544,-2.80939827752336,-0.3213771250460419
4Keus,-3.2385240438087832,4.215123450876024,5.8335958248278965,-3.839182970700796,-2.125396594059612,-1.8046702468972924,-1.530463833424557,-3.501343673526445,7.7111268388234055,-1.053081785325419,0.7742360356639805,4.28376456817327,1.035881918798339,-2.0193454110922153,-0.10685542818047053,-0.36362273244057575,-2.6020688025629304,-1.3445657265332076,-0.6227409121730489,-0.3611273457523731
5 Majeur,3.4324927404069507,-1.6545471520636386,-2.124842062022322,6.882602822239257,1.7559530702393793,-0.5982626373070351,-1.557370292929787,0.8558500908715673,-1.841136887683344,0.8977388399534276,-0.660224029243974,-1.7504938157619332,-1.7253528325128205,-1.6996720397329115,-1.0496822677760487,-1.64381217092786,2.2118272346987427,-0.3080385008537899,-0.9039477410346836,-0.17723809020049927
667,-2.1168731647099803,-0.18122575110804065,-1.1365595543884133,-1.5992986916204837,-0.10223768619159462,-2.0254191376784942,-2.0148639391907284,-1.8204951627461587,-1.8130262768150929,-1.8038385845195206,-0.6156128662870388,-1.7237671498570228,-1.6990100209544523,-1.6737213243719564,-1.6289465053634213,-1.6187143280749363,-1.5575098149303983,-1.552523491268835,31.901234363661672,-0.1745320062401901
A2H,-3.0324205290745394,-3.512671226414724,4.592892916121299,-2.0946778665285835,-0.25860906888473045,1.7674745254508284,-6.1044920034568735,-4.934769976754982,-2.8289578497157843,-1.9142603957197495,-4.157737856306432,1.4334300497387265,-3.3772602204027837,8.554194844366839,-2.681140632168512,18.901071456719848,-3.1451949362148284,4.765005094157575,1.9336236140876575,-0.5557857953320533
AM La Scampia,-1.6050124616230605,3.288765517346713,8.140443443820944,-2.66427786550232,-1.1060103003518174,-1.4379133143431586,-1.418335585767276,-2.3318155378046734,-0.16916353778324375,-2.310480645677586,3.0897711303631237,0.9624856026875311,-1.716694317258742,1.587843424850888,-1.1279085769616646,0.3381829171572327,-1.9949657989023861,1.5315226165720497,-1.9542408824405975,-0.2235526095217055
ASHE 22,-4.021710827982011,13.379635860568946,10.615188473325953,-2.939556166348434,-0.30647098684505986,-3.3282077312477636,-2.260475138987731,-3.4586413727479837,6.426495179722348,-2.259793826427773,-2.7346601957463426,-0.22132151772661654,-2.9180348464049533,1.2230040237382727,-3.0947304298023255,-3.075290975951215,-2.283111294279674,-2.6105032721334633,0.5513245845406083,-0.3315821050851826
Abd Al Malik,5.4734292206595905,-3.66216286898725,-3.66169968516588,-3.365378560622918,-3.3120961309066677,2.0980875777980597,7.251036269079546,12.194564334971217,-3.172795984458915,0.9614843451032064,-2.7459008184900613,-1.359093204842095,-1.627946286405509,-2.929012317686132,2.411289629760799,-1.067680841433683,-0.5243260781156968,-1.6127230177508363,-2.295469701480575,-0.30543101125797034
Abou Debeing,-3.6486545205326517,-1.0270918487674465,0.3725501824713178,-4.264430169621065,-1.1159500385932686,10.296994484133936,-2.194097128065732,-3.732292587861761,-0.21951745849387042,-2.616520435164799,1.4041015701205832,0.7105142713031734,-2.6219598435397944,7.351437797008746,-1.2435221046902372,9.337285730308649,-1.3140999788857082,-1.926198114378077,-2.4885517044117784,-0.357817217739613
Abou Tall,-1.7564451484844987,-0.8247560629226656,-1.6960442922814376,-2.8350369688541153,-2.48403383157463,8.681879882295705,-2.407062063970429,-1.9908072733687356,0.038463910617354005,-0.9426092994715234,0.5797936338328343,-0.7169858324541681,-1.7194032289319239,0.15539652281620397,4.042799467791544,2.974862751419409,-1.389189650254095,-0.20192539637176873,4.268621024925456,-0.28695126652025604
Ademo,-2.775244132015172,-0.9210209648817332,-2.0140729588156288,2.773624472738085,1.771243518152326,-2.655346891076488,-2.262937405331352,-1.9676988522736918,1.8302675084884714,1.018022731042905,1.1757629946793728,5.262652848466366,2.262076260452298,2.3630630175623866,-2.135566885043082,-1.6509326928149792,-1.5521756662448967,-1.5440656261984853,-1.000343956185334,25.99342810578412
Afrojazz,-1.794666541927886,-1.2104901095436658,-1.7739182545427792,6.175519109499813,-0.5897017382627951,-1.7171326182258826,4.145986217532184,-0.24755940070097304,-0.8864784253465247,-1.5292785645539282,-1.4879836458451334,-0.7771168704519159,-0.05190824825321703,-0.0094895367972912,-1.3810065905189994,-1.3723318401668918,0.1941997845640495,2.4825532592452615,1.7989261277909225,-0.14796670727219272
Aketo,1.281657571444643,-1.2275501684633767,-1.5966392095128534,4.00308131200273,2.2472216905355133,0.43584512395160857,-2.2213974367045446,-2.353918548882876,-2.3442612042811515,-1.0461424055129436,0.8151147389992273,-0.8828616044107336,-1.741637139372211,-0.7779055951883463,0.26764955808782076,-0.6596741612382405,3.944783418432613,3.4722187818964443,-1.4658621347192027,-0.22567163897942225
Akhenaton,2.721410781705036,-4.747308439423926,-4.923978611297257,6.719124748339345,-1.9043708635290162,-4.536783680064673,10.611125842009303,15.294692248727232,-3.8574940411355576,2.1432448714484704,-3.033007703198464,-1.840497056355525,0.23430829126533667,-4.284737417419412,-1.4221455348829084,-2.9819081783141264,0.5753080802696741,-3.2234277221650824,-3.8646927796863317,-0.46994180952660164
Al Peco,-2.159917668605579,-1.7297878370030113,-2.5222966396594115,8.659460199199483,0.3568805037818684,-2.4415543510596422,5.393864329443421,-2.1945274452104475,-0.8128555251742381,0.12498478224027636,-1.6430827127283771,0.8095684343153506,0.8814872057368411,-1.0263202386715142,-1.454361409320982,-1.9512894577328683,0.785591445896247,-1.3371683410891666,1.423135396955008,-0.21039071445716612
Aladin 135,1.4378321512303993,-3.254967811458051,-0.4081986501602413,0.9647819515223451,-1.1301818950164435,3.2680527041065117,-3.7164617079577686,-2.464458945607053,-1.4312958800705298,2.9187222607291887,-0.43857846962086783,1.286075359673396,-1.5520714195164378,0.7252339294677309,-1.5875597005686393,2.1260801341414055,0.4233330156910705,6.347583386850549,-2.4299674658703445,-0.38100880671372894
Ali (FRA),1.4230840072478192,-3.061751243257641,-3.0613639984267373,-1.400350778899877,-2.668802055587407,-2.9633654000136564,11.299400757028877,16.483880118768965,-2.6526160625677444,-2.260267186244106,-2.178486394726119,-1.7290077041086132,-0.47437565860574404,-2.448800729516536,1.392999200215176,-2.368320681436491,-0.9622752382018007,-0.9507515429780414,-2.2322546096624074,-0.2553555949554993
Alibi Montana,-2.8585098355511227,-1.342107311810862,-3.400149707652006,6.382964998421547,0.564939135286634,-0.8606600999016137,4.05598412037377,-1.2681474010509777,-2.9461676998523694,0.13913765736600991,1.0047405420576232,2.1968762931195682,9.916174343729745,-2.7197971521345905,-0.758134373849394,-2.250242025333735,-1.7407374140976017,-2.5228506733443727,-2.4792869656649126,-0.28361451042954394
Alkpote,-4.340643775467147,-1.2604125396400656,-1.0021361157896103,-0.012846109077107854,45.31509847370458,-6.88640305266185,-5.245601707112299,-5.311171503356403,-4.537308800834176,-5.681716894296676,-2.260956182539239,-1.9105340729918352,7.249076364210304,-3.993664998060213,-4.753387233558395,-4.209654669102275,0.2245722659935049,-3.193933708513839,-3.576046437295093,-0.650483036040318
Alliance Ethnik,-1.0248268140820391,-1.0131068430034806,0.961396455882509,4.951275498141914,-0.9933098581346136,-0.9805518236257839,-0.9754418101307005,-0.881343430852444,-0.8777275719990476,0.2718290235054876,-0.8496985392714114,0.363785363576374,-0.8225296894779727,-0.8102868518883571,1.7474964190085454,1.768481226319303,0.5721876722602436,-0.7516122032340671,-0.7386336252067254,-0.08449494374049352
Alonzo,-3.3142154551923215,7.4701476559845865,8.06540924673604,-4.176456499257213,-1.1796635479760775,-3.0135553117707596,-2.807211089623635,-3.3184860814853576,3.2134215632591703,-1.866350792524282,0.8731727285533057,0.014233541410040611,-0.007124157672780781,2.009279547138809,5.592508494374875,-1.9661611157803323,-3.4320742944639147,-1.4141665107415935,-1.4677134934600857,-0.5630179085307028
Aloïse Sauvage,10.464108348160243,-2.5090165900743404,-0.9142474706694529,-2.4938985393926725,-2.053482224188491,6.219304654166682,-2.001784651848566,1.4824932984582169,-2.173742142746092,-1.7003471677113555,-1.629115259527453,-2.0667242090443922,-2.03704145424013,-1.0100708019081854,1.6311209437387861,1.6660449924783662,-0.2608671899141764,-0.24972904595092835,-1.82926809002972,-0.20925652444296577
Alpha 5.20,-3.7285520572894404,-2.126028277154649,-4.545254008574386,-2.0839685685869336,-4.008267144118859,-4.399753988812608,4.533742930590786,-1.1730361783642538,-2.668822054760259,-1.3663735279689002,-3.0257509624693104,1.0625848071117983,28.281498741603965,-3.6357719427592414,-2.1254845003588883,-3.516281982946791,-2.7921956527914435,-2.4829493051886096,14.78931191609887,-0.3791303623687739
Alpha Wann,-3.4174634475754884,2.2556792236363816,-1.1627177655509469,3.0559902478903647,2.462247355825694,-3.4581661163608906,-1.6592126091957216,-2.4389131447354058,0.6812819071183595,-0.9792493635896204,-2.560402999526421,0.48187941012143337,2.3914223940846377,0.38968295966192656,-3.187130728034786,-1.2726397656492565,-0.09398513300089348,-1.3915706792841813,11.41947313666876,-0.34148225184126774
Alrima,-3.278828768576781,3.244187590690872,4.442795450101971,-3.6702789590611595,0.543692410155075,1.1513484087346941,-4.021849615011479,-2.8083063936654757,-1.6847079997777366,-1.9342462161108658,5.345158310603666,-1.6970108134565045,-2.8016457977838978,2.645515655948716,-0.17604252741497475,8.529603630060036,-3.1089296541330285,0.4505825157964586,-0.41860733202614286,-0.3483815801690092
Amalek,-1.0248268140820391,-1.0131068430034806,-1.012978707058732,-1.007002379342174,-0.9933098581346136,-0.9805518236257839,2.1000876253798926,-0.881343430852444,-0.8777275719990476,-0.8732795995924717,-0.8496985392714114,-0.8345151829710868,5.256278240767398,-0.8102868518883571,-0.7886103358433699,-0.783656704313845,8.52947088660211,-0.7516122032340671,-0.7386336252067254,-0.08449494374049352
Assaf,0.847135174658499,-1.284956078635051,0.9001223451145147,1.4765675817570758,3.217787770173589,0.4847866820167897,-1.195792885597738,-0.33738789028679234,-1.5863979922058191,2.8566278656115074,-1.5357385362914384,-0.8452965331513018,0.5313481070876963,-0.781682127021758,-0.022142588428549558,-1.4163750370572954,-0.6290490553868701,-0.6223293268615083,-1.3350006737929743,-0.15271550538343054
Assassin (FRA),-1.376279200963388,-3.5579143043360726,-3.5574643056870383,8.339752753519956,-3.2017243485978124,-2.572399674896536,16.132755422657926,6.274241089200944,-3.082477929488531,-1.4365236552374239,-2.9840432015460108,-1.5658691524464803,-1.1577045911815942,-2.8456339041940693,-2.4084335809660433,-0.20861066998652414,0.3730346182971064,-1.124180017309561,-2.208490442243327,-0.2967364922818667
Ateyaba,-4.637275988244605,-2.7667714025488053,5.473144888594485,-1.510520645932315,2.08793385132215,-3.7790440782491244,-3.5398187355661594,-2.712905342210809,2.6455970940413405,-3.8238507702530566,-3.4555024940175754,-0.6846571498371989,-3.0508145722585693,1.7974479285745517,-3.8741026213041505,-1.7717200297616957,-1.814461765937163,-1.5257029947480893,31.922424413257186,-0.41508723678368437
Axiom,0.6864668620831661,-2.805165826044931,-2.8048110336794974,0.4395523120126329,-2.3867604289666295,-2.7150250591086973,12.849633789222754,4.935723778940614,-2.0188487431700106,0.8905153629464223,0.19754322744469166,-0.14679140771529564,-0.08207414691599818,-2.2435827000501027,1.4801733577431777,-2.1698471602833274,-1.6088318359802594,-2.0811199545083476,-1.5562303139600253,-0.23395590674833774
B.e.Labeu,-1.449323979592929,-0.03683194667231449,11.830325404430049,-1.4241164222427882,0.018986302265207942,-0.6655782144059076,-1.3794830372288436,-1.2464078330600759,-1.241294236430141,-1.235003853527905,-1.2016551982078472,-0.33285624741266917,-1.163232642357263,1.472068219712516,-1.1152634324221273,-0.20594092085657487,-1.066354073941435,-1.0629401715057802,-0.08726834533345379,-0.11949389580818899
BFG,-1.175651424241447,2.6574384294325104,0.7655971164992242,-2.2451250563208274,-1.8181045542110312,2.527183547690811,-2.5436410380097247,-2.2982624858153056,5.138530787809208,1.6749274142076995,-0.8617948865260344,1.0405416234774245,-0.7462251551174093,-1.1664344453045283,0.8612134742060613,-2.043526668788312,0.06805945228890042,0.08088811037451994,0.15059205702920023,-0.2203358575003676
Bakyl,-1.2963147759084088,4.961242746278552,1.8404332610905942,-1.2737684511956162,0.3353394886594273,-1.24031085061986,-1.2338471380125222,-1.1148210569552457,1.5918533352552353,-1.104621027575983,0.786030204820539,3.681111322670034,-1.0404269047734052,-1.0249408040511565,-0.9975219390762232,-0.9912560357474044,-0.9537760789562698,-0.9507225917903654,-0.934305844848274,-0.10687858947579099
Bambi Cruz,2.910808939499354,-1.198724182419238,-1.1985725699247973,1.3263306659320322,-0.3244535353250609,-1.1602045640240304,2.3115707361532665,-1.0428196106659386,-1.0385412687737934,-0.06548493189214298,-1.0053768700024674,0.02533712482562835,0.05427582380204269,1.1273175420131618,-0.9330963329467058,-0.927235117077892,1.3495347605015235,-0.889319552079294,0.2702499875974458,-0.0999757658875031
Barack,-0.8974185888447291,-2.0101299882767374,-2.24922863859075,-3.902505291670179,-1.8856391979239642,10.58713254688692,-2.2700403616399614,-3.6267398194798983,1.3717206462474563,1.13713173063404,3.653444199595713,-2.56043461057743,-2.20293901997434,2.663845575315864,0.7608462222729903,4.217662079693268,-2.1359677302076356,-1.4762852571821266,1.8955560766681947,-0.347697808007483
Bastard Prod,0.3909190002576815,-1.2356991301471383,-1.235401777631967,0.46149979618977854,-1.7582800363568958,-0.5834217402673786,1.169127087935166,2.285856676220149,-1.5536852419033729,1.6887346469589997,-1.5040704230471524,-0.1232757385102339,-0.7691547787096364,-1.4343069121432317,0.7531575642941493,-1.3871682912406784,8.40516160291245,-1.3304456018835025,-1.3074719301166247,-0.14956639384842452
Beat de Boul,-1.0532482573796862,-0.1459608572352601,-1.4441260710418466,11.203549368971537,1.2667657467237334,-2.2360021847624436,0.47306819399897676,-1.5122034234225559,-0.5026710530395503,0.017269524340802766,-0.9054117433596858,-0.8520083031514484,0.2569306205204642,0.3170704030770311,-1.7983082499323528,-1.78701223206317,0.02530548482352876,-1.7139395267867292,-1.6843438153498687,-0.19267811788599049
Bedjik,-0.04602959504255505,-0.006184338139981546,0.5706471910237428,-0.5650623768470351,0.6499873868889338,0.7024300350016603,-1.6706369224689233,-1.5094748468611483,1.1575628108296598,-1.4956639417938122,-0.08096763650025122,0.6696981327258293,-0.6988928552757712,0.05337793442493812,0.13011623282709622,2.383151766123244,-1.2914189158429035,2.596860870088067,-1.2650560942368072,-0.14471429454369808
Beeby,-3.1129034301840948,-0.36922704113363086,-1.0740263115471427,-2.7893086215481624,5.428326572743991,-4.2062192139777,-4.3542978418353755,-0.869874296240352,2.8345784192845773,1.2605766391397306,1.5629344014814197,-1.4518048652938904,-1.1205215867739322,-0.11666515562159552,0.5794267781137449,-1.8716398139075472,1.238815069147939,-0.6336772628964178,12.333951416408611,-0.47246703893538766
Beendo Z,-2.8465896441156353,4.572913852365045,3.0994564532759163,-2.4798865271009114,1.7896839277258754,-3.2815540592465524,-2.3454624905547625,-2.9495392731434644,13.062897807920626,-1.553885944837403,0.6729902579180502,-0.6444573368310038,-2.026154332543387,1.3446998921913151,-2.2602915594968858,-2.241318422557974,-0.5420433633295915,-0.527600790955609,-1.6628600866913146,-0.28277416929122545
Bekar,11.988425225695183,-2.8623552536205694,-1.509832059603635,-1.4662632403375222,-2.284672305474226,3.151251008937098,-2.870391156930794,0.5401779667196656,-0.9859022028434031,0.6161600986810236,-1.037325390414766,-1.195401422376327,-3.3266861692134357,-0.45234311570660884,0.5959743669916985,-0.5215959792323592,-0.5799875599363973,3.993902949660235,-2.9275575417760322,-0.37023829591226226
Benab,-0.6783164252110013,4.575356215143406,6.295043964590299,-4.629291177523498,-2.595403653409046,-0.7363667706193875,-2.9231689557774243,-4.0516243581642,1.9129507105717949,-0.5272427978156334,0.9579753968859617,-0.44771272948969965,-3.252326290855522,1.3757419338213428,3.546457727212322,3.059401618252112,-2.88935582753702,4.648404397668672,-3.395573034259669,-0.3884317537066028
Benash,-0.4933647999072454,-0.10027513899038756,-0.7552171292863017,-3.032175409660076,-1.6535764675641635,0.7730874865066197,-0.21340902690681082,-1.9001700345572674,0.3840409318395706,2.314336552774597,2.5225445978464895,-2.1148385316647134,6.002273968522476,-2.029985388224422,0.573316057282588,0.6068660410483812,-1.8299981726999852,-1.3794572009796082,3.6209871402025064,-0.2544219333454365
Benjamin Epps,-1.623124819924045,1.762565774302477,-1.950106522444148,-1.9298116846379132,-1.8831136772056893,-2.6066207902644134,1.2634454531613712,-1.0624249605863099,1.0953673337204373,1.1246549859757324,-2.2587708518710916,-1.316861467289156,-1.2718632901953317,-2.154001964367308,-1.1423528049032483,-2.08321050323773,0.49001528091935354,-1.9980259564286458,20.95444471459243,-0.22461462314776262
Beny,-2.5536595322017424,1.3222535975506216,2.370216296973488,-0.3905686078039149,1.4617111798718603,-2.7734193752887073,-2.7589660745120552,-0.4870516348667273,0.7398545888801926,-0.8505795618481204,-1.571124923100953,4.841909380863898,-0.6071187610649934,-0.11018158153892171,-1.7822022938377653,-2.21651587912839,3.9628281832557857,1.6372665460906344,0.7827806544665631,-0.23898779224402508
Bigflo,1.4013092932249491,-0.8675728683457573,-0.8674631392782899,1.4569112003004132,-0.8506197433456569,-0.8396944153112827,-0.8353184611895685,0.5702266884354995,-0.7516409868512482,0.5893668101693834,-0.7276383572278962,-0.7146361076940688,-0.7043723442611884,-0.69388820451014,3.7669764242995756,0.8190440046573412,0.9029746872769372,-0.6436422372795856,-0.6325280470591177,-0.07235714675358651
Bigflo & Oli,6.6416497454377685,-3.2474248335532514,-4.531147475505605,7.691127099468841,-1.59975961261292,3.2574802624572525,-1.0539004747047014,0.954614974980804,-3.45042741656273,1.4763529548756822,-1.726178966510294,-0.7016576940429303,-2.842215256617119,-2.9818925026891545,1.8873984150221639,0.29215803155547937,1.6148863876398212,0.6566956428629924,-3.973089146193733,-0.4544958889865985
Bimbim,-1.775052111005372,0.5247711914907051,2.235140523780483,-0.024172616128172474,1.1857310552145393,-1.109564195751466,-1.689514775032516,-1.5265316012190089,-0.862490314432416,-0.8514358639478135,1.9256619272987345,2.013773019099088,-0.72274293396947,0.7341193362205808,0.09830874855797844,0.8528830543728868,-1.3060116831664421,1.7707660448147018,-1.279350967115001,-0.14634953622450425
Bisso Na Bisso,-1.863682678130015,-2.865498875139167,-2.167089418766616,-2.1460430626141473,0.037972604531137495,-1.6917221654505075,9.564491003722042,3.1233236214977476,-0.4685615592951432,-2.0651506707994343,-1.9872176597895306,-1.9367021584679909,4.55092081007703,-0.11018158153892171,-1.7822022938377653,2.295069214378272,-1.6638207378602041,1.6372665460906344,0.3041219818968286,-0.23898779224402508
Black Kent,-1.9753708837051323,-4.243942783046971,-0.39008951794812907,1.6009176326035603,0.22200305745220594,-3.195014835135554,-0.7191452738123804,-3.572306093688482,-0.8360185215031364,1.6839679256582412,-0.6008162168260646,-2.809049194373894,-1.9477346922617698,-0.7929302642164948,0.7628060622332619,0.2600409619876631,-1.1765844397658334,-2.0235841583002707,24.18991845743508,-0.38965516383500104
Black M,2.5192640775236357,-2.9515306399801355,-2.2671621328574427,-2.554992424043901,-1.7340657026272606,6.509141692329286,-3.8634600708452664,-3.71923061738237,-3.101262604826702,-0.09340673471396348,-1.6524090442264476,-3.164135308535904,-2.229234006462669,4.713079829857757,4.2189646640424945,7.615085289386065,-3.2103353885157437,-2.0416259166181936,9.78681994346418,-0.4883193765677193
Blackapar,-0.7725043416055442,-1.8310814344731452,-1.2846554050270633,8.06979929386035,0.43273872125492885,-1.77224174546207,-1.195792885597738,0.9181574868219473,-1.5863979922058191,-0.3112197251446805,-1.5357385362914384,-0.8452965331513018,2.549329982502656,-1.4645061588174602,-0.022142588428549558,-1.4163750370572954,0.10472297728175985,-1.3584580548516043,3.159379080051101,-0.15271550538343054
Blacko (FRA),15.100207109468158,-3.410625854818843,-3.410194484949939,-3.09509645780387,-2.7458894410978725,-1.4834144566337721,0.3704470372256994,4.110707083376775,-1.6011744637457246,1.141878153083234,-1.8117480612127976,-2.8093967373687816,-2.4079125495914147,-2.7278320209015137,13.54186518190663,-2.2591326200306825,-2.53843043293787,-2.530303719636079,-2.486611315346315,-0.2844523690076024
Bolémvn,-3.6370088824769895,3.807595067757014,9.179094255601,-3.767780314213289,1.3218064176863173,-2.708285346571225,-4.071395824874933,-3.8885793722547146,5.68161506294429,-2.036235176330097,1.5858557580948298,0.9351275198425247,-1.4246758008833462,3.6975139133938204,0.25681154037304293,0.5915049459823192,-1.8239158145838776,-2.1099887197382627,-2.338380903668348,-0.37280052922629414
Booba,-4.263497028299652,6.43187785471616,-2.9769383525254116,1.2277745005427296,2.479555886610927,-5.215373823169396,-1.6615491213699491,-1.8602319067342228,0.38700844101376974,-2.4509472250459807,-1.1461041483372232,1.0022540033273626,13.312714936079614,-2.8658729536265355,-4.916295403039979,-2.409555882674807,0.27205133899074607,-2.2710622949937687,8.351704570755265,-0.5672290211235314
Boostee,7.235047771606804,-3.3498976896888317,-3.05091966049284,-3.3297129195876245,-3.284437788468062,20.198240651271938,-3.2253560310646168,-1.1984857834873444,-2.9022581240712584,0.9219063598919471,-1.7418026335731596,-2.396972741224371,-2.719743061232412,-1.1863126261546046,0.07688777351301959,1.6539182949467661,-0.48780328406466467,-0.8757543014498648,-2.442335763291755,-0.2793875301207152
Bosh,-3.3937945755254364,5.755740999690843,1.8944035488758224,-2.770066590386448,-1.3026450396161817,1.3377592860303722,-2.3436645655559656,-2.5189118380602933,9.597571004977684,-1.8440697155614503,1.5653287693719742,-1.3109763591711638,-1.923324597261792,0.20558015720606537,0.014035441096136613,-1.3770069838812498,-1.5856219962256584,-1.5734137537703545,1.141513073288854,-0.3022983026857367
Bouga,-0.9166329685698819,2.4045587147346525,0.19767356985628343,0.20956922075279655,0.2371208264232002,-0.8770322132240527,-0.8724616782076139,-0.7882975291508946,-0.7850634066735468,0.49918534220490346,-0.7599934776641022,-0.7464130709382125,4.7013581819167,-0.7247425928248702,-0.7053545274677083,-0.7009238647334173,0.8083306487981793,-0.6722623916450294,-0.6606539985565996,-0.07557457505118591
Boyya,0.09408824135594965,-0.943151143038634,-0.9430318549659196,-0.9374681966449278,-0.9247211531150452,6.75549736390658,-0.9080869056855644,-0.8204860819533683,-0.817119900553787,-0.8129790635941798,-0.79102629113996,0.5102899117441568,-0.7657334684577696,-0.7543360069297536,-0.7341562687051898,4.753327109390483,-0.7019601874144867,-0.6997128817095764,-0.6876304831093699,-0.07866051170704783
BraSco (FRA),-0.7565120202426765,-2.233542871606243,-1.8508275625537531,-1.0616482304620203,0.5545399092504305,-0.9518540228611974,4.231255504187077,1.679348984487218,-2.2662828460312765,5.7281776981254335,0.08512158425419299,1.558089511315898,-0.24031277579728186,-2.0921516554783888,3.8571964041320173,-2.02339291010757,-0.40596600005216504,-1.9406543641005365,-1.9071438197315362,-0.2181650079291538
Bridjahting,-0.8367675897211213,0.38170173521583384,-0.8270936508458924,-0.8222139996986995,-0.8110341029481668,-0.8006172113920819,-0.7964449028447428,-0.7196138978909717,0.6786972152597607,-0.7130298072378123,2.188999090035106,2.2538461038304045,0.817405088147994,-0.6615964441123429,-0.6438976428744932,-0.6398530196672968,-0.6156598115873991,1.0158016078026748,2.713152731567225,-0.06898983242821205
Busta Flex,-2.8125447730252744,-3.4696061233809194,-2.3453089307295087,26.33195964379461,0.8727265678649058,-4.5897610717011466,-1.6432413106186565,-3.7861648980860476,-0.3062477938857739,-2.2154237572681743,-2.4712097205594192,-1.218251021606135,-1.5698578686569247,0.4090305611226166,-2.234003366976803,0.708520237904693,-2.2149407240349097,-1.4395418302856635,1.4977248392748987,-0.4455055533574354
Butter Bullets,-0.7809149717167563,-2.108488311601597,0.018188403009009365,6.246255249787154,10.06087680740788,-1.6578396663371995,-2.8501888501676507,-2.868948610817548,0.6933950660048945,-3.1017209997842445,-1.5799686395890236,-3.2009792853236654,-1.401311462550935,1.3382777750145392,-1.17196747178137,3.13677732839943,0.3392968978721532,-1.5494870434235475,-1.1433359937207361,-0.35313091532176377
Cabadzi,12.655011349629099,-3.0729052009380973,-3.0725165453745404,-3.054389445900335,-2.680947205973516,6.44025898805972,-1.9446894721827719,2.5638299055244005,-2.2866615848887863,2.6366476894532203,-1.025229364928516,-1.346005903062648,-2.4948560739026844,-1.2370790343845597,0.5344801468454168,-0.27341107581268326,-0.5381156351810985,-1.4024645458527716,-2.2403867116753458,-0.25628585521429836
Caballero,0.11566110288122386,-2.101476680856441,-0.04789900264728239,9.032489375212108,4.2909996715290015,-1.6515125698697664,-1.887226014694545,-0.7361951970044179,-0.11905291036265114,-0.08534875593291703,-1.739268227307991,-1.3415436397021927,-1.584224015207693,-2.1548446439136852,-1.7153854168221268,-1.6879942043921312,2.9596622624755873,0.9127309706105792,-2.1377465824517503,-0.3250585409462357
Calbo,1.1422383250470822,-0.943151143038634,0.11737771086332001,1.1959375092021176,-0.9247211531150452,-0.9128440693570855,4.597994030058012,-0.8204860819533683,-0.817119900553787,0.4170649124803084,-0.79102629113996,1.797471179158267,-0.7657334684577696,-0.7543360069297536,-0.7341562687051898,-0.7295446887206881,-0.7019601874144867,-0.6997128817095764,-0.6876304831093699,-0.07866051170704783
Canardo,5.128083769161668,-1.2826727659996333,-3.220050885109979,-1.4230887722708383,1.2676914149521907,4.2186499528222585,1.0719411305572097,-2.260168416033321,-1.1139599460891665,0.9495487064929223,-0.6294200301157736,-0.720131168410631,-1.0851369161971745,-1.7029293697498677,0.4661121818401127,-0.48264616224190887,-2.5377317432011934,1.6589428934647574,0.7580273964559201,-0.4302886545710809
Caribbean Dandee,1.6976787983990276,-1.5252782514124275,0.4420177012952935,1.1222820855094708,0.5105812862603408,-0.7988801264333444,0.5742291488196729,2.4412720108748927,-1.3214586255071747,0.20642586178747815,-1.2792596468702508,-1.2564004160727067,-1.2383557126117632,-1.2199235659544936,-1.1872885889865683,-1.179830672292858,3.269209688835712,0.6358442705116402,-0.21280332323177029,-0.12721096637793233
Carré rouge,-1.4249638584512645,1.430894213900102,-1.4084897341733813,0.028207803484791433,-1.3811413095734697,-1.363401982470312,0.11830669996116985,-1.2254583102250889,0.41833511196881007,2.9035356996890975,-1.1814578740679988,4.010523952289187,1.4794276660387804,-1.126658146595532,-0.18454058591263323,-1.0896304290190957,2.7667944007244176,-1.0450743584026512,-1.0270283779816685,-0.11748545198266484
Casey (FRA),-1.4463833476880295,-2.8173358000020228,-2.816979468400011,2.1989972937920315,-1.676224306736394,-2.7268039649956335,12.033441376190027,4.485263850683099,-1.6214784378318248,-0.3696011619634183,-1.939709799894263,-1.0279749912192238,1.6473009383790538,-1.8095259550026337,-2.1930363483654824,-2.179260858107022,6.010491961774456,-2.0901487168770676,-2.054056756036363,-0.2349709046037066
Casseurs Flowters,1.628095923371688,-3.051381110191749,-0.9610392796739019,0.2742013786390017,6.154011649836491,-2.933825050195243,-2.295226156695079,-2.571068496860753,1.2324533615577509,1.268220632633527,-2.0977279123091104,-1.3097695521075141,-1.616697688041888,3.6657708717080517,-2.224090357375405,2.4257593007414986,3.5230545708788674,0.733741596163542,-1.2140034246184117,-0.2793875301207152
Chiens de Paille,4.510379234917621,-2.7768363220976973,-3.0730853623483227,4.411344871633384,-2.699151320168344,-2.0357068562513954,2.3020949777719277,9.346671850687885,-2.234946508784034,1.9139997817165333,-2.119108825206944,-0.975091725250468,0.5528645503495252,-2.6955488480587397,-0.3363636370079317,-2.223370766080801,1.0795717802079594,-1.7004728632461852,-2.457182925961908,-0.2810859502050006
Chilla,12.844408806219006,-2.6029389424176745,-2.087910268556817,-2.054286293401421,-0.40308634892669465,4.207015979025153,-2.141633292002655,0.164248330172331,-0.6977126287495231,0.22795526411451636,-2.3416585394196407,-2.8910178060545833,-3.1571999717753427,-0.8595530025427868,1.92839125626382,1.3138333401965825,-0.8211843677607173,0.23460462054229786,-2.835173113536602,-0.3243256007999497
Cookiesan,2.984779094723453,-2.800621189405369,-2.505139037701033,-2.1831571861903707,21.643782718172233,0.37524993765111786,-3.2644526831418226,-0.23725126506345626,-2.937438294887272,-1.553885944837403,-1.4369850227310708,-2.434761206716271,-2.026154332543387,-1.6054371029969672,0.013128952963485872,-1.4787213550863754,-2.1271721218495023,-0.527600790955609,-0.8537792593186364,-0.28277416929122545
Cuizinier,-2.0225994419674924,-2.350594365350422,-0.1427854700005569,0.2586211521969095,0.3361744217499255,6.8706448094406385,-2.617385034775666,-2.3648925876218247,-2.3551902201904777,-1.4897414834577771,-1.4027799226428483,-1.3460787197529596,-2.207078759161906,7.484373866341082,-2.1160635825921554,6.457359257486715,-1.5290138722204802,3.4374323554929744,-1.9819619958716188,-0.22672372691781945
Cut Killer,1.902497060051297,-1.0131068430034806,-1.012978707058732,3.9582291852279,0.013425343081045874,-0.9805518236257839,-0.9754418101307005,-0.881343430852444,-0.8777275719990476,0.2718290235054876,-0.8496985392714114,-0.8345151829710868,-0.8225296894779727,5.360367389367146,-0.7886103358433699,-0.783656704313845,-0.7540261967967345,-0.7516122032340671,-0.7386336252067254,-0.08449494374049352
D. Ace,0.12411333275255729,-4.575834754324698,-3.7009879939032917,6.664808494550752,3.9835879789125475,3.699825236272577,1.4957095590661011,-1.7198027091075105,-0.9374176936997097,-1.408972899099855,-0.4504030129368598,-3.5038930479628134,-2.638370579994393,0.16560557700815734,2.333920703594827,0.9809306659988383,3.347797975148925,-2.5110434251563856,-2.4368960971412226,-0.38163290018192475
DTF,2.5433238686733217,-2.9194808344219094,4.405672032148323,-4.614664628552848,-3.453479455436446,-2.490538917334444,-4.47003593117239,-3.791226097967641,3.436253354023081,3.4946257669293472,1.7561884042717195,0.3596208796492376,-3.504003635290367,0.5957500463255136,-0.293323365107044,-1.0850164697988776,-0.8507497903060213,16.00799692712941,-2.2031063119818257,-0.3872044781144614
Dabs,-3.369025121759151,2.5729518231930273,5.6334033651250275,-3.751195768128429,-0.8075734420583047,-1.4396186446588006,-3.603474295725525,-3.4269859876329494,3.1070095654407206,-2.844749809532374,6.53438258526056,1.069151335964966,-2.581318272703751,-0.1634256956638002,1.2254994701622295,4.01247977701935,-1.89882207848303,1.921036113407684,-1.16247225966687,-0.35447618082415816
Daddy Lord C,-1.799904910340535,-1.3185450185723033,-2.2193251525995525,2.3263838775019754,0.1213153828525255,-2.148281410499118,-1.2012321273188402,-0.8951546200915452,0.1570732898535581,1.7454175619762873,2.4357910775145157,1.453350038981413,1.527427965646824,-0.6486473731886542,-0.5701896152341638,0.6128667069886571,5.006652850728467,-1.646699832945206,-1.6182651931475696,-0.1851191477535589
Dadinho,-1.7148632589779043,4.793458840321915,5.38445145723612,-1.6850372748940123,-0.4588465900249037,-1.6407770296004212,-1.6322263415479363,-1.4747696365463046,1.2547423168422787,-0.09260967881511553,0.6881576757211133,-0.6802894423794726,-1.376355423712801,1.5942677570594754,-1.3195974890917228,-1.3113084781182893,-1.2617271557100187,-1.257687771873859,1.1912720250567947,-0.14138708438038342
Dadju,-4.166977159185207,-4.304285820558308,-3.693096075823699,-4.066267333751919,-4.6111355657271105,32.45334188239916,-4.520654129553105,-3.3399367188768383,0.6739816308286196,-1.8758760557912981,-2.4237765821464534,-4.048330549077163,-3.4889579451908084,-1.1323807649284694,1.9250298351854018,13.296408263502027,-2.837719446555728,-1.7263297555033306,-2.1877963537751786,-0.40989483623252554
Dadoo,-1.8185044412251528,-0.8926647606576152,-0.4447217277100715,-0.42091462163470983,2.8285726911405527,0.14829688129452764,2.0305222149938995,-1.4299630365771197,-1.4198674590445222,-0.8883486074962944,-1.3409979448772342,1.418142299964258,0.940970495615698,4.925619515255355,-0.015295876009865175,-0.5719075840984549,-1.0622505681278622,-0.4518929041934448,-1.629464393856258,-0.1864002644119671
Dala,-1.6943252335551016,9.071648016929291,0.11658904039547255,-1.6648564597712878,-0.42435445057592996,-1.621126296417604,-1.6126780155090552,-0.7708157309017338,-0.0728919001579947,-1.4437753201067425,2.1544635524280595,0.7947194760863963,-0.6245079484765259,-0.5931563130649078,-1.3037933562329755,-1.2956036184331874,1.159898607169915,-1.2426250995014576,0.41660856990810385,-0.13969376479191326
Damso,-0.20735578591957057,-2.3675943181577543,1.1428473182580527,-4.192393270596712,-2.013029749156298,1.9224324196779752,-3.5925433663928303,-2.79085064030304,0.5678503762559979,0.613390618436308,-0.1253820116394097,2.023591384447412,-3.4247796043022367,1.2869454169862211,1.5324791394406945,1.8565449726318692,-0.2776085648376186,2.5269289687268457,8.925169968464868,-0.4040472493305903
Dandyguel,2.093861739618695,-3.5557398557319133,-3.8171962520771974,12.016952032959216,-0.8043207366512504,-1.800551657037872,1.2212182323298406,-2.7189566615184404,-1.493488926675006,1.875195021773281,-1.3280275773615007,-1.5547144276479874,-0.5184923553007507,-2.070881850818718,-0.2796600322846673,-1.598510560628455,1.0299583808586819,0.34534688874386205,2.246462395950172,-0.31840134684305293
Dany Dan,-1.6541284871046267,-2.1525965894414387,-2.9952661139056183,9.470822171237055,-0.6217372807114414,-1.1204244103111736,-0.5064757010017359,-0.5105095125491644,-1.460406299351339,-0.4583235501217829,-1.6435800346981888,2.1874734465325156,-1.1577045911815942,2.777014875826661,0.11909072389278753,1.2448186039964295,2.63885031468813,-1.8818776637109402,-2.208490442243327,-0.2967364922818667
Darryl Zeuja,2.7766831232920697,-0.6100956168943643,-0.2918631042676334,3.257046765479141,-1.1455256834414866,0.23147064056887015,-2.703040469993375,-1.2804649288273047,-1.263209254866812,3.9143640516210745,-2.2632932114863693,2.030353785664441,-2.166318761470453,-1.3284697663536116,-1.228342847249875,0.43650030985879923,0.6415233592958224,2.7982444228813255,-2.2965052680754474,-0.26270545776183496
Davodka,5.183555744365504,-4.1814300738827015,-3.7270943500799416,4.290691063448851,-2.008462996274938,-4.0322437571928935,3.2949839108311028,5.552425589318936,-3.557373329065194,3.3056835376169253,-1.8039457072952731,-2.2542172011604142,-2.7408118689962233,-2.107621325209738,-1.9743212363094085,-2.2368213392581544,6.77710129737371,5.902603894907927,-3.213975892837741,-0.36765820666568405
Deen Burbigo,-0.3453401709824715,-2.1326850786851987,2.1037292618375387,2.1665074118454344,1.592137437145806,-2.411992124795298,-2.137273166211372,-0.992871486340645,2.0207242309050177,0.7036594471129691,-1.3204480585035352,4.211121876142994,-0.26295189306279376,-3.105169680978481,-1.797104171422404,-1.7667693171262007,3.1591591598744313,1.2867578346265445,-0.8397606484515004,-0.35447618082415816
Def Bond,1.8888991896749228,-2.6158306206958164,-1.4684914562760683,-1.0616482304620203,0.9444467761021278,1.4180258260108463,-1.7244816383305592,-0.5178554254751574,-1.8250316572259013,-0.03730491710984424,-1.7381054389297816,-1.2265093251717738,-1.1820376510017951,6.511431145249749,1.4016215975278064,2.4245815563551507,3.1895169600734863,-1.425364254500349,-1.9071438197315362,-0.2181650079291538
Demi Portion,0.4871282719411378,-4.524612080155342,-4.707546447117157,9.930451789487853,-2.5261670223281816,-3.3701276367741504,7.734230264324139,7.513288728259236,-2.5953112307255393,5.325266040225035,-3.0319083131798474,-2.0303053856252378,-1.9301610291103017,-4.353485582812785,-0.6968008005934934,-2.785367825288073,5.081863904200908,-1.0666486596037585,-3.7165254229568254,-0.4539719742427622
Demon One,1.1089926657521922,-1.6573212648538258,-2.4674575529255462,7.739116816837577,0.060255397549789855,-2.388470741178836,0.5700751993810422,0.6480237927450112,-0.7348309868834249,2.573904026117859,-2.0697326250405284,-1.5408035354290126,0.991125553676838,-0.9604230877358318,0.6819727645924368,-1.3849935531367787,-1.2922320165591468,0.900222453343964,-1.7991958811435107,-0.2058164568211388
Denzo,-2.849927716955162,2.861788427854285,-0.3320483290588895,-2.086166079850708,3.7540672555878474,-1.6266148650562633,-2.343942719880338,-1.6348953886061468,7.801424765698463,-0.7813793327293724,2.2923496831578984,0.26474256535520474,-0.975807849187618,-1.8095259550026337,-0.8250699659689539,-2.179260858107022,-1.1430554402781345,0.7804604179730973,0.8669920330125671,-0.2349709046037066
Despo Rutti,-1.718311202370177,-2.850357010461166,-3.462581310555107,-1.3694216183767525,1.24586316079061,-2.6252585266895343,7.3853749712552474,-0.7339277572733045,-3.060533568552698,-0.6624411262505849,1.0119842596395834,0.43420075374644773,5.590893396182792,-0.0817169742883939,1.4408899515788915,-0.6153650344928266,0.47599275439353994,-3.6306318683403584,4.840275222267412,-0.4081493570331174
Diamond Deuklo,3.712590047618829,-1.4020073488300515,0.15918219552421914,-1.910652676826136,-1.3540769050337915,2.4395310435936874,-0.770139815110939,2.5137914872737284,-1.0649041640210872,0.15364416732846348,0.24863366308942392,0.9428581336168088,-0.9198777398903106,0.4139209995644897,-1.496282908656105,-1.486884053663141,-0.7316880366463038,1.3788001967350796,-1.4014587673170074,-0.16031788460353694
Diam’s,5.147252232902716,-4.427813375550043,-4.427102320691726,-0.3895677760928345,-3.5058148317835536,5.211920838441714,5.290046807663277,0.661482019565171,-3.6642686051808036,2.133207130785118,-3.2652336280538057,-2.2062550368619553,-2.1186450395178644,-0.03769537589674039,1.2019046665273068,4.346159873108733,4.281867392601553,-2.1183794009910275,-3.6635036449546927,13.897949942859759
Dibson,0.012967229742806247,2.0633565552424633,2.9078148997992885,-3.253708778080298,-3.2017243485978124,0.04115580135711597,-2.2579737140185423,-1.4797595985134657,-0.48716332126902384,1.498076660109499,1.0373462989974547,1.5050475194454256,-1.5038895403032697,-0.03430951418370425,2.2855401280575,1.608175922492168,-1.1375091792969092,3.8008546842994035,-2.59399604201594,-0.2967364922818667
Dicidens,0.3072553359038179,-1.284956078635051,-1.8308498425624578,3.124875509782895,-1.2382907080962673,-1.77224174546207,5.043550787464788,2.173702863930687,-1.5863979922058191,1.5894888293090326,-1.5357385362914384,-0.8452965331513018,2.549329982502656,-1.4645061588174602,-1.4253281921847716,-1.4163750370572954,0.10472297728175985,0.11379940112858762,-1.3350006737929743,-0.15271550538343054
Diddi Trix,-3.760802572047014,4.082531083225161,7.312116946795455,-3.6953923201996792,-1.9991198486022819,-2.764606007649437,-3.3002118324583853,-3.2342622149547995,12.612632792567398,-2.580581267555316,0.7303190792012604,-0.4501009216457507,-2.687136025050874,5.09777345464154,-0.12958172551366398,-0.441660831117717,-2.40565056586527,-2.395631228495117,-0.12806909492178725,-0.31007073529301354
Dika,-1.9602075992841597,12.04877320381447,1.1514536875783348,-1.8906695836926404,1.6367509073739257,-2.8419091791950604,-2.8270989530486696,-2.554375939997235,2.173277443211096,-2.1359047253616374,2.0040539221629396,1.3024219328233808,0.13294807369005918,-1.4968032146399648,-2.285609896690933,-0.9503960419800872,-1.7277882813102332,0.11690545629901926,-1.673640594749198,-0.2448896140891993
Dinos,5.924735561640919,-3.419913137651506,-1.1507698862902869,-3.2030590623068056,-2.253141446639267,5.405169272958139,-2.7475947542505788,-2.0191061810343127,-0.3005880854006518,3.886389397871516,-0.34953068178701524,-1.3490331112918257,-1.4210648165675686,-2.1023012929897713,2.477658320060729,0.04099316758685892,-0.67736316617435,0.6599414814158494,3.274992393741426,-0.51488790738464
Disiz,2.147153499417967,-6.572297297804422,-5.390243816043263,14.467380116451514,-3.190863135618606,0.7564238456301852,5.606818150110884,0.7593617717226142,-3.877539053623968,-0.17719134847547996,-3.889615020988086,-4.048404722201337,0.11424797059593587,1.4498673901481083,2.1574605902712802,3.6027943675541083,-1.794582528415285,-2.1176597907150376,-1.2380522599651949,-0.6356805737651093
Djadja & Dinaz,-3.452104059530698,2.908805574328094,-2.2228387146918562,-6.1966795082084305,-2.8403956088603217,-1.06201616351619,-5.002879996395388,-5.423425892305453,7.188676866767947,4.674942491819421,16.382809871375308,-2.409016727109875,-3.678523827074394,1.431574965925154,2.9777714156761266,3.0577523495299954,-3.5623741980028267,4.671956721699701,-4.545248296802312,-0.5199472222805442
Doc Gynéco,-2.51634466020981,-2.169652834800946,-1.573780761764801,-0.6451164939897867,1.5622372465150882,-0.7921905397629162,4.492383972763394,0.1558528921315153,-0.5064979324680209,0.2110283968332644,0.02062938518882187,2.6517443913701078,-1.6283246275484202,5.49888047181261,-1.8508596322757458,1.6331467120374836,-1.3012163964063355,-0.8882044411294467,-2.0415691050267584,-0.2802380268536031
Don Choa,-1.2503420785309902,-1.1922694213119567,-1.8333303565751413,-1.8073257538762357,-0.4385900820208114,-1.3596576611646498,1.9967092282476002,3.188616593742597,-0.10855928636240597,1.7792075306318198,-1.8493390411924817,2.884862645816373,1.81577365109661,-0.8886494728100673,-1.6021231945903227,-1.1669318423466746,1.9903907437892674,2.4440838243566785,-1.3925842168443494,-0.2599736109960267
Doomams,-1.2125914392103219,-0.3645039217482384,-0.3642467852181326,-0.3522239670951057,1.3772395420843453,-1.1602045640240304,2.3115707361532665,-1.0428196106659386,3.775903905311514,-0.06548493189214298,1.978578788034342,-0.9874116805532397,-0.9732302534045179,0.08428660469933628,-0.9330963329467058,-0.927235117077892,0.2286794663598879,-0.889319552079294,-0.8739630914635017,-0.0999757658875031
Dooz Kawa,7.462330175628244,-3.18522340956402,-4.106758349698223,0.09486079484149817,0.6844777177649003,-1.3402894379434156,2.5274376652894244,16.100774561698113,-3.4921204561074037,-1.332202048519087,-2.2638827083834463,-1.334278833993305,-1.534276588215973,-3.1812101541796305,-1.303553473568409,-1.8652900297930732,0.7980314881398063,-1.6645530488259226,-2.8464487230553206,-0.3617857370848128
Dosseh,-4.323167124977472,3.0398236094447673,2.8764404091964786,-0.693038671312113,5.024940460577961,-3.6360685017722023,-0.6757128319307699,-3.9336138637909914,0.6719278529870558,0.728613544045759,1.0344021859626435,1.8381704600229685,0.17701264100797495,-2.566039393133942,-0.25082744751570774,-2.7570943046754124,1.4926219316110416,-1.5926151105372344,3.52304695958597,-0.5046171257481195
Doudou Masta,-0.8776092519672206,-0.8675728683457573,-0.8674631392782899,1.4569112003004132,1.5006071302009034,-0.8396944153112827,-0.8353184611895685,-0.754737423380888,-0.7516409868512482,1.9265655911855277,-0.7276383572278962,-0.7146361076940688,-0.7043723442611884,-0.69388820451014,-0.6753255451700767,6.779554057538313,-0.6457094578633761,-0.6436422372795856,-0.6325280470591177,-0.07235714675358651
Doums,-0.8698097345260569,2.3023266284741517,1.2648962288574528,-2.1754596930509806,1.050235662173606,-0.2932492299578494,-1.7034482402620164,-1.319950045054617,4.6876297825765345,-0.8844067559652801,0.05275305815713697,-0.2790727008944663,-1.0668759195227882,-1.0126373879110597,-0.9151339962205632,-2.234910517180446,-1.2203508965818803,0.6556076639535766,4.064838164227216,-0.24097112743515114
Dr Bériz,3.9131229400074323,-2.467769672027796,-1.6569066287178142,-2.452900154177651,-2.4195473160242074,5.147732105836376,-1.1134097992690057,2.0454430026437893,-0.26710566220000387,1.6336887416016295,0.34603834913801945,-2.032748345985876,-2.003553560117173,-0.9604230877358318,1.7231344002698814,2.8059784510994774,-1.2922320165591468,-1.2846032417102253,0.4240195240263601,-0.2058164568211388
Driks,-0.16032797637083027,-1.7933231228495423,-1.7930963065426964,-1.782517474944497,-1.1895424181788357,7.482503353152557,-1.7266514042291938,-1.5600857546775557,1.6644698032378942,-1.5458117862841783,-1.5040704230471524,-0.8002348811842149,1.2913155849905382,2.0516973435886467,0.03679276772835669,4.379976221866004,-1.33471866597722,-1.3304456018835025,0.22219762057469178,-0.14956639384842452
Dry,2.4248798279863295,-1.9098887635061454,-3.3182563485264014,-1.86999475956699,-1.5403568505364098,0.9738903184732238,0.046439868995336205,-2.084760941163067,0.37663557165090994,3.9577481714003846,-2.17143098064065,4.760121070644178,2.906231999368001,-3.112157318082934,3.020813983231611,-1.4722656882172194,0.9325455897936308,0.6393259537449457,-1.4940944799028677,-0.35514690267483473
Démocrates D,-1.4751421817343866,-1.9575083928839545,-1.957260810717286,-0.40386256487091593,-1.9192569840622309,-1.8946061194487123,12.971485946546977,2.9949033413851827,0.07300932045691574,0.683263576556208,-1.0326761557268447,1.4884607412573854,-0.9600619495608891,-1.5656229391803569,-1.523739931109059,-1.5141686056754728,-0.7705361394345333,-1.4522527473072226,-0.7264912019241353,-0.16325974255598819
D’ de Kabal,0.2543150779576678,-1.5911476484977278,-1.5909464029839195,-0.31698615397105423,-1.5600552458186436,-0.8906748761974915,8.911923959546346,9.452340426539784,-1.3785260378668152,-1.3715402190623103,-1.3345046892606234,-1.310658278747563,-1.2918343117415383,-1.272606169739781,-1.238561845818575,-1.2307818577417466,-1.184245292835981,-1.1804539649943615,-1.1600702966281276,-0.13270459332799775
Eddy de Pretto,7.530150500461284,-3.3498976896888317,-3.05091966049284,-3.3297129195876245,-2.3710394557289116,11.562269456057523,-3.2253560310646168,2.2329709999461773,-2.21313954313309,0.22927781440878728,-1.0299520761012586,-2.396972741224371,-2.719743061232412,-1.1863126261546046,3.9118513249937275,0.8820772891520334,-0.0867174985703114,0.3313676217601903,-2.442335763291755,-0.2793875301207152
Edgar Sekloka,1.3141522386794906,-1.6543965469040198,-1.6541873017824638,0.17991456876125453,-1.005571318700153,-0.3521980723305764,4.685008366014978,6.898576708530035,-1.4333231231045738,-0.72482665788932,0.0538356168561963,-0.6289513628996886,-1.3431853584026592,-1.3231928883380477,-1.2877952858654647,0.2831528814411651,-1.2313196232966188,-0.4126323872852682,-1.206183659148174,-0.13797966594354075
Eklips,-1.9444721638947555,0.6789035849049502,-1.4016984221708086,13.267406816110439,0.23771121327916564,-1.8604662759633837,-0.22982436914013207,-1.6722315854702436,-1.0649041640210872,-1.0534063051583087,-1.6121896252500487,-1.58338123219058,-0.279115122580466,-1.5374112061173875,-1.496282908656105,1.8758529314135777,0.6662641270172702,-1.4260838877293744,-1.4014587673170074,-0.16031788460353694
Ekoué,-2.1168731647099803,-2.0926644965480516,-1.6144796872335543,2.2467531404533663,0.38514589737094296,-2.0254191376784942,6.918741774546116,-0.17259185528332732,-0.7098983048076957,-1.2494652561345798,-1.7551297557703645,-0.5635176346608547,4.186770449037055,-1.6737213243719564,-0.4011591020696445,-1.6187143280749363,4.2209449423715215,-1.552523491268835,-0.2148542942269569,-0.1745320062401901
El Matador,0.23390256682400207,1.6980580693284748,-1.6977554544540279,0.1669873654427385,-1.5582065513036927,-2.4023987497527455,7.742920047020371,-2.019570756834125,-3.041801847037263,-0.12865443227386256,-2.353766964038255,-0.06375035873780555,8.965843847510254,0.43184797678364983,-1.98291577907785,0.682623793586171,-1.156943696442501,-1.7500440481806554,-2.598439808046015,-0.36830492344859317
Elams,-5.236969493397991,13.635998413029524,2.0654408834253273,-4.769515140082466,0.11017203443931661,0.2518022808821266,-3.634695795640944,-4.811198816039653,-2.9131182115335603,-1.2011284842087186,4.6318841733629785,1.8102722683095758,0.6321984183806046,0.5503507608134137,0.10852407622876861,5.3061345958528845,-2.1726333082674456,-0.934593974597479,-4.032154888518504,-0.4612526306783876
Elh Kmer,1.3582693422836878,4.317152571136733,3.8445361037320476,-3.953963220005106,-1.4755690064664362,-0.4080200583055553,-3.814848676161703,-2.0341473129620473,4.2816474561191775,-1.1603371498097996,1.5506511799281821,2.2820858619642053,-2.2563982269855027,-3.077064537575166,-1.151210660330636,-1.7301137767995363,-0.9094375200030541,0.7056211821001791,3.4285136582022258,-0.3517805053443015
Eli Mc,10.277214493313583,-1.6543965469040198,-1.6541873017824638,-1.6444279994886162,-1.622068205988808,-0.9767162476042089,-0.9650999886037906,5.508942624460667,-1.4333231231045738,0.6776392554936591,-1.387551904328839,-1.3627575873174866,-1.3431853584026592,-1.3231928883380477,0.2652465848657985,0.2831528814411651,-0.41918280600401564,-1.2273775883162372,-1.206183659148174,-0.13797966594354075
Escobar Macson,-2.1440372147115947,2.2737337700792466,-1.7114733624024951,7.129588391017387,0.792059841554031,-2.428392237108855,-0.7599276112993955,-0.3501018619679459,1.9665833461087243,-2.162726486661743,-2.1043266525673125,0.3525632691793385,4.344762888831548,-1.508396087042511,-1.4410155080923426,-1.4255109729026973,-1.3318815080312292,-1.8614102750394017,1.4507322732430097,-0.20925652444296577
Explicit Samouraï,-1.6524835845478196,0.20286524547869367,-1.0211513377124068,3.9190080666062945,2.144439984557381,-1.5810923075776475,-1.5728526583989837,0.6898821332494227,-1.4152931837054443,-1.4081210437059055,-1.3700977264501693,-1.3456153000557378,2.443627368905058,1.7549535543095736,-1.271595958171219,1.110544664242068,0.4291351430844073,-1.2119382619139305,1.3278576300064047,-0.13624400355995056
Expression Direkt,-0.3409405935953275,-1.2275579993898529,-2.8199863082391743,3.2900036308663005,-1.128123696419911,-3.0381287065383127,0.948195519547882,-0.5335383341732679,1.3252631488156832,2.4683931881679055,0.7858560348015167,0.12159814400666112,-0.9789735727766973,0.2776161432925028,3.2862547906935613,-1.604372516864197,-0.19609629376750248,-1.040559962924396,1.2070561138115221,-0.26179800959901883
Eye’s Berg,-1.0759976958896005,-0.44549653821525725,-1.6541873017824638,-1.6444279994886162,-1.622068205988808,7.142020030953015,-1.592889805783654,-1.4392277958861661,5.543470761203435,-0.023593701197830483,0.774529377448714,1.5724673103537061,-1.3431853584026592,-0.5674451747912335,-0.511274350499833,0.2831528814411651,-1.2313196232966188,-1.2273775883162372,-1.206183659148174,-0.13797966594354075
F430,-1.5313500481684972,4.30243763174523,4.8278923995256555,-1.6864586894437403,-2.140119651911685,-3.424366573139493,-3.403692796276878,-2.7189566615184404,6.367359725318503,5.5217583399456505,-0.07877300561649722,1.3072490986087146,-2.4542701120737567,-2.070881850818718,2.412391381527964,-2.953044732202296,-2.489447805816476,-0.36079504202879115,0.09081361039562723,-0.31840134684305293
Fababy,0.969881722613021,-0.960862042689224,-3.8373849894680307,-2.5619925390488447,-2.8841086433154577,4.63370047758928,2.999548431326852,-1.1617124738297149,-3.029439229323562,-0.8561981389787576,-0.16022089971059206,0.2335369190523719,6.175061934163543,3.046345117558916,2.8131064094107607,2.3472333367835265,-3.345284854384491,-1.6706740298061058,-2.1380463453683296,-0.40581037297629297
Fabe,-0.09492008696817071,-3.751542094229737,-3.751004385716181,2.05684185265048,-1.3743586622915351,-3.8728693898693853,8.346593338245071,2.26440219181574,0.28316790028906125,8.147787769467122,-2.164159536729853,-0.5655470666664149,-0.4784203256829919,-2.2629869643408647,0.4168095746078622,-0.8336267460332769,2.0584938771403425,-2.29491897639227,-2.2318198756005203,-0.3337282899849261
Fabulous Trobadors,-0.38791136346838656,-0.3645039217482384,-1.1985725699247973,-1.1915012836086747,1.3772395420843453,-1.1602045640240304,4.9108675241568625,-1.0428196106659386,-0.07565223395673189,-1.0332783568478259,0.9839269020220721,-0.9874116805532397,0.05427582380204269,2.170348479326987,-0.9330963329467058,-0.927235117077892,1.3495347605015235,-0.889319552079294,-0.8739630914635017,-0.0999757658875031
Faf Larage,-1.2894932422824101,-2.7287015827210923,-3.328987728918103,8.173278553465913,-0.200951633474085,-3.222422115768073,1.1616888567359216,1.5919556637452457,0.23560993478210707,0.9630104193269082,-0.28558508068556404,0.5391844583463031,0.996336304905405,2.594602491983345,0.49521281961644875,-2.5753587259473587,-0.05665876775456313,-0.8506491682053202,-2.427397789747102,-0.27767872185541864
Fanny Polly,1.1422383250470822,-0.943151143038634,-0.9430318549659196,2.262640362125641,0.15668592459094657,-0.9128440693570855,1.2943454686118663,0.39830363532094565,-0.817119900553787,-0.8129790635941798,0.4731541931762685,0.5102899117441568,-0.7657334684577696,-0.7543360069297536,-0.7341562687051898,-0.7295446887206881,2.1472042459142253,-0.6997128817095764,-0.6876304831093699,-0.07866051170704783
Fatal Bazooka,-2.111944446890575,-1.675661481247194,1.548895472490128,-0.8450041607972748,7.0198499628502775,-2.401851634342784,-2.389334708701639,-1.232418971132865,-0.7546259078054621,-0.736623508498297,-1.6008653494546767,-2.0441363810068056,-1.5184454484882732,10.611005893441511,-1.4140123052447935,3.2899706771880037,-0.7641303452354572,-0.7547394477803139,-1.8092754887568052,-0.206969499217288
Fayçal,1.7584211206424254,-3.2984369085324454,-3.2980197281211696,-0.5334564609965035,-2.924766336490545,-2.8792059491943807,0.6027569820446721,28.843988915776364,-2.8576739355325054,-1.0846057979305144,-2.7664180164869667,-1.612819328401059,-2.677962650174744,-2.259042582002205,-1.009611240283214,-2.5514013798793,3.247875489250136,-2.0384204045281566,-2.404816854397006,-0.2750956078306543
Fisto,3.3607645344677053,-1.5911476484977278,-1.5909464029839195,-0.9492731802825771,-1.5600552458186436,5.602755910215217,-1.5319923591060352,5.840158627592373,-1.3785260378668152,-0.6424329088658096,-1.3345046892606234,-1.310658278747563,-1.2918343117415383,-1.272606169739781,-0.43117382291859224,-0.41829019348468843,1.349013667899943,-0.3333222431461374,-1.1600702966281276,-0.13270459332799775
Fixpen Sill,6.258386591461425,-3.040025706904409,-3.0395005200639837,1.7409191538144142,0.16110144563627124,-3.193308036222819,-3.1736641894378512,3.584111518533759,-0.5479197134984609,2.061729862639323,0.630926305398662,-0.2615715606613281,-1.5496826573441886,-0.7901711232540225,-2.084821860827186,-2.7817053513774725,6.2903148701390705,2.95431737246865,-2.621889274543067,-0.2999272989961658
Flynt,-0.5141679856155136,-3.061751243257641,-1.1014533171031728,13.057626093903787,-2.002562220603845,0.07372209512144721,3.4972953165898732,-0.035465917613567814,-2.2756297304342565,0.3920781644793869,-1.7890644024716855,1.4430500820638463,-2.4858003050951085,-1.6320744128915383,-1.1245277679354175,-1.5238404488223614,0.35422264759152283,-1.390993594062249,-2.2322546096624074,-0.2553555949554993
Fonky Family,-0.15344122141359198,-3.6708650844784136,-3.6702789590611595,2.1717592790627207,-2.5976494503235545,-4.019066504262686,9.508220621198458,2.2008233506112562,-1.92983975627441,3.6844441027502026,-2.6213338381078213,5.057812136228342,7.900018802777259,-2.417896502587716,-1.6854737846772103,-3.2120366668532014,0.14504280297918865,-1.782284265420255,-3.0274969568911696,-0.34632621367363164
Francis Tra$h,-1.4249638584512645,2.850675270837348,2.8513922189023044,-0.6859860921086709,0.0669364403511941,-1.363401982470312,-1.3562967970416275,-1.2254583102250889,-0.4010477752740636,-1.214246007865711,-0.335045977480306,-1.1603462738645083,-0.2693115256221986,2.423664559339574,-1.0965181741485421,-0.17188807043243956,-1.0484308802401388,4.696143911100554,-1.0270283779816685,-0.11748545198266484
Franglish,-3.5217930042492585,-3.4526275414169274,-1.969574798368433,-4.268520519031721,-3.3350168972729355,29.117676187314625,-4.547414447537888,-4.108736993967066,-1.4036294758605008,-3.5798818175633786,-1.4367314639907356,-3.3763460573463444,-3.834553076042544,1.781786270581266,-2.5884106822397137,15.233542278103721,-2.946238245287997,-0.36462192247706404,-1.4105856607237683,-0.39390717771857425
Freeze Corleone,-4.989188724611136,-4.188163667500078,-3.0899331451125787,-1.5717120504040283,-3.1232070690403,-5.292558178453507,-3.7455018227348504,-4.546864790720797,-3.471086750817061,-4.289244735840555,-3.059980024706868,-4.060302895925845,-3.763896770630292,-3.2303112246592343,-4.256548182493727,-3.993393612687216,-3.578464172565783,-2.577869512964906,80.79303175085872,-0.4560640220728448
Fresh laDouille,-2.765525631669582,5.717182613968512,1.502319420345739,-3.5364761325095726,-3.2017243485978124,-1.7012145161453185,-3.425639056029747,-3.095176408453968,12.48940971982851,0.19380985328864442,9.080125300084386,0.48140862881479024,-1.850074489424945,-1.7913872579401824,-0.24198417680133116,-2.3887545809609545,-1.8927810780939172,-1.8818776637109402,-1.8229848424707142,-0.2967364922818667
Friz,-0.8776092519672206,-0.8675728683457573,4.896470534601422,-0.8623453179791646,-0.8506197433456569,-0.8396944153112827,-0.8353184611895685,-0.754737423380888,7.230893366514717,-0.7478319708467611,-0.7276383572278962,-0.7146361076940688,-0.7043723442611884,-0.69388820451014,-0.6753255451700767,-0.6710835085629016,-0.6457094578633761,-0.6436422372795856,-0.6325280470591177,-0.07235714675358651
Fuckly,-0.8367675897211213,-0.8271982734066761,-0.8270936508458924,2.826471136598648,-0.8110341029481668,-0.8006172113920819,-0.7964449028447428,-0.7196138978909717,-0.7166615614999609,-0.7130298072378123,-0.6937759521103674,-0.6813787936037078,-0.6715926791454921,-0.6615964441123429,2.462186098307095,7.174441584081821,-0.6156598115873991,-0.6136887940970128,-0.6030918295119074,-0.06898983242821205
Furax Barbarossa,2.912752847705177,-2.183290940489578,-4.582725821620395,2.0294843104828146,-1.378301311892849,-3.0834644049841495,4.198192249098335,9.556110047882708,-2.96350691051817,1.1116354666970345,-0.7223328335437365,-0.3319703020731707,0.04116286786918165,-2.0289711497771616,-0.4844458151258015,-2.4170071768260346,3.9175297621702385,-0.7534767461080888,-3.0423268210024084,-0.3822559747199698
Fuzati,5.027565072639028,-1.3841674588197632,-1.383992391790809,1.5315147340341135,-0.6202649110046231,0.1531951455391835,0.16799747311013322,1.287251254770839,-0.36531779700934985,0.48314030831218363,-1.1609092130802525,-1.1401647991514052,-1.123789497588003,-1.1070625970530619,-1.0774468380287352,-0.13669204161939802,-1.0301959086847168,1.894522555135408,-1.0091656522530157,-0.1154420708395504
Féfé,5.507254978293911,-2.562980109700242,-2.1724357941257537,-1.76246485970731,-1.3190561705686643,3.969374278076181,0.3689618152790221,0.9098751906047722,-1.7701445255015598,0.5066215078970143,0.17644294342576075,-1.637505095179509,-1.600281846632196,-1.0742155053255196,2.0148929893795535,2.5571828583280176,-0.8590880352322885,0.20221787971134947,-1.8686116897768212,-0.21375717965331278
GLK,-4.4568013164570734,13.585971778280092,5.406685337264186,-4.515029248029518,-3.3358328911396953,-2.501660732003095,-4.859310410698289,-4.891257536735121,8.67785937770173,-1.5451570655557523,4.827086742608771,0.9825167328190899,-0.40261891584233234,0.3953392190443017,-0.2638372926922331,-0.6702115314775359,-3.7067412600993324,-0.575258612125108,-3.3674091135570707,-0.4689279101583123
Gambi,0.1547555995525521,1.866579103598705,12.358803125842833,-2.3725829620706214,-2.6566036076024013,-0.9203751844939524,-2.937143676039062,-2.6538049297140502,1.8975200232949083,-2.249227037283046,-0.9951150194466314,-0.5229893295031353,-2.4767114252840905,3.29821728047416,-1.111194362899637,-0.24071321200809487,-1.8299981726999852,2.155403788407233,-2.2240927738893146,-0.2544219333454365
Gambino La MG,-3.5501042220529966,6.7483516758771644,11.024740730789448,-2.9150230127798684,0.0465067526529896,-2.8079297738210256,-3.379029550109423,-3.0530632024871487,8.799474339914456,-2.364000499760241,-1.9242271918889493,-1.8530866786302,-2.8493264260124285,0.04318711746364673,-2.3657708588818527,-0.13608079293209693,-1.4634884648431317,0.08486095008936222,0.17706025281396637,-0.2926990729614803
Gazo,-3.048301617283425,13.313582025844854,3.34141649797523,-2.376684714885256,-1.394645750131528,-2.5779506705197552,-3.185779611614392,-2.8784555918244434,3.063628555508581,-2.1508862725097915,0.4680181140177672,-1.9917089502573933,-1.5696223912749807,-1.8906380631697755,0.9187536374351876,0.9570204931274882,-2.462639246654148,-2.4547551766935807,5.0491829450311405,-0.27595933243063986
Gaël Faye,6.623996775597983,-2.8173358000020228,-2.816979468400011,-1.729069132047146,-0.9521854317598284,-1.259885165076473,6.503678262316809,7.7493487783040305,-2.440861325095328,-0.7813793327293724,-1.939709799894263,-1.4588808434107001,-0.10143825333206068,-0.9219452784926359,-1.7370475542333061,0.11509503843208412,-1.1430554402781345,-0.17640929364362434,-2.054056756036363,-0.2349709046037066
Georgio,28.449135112666564,-5.481560679099782,-6.117892749349811,-3.6761309572110066,-5.018087699732292,1.9879170726958197,-3.8939089606040924,0.9470273741296796,-5.255224168515102,8.078235237252006,-3.556113933137412,0.04982136881243261,-3.331295921917196,-4.622849954639544,4.52619724257117,-3.8265192652081947,-0.3921925875376996,3.286485382530994,-4.577145167407686,-0.5235960194845181
Ghetto Fabulous Gang,-1.496855369661553,0.5476496918212955,-1.4795501017142603,1.9286405476512545,-0.07229296119804018,-0.7339550604354357,0.6809471056316795,1.8200318011353143,-0.5019739052747207,-1.2755064952600963,0.3704560874869959,1.2423734593194298,3.7928688323011186,-1.1834996982588157,-1.1518391201108995,-1.1446038781637715,-1.1013257518791895,-1.0977998886048341,0.7749936052492967,-0.12341276494395903
Gims,3.104005193724659,-4.628730918923148,-1.1667428518178864,-4.86306882354778,-0.7708206022695253,20.39966980751387,-2.185302263051839,-1.8901528913447867,-2.514013896327504,-2.2984940618914527,-0.31582631648666376,-0.986985947085127,1.1174117919044326,-2.121986605721669,0.8989696157040362,2.091081117395745,-0.9000961564158445,-1.6472633192171444,-2.881266990712662,-0.5784459132162972
Gradur,-3.685216988847152,3.1868708434584168,2.570075856560876,-1.9192964809620343,-0.9728112524214638,-2.1402339314808265,-3.8149716697407934,-3.746783113457258,3.4096857955391036,-1.0734878188177135,-0.8742920173545585,-0.993679582766964,-1.146400554203487,2.0469168637197,-1.658225580480599,-0.02232150185775074,-2.5031925321537116,-1.9324227952008766,18.231252845273193,-0.40463581082185923
Grand Corps Malade,13.402361194859024,-4.423770985441245,-3.5188911584759803,-3.2600065421443176,-4.106769906603174,3.6593046699302723,-0.5028238543459647,9.663614873281512,-3.8326320594967993,4.054177893443652,-3.440717997800985,-1.9973756487096175,-2.4779011439234973,-2.6902486353978885,1.7837444275529188,1.2539408748145529,-2.6850412278769804,0.9838196827151293,-3.225272855236741,-0.3689505066324227
Gravité Zéro,-0.7593471255335194,-1.4327494375434102,-1.4325682259525239,-1.4241164222427882,2.866463452892542,-1.3867096876173113,-1.3794830372288436,12.392787579543155,-1.241294236430141,-1.235003853527905,-0.3694697248523038,-1.1801826898063423,-1.163232642357263,-1.145918655396747,-1.1152634324221273,-1.108257939530358,3.6225200268339255,-1.0629401715057802,-1.0445856904400226,-0.11949389580818899
Graya,-2.4713018958094355,6.516234502091686,1.8625878644365437,-1.695466705219625,-2.0080038235485507,-2.7031948282838334,-2.3172368995766246,-1.6065479735695574,-0.7666495177174547,0.5001561695188975,1.9265641849012691,-0.12725312575945108,2.5834759928153592,2.242856405898445,-2.1740486632852414,3.3941539238448892,-1.1165701069178,-1.589438445067429,-0.07189863574231917,-0.2329364861815118
Green Money,0.12411333275255729,-0.8606656294231001,0.45178508690000097,-3.0092140701238113,-2.0345748613355683,-1.945050333747317,-2.589892414645431,-3.2270724994270212,12.17940109896538,-1.916035520219408,0.33129912424270636,2.06757915962722,-1.561674022045826,-0.380876747989119,0.9301620201027236,-1.8443335108701764,-1.9375183726027136,-0.7436129304533796,8.054272979492753,-0.38163290018192475
Grems,-3.3484288363161134,-1.7255873859535606,-0.7614014219854057,4.3333137814767415,10.42733312789983,-4.627451671737432,-0.39853763367114553,-0.08923228919048348,-2.9423490438116113,-2.4647641093729984,-0.6806773463356858,-0.5360134482795892,0.05435899467611362,2.830433622354914,-3.2994476847055867,-0.7795265688026217,5.9687347677728955,-1.5156942627095091,-0.6156422601234449,-0.4330451763867453
Gringe,5.300453428123033,-2.705836233904179,-1.9662574745313088,-0.8304729262944472,0.36253571295955195,7.308993097630997,-1.0698717537366804,-1.5042714780812694,-2.3442612042811515,-0.6173960654275628,0.3744697162174147,-2.228848255705048,1.4447621588877193,-1.2399832301881126,0.26764955808782076,-0.18189424800753318,0.965453784176858,-0.5129792292657406,-1.9727649068216437,-0.22567163897942225
Grödash,-3.4648738851914582,0.6458624103868658,-2.3344620795608755,0.6943815321959573,1.0807842705865018,-1.0515617034538036,5.172386716287046,-1.341087284923234,-2.571396027569924,2.7925851296702042,-0.5099912709623855,1.5662918077146517,3.679774919163231,-2.2736855318751346,-2.1761054533952064,-2.153661290029638,-1.2899823005142712,-0.9112325051099921,4.743599016015173,-0.3077596168466685
Guizmo,-1.4871400483915445,2.879086713569337,-0.09955000249786296,-1.9183663260786739,0.14847600179510992,-3.0912858854574177,-1.9026198564187442,-4.1037265086851145,-0.8161742134580944,1.6013982870797434,0.8246245707336767,10.172737568092398,2.745026632842676,-2.745620931019779,-0.3279500712264751,-1.8897264633065856,-1.3729885898740968,3.5158324489024886,-0.9907146300006424,-0.5317142713537816
Guy2Bezbar,-3.196976415729228,10.130743418630288,9.048834869405969,-3.667848639430287,-1.4067945759566085,-3.571506627953663,-3.552894203168833,-3.210155576672722,2.1205240889285255,-1.6088450005356643,3.0442499943516297,-2.3816077496548815,-1.9945791275991138,2.808746254128045,-2.8723897845568658,-0.7522899568511668,0.8946779509521887,-2.372350400408676,1.3983186134908725,-0.3077596168466685
Gérard Baste,-2.6369506574928963,-2.582018260597883,0.14261588321621269,1.0089667063506107,9.734513657246746,-3.5535140367897102,-3.252109576692501,-0.0630967567872353,-2.8665010991465993,-2.216820986636304,-1.4555581688484645,-2.032305848256015,-2.645367156602951,12.047478180015501,-0.40858476106000596,1.3854335052796982,-1.6347255521588828,3.1502258313141716,-1.182484514568344,-0.3062091807015487
H Magnum,-1.8444833554701738,-0.6698482046409585,-2.6294775381026843,2.668819172469698,3.052725320428874,3.658941010858099,0.7834243300507254,-2.4913269682134014,-1.7144744603584452,-0.16655259034691838,-1.5128202465555078,1.7718547127140438,1.1021898270715074,1.2306350239862522,-1.0549384089121319,0.6730743067251093,-1.075382942439206,-0.7633104796212737,-1.8531593395199326,-0.38287803530231596
Hache-P,-2.2452830545201654,3.186759310511208,1.8359616490100916,-2.2062316745944517,-0.7977039157515424,-2.148281410499118,-2.13708593185793,-1.930926712045911,1.717131828902184,-0.8679233700944973,1.3614442510722298,2.000296905691512,-1.8020722606846555,1.6045569752808977,0.00859491725001599,0.6128667069886571,-1.0466575843488826,0.7824010388865985,3.3253003198288904,-0.1851191477535589
Hamza,-4.831377748078823,-0.22383502181955003,10.91585171904346,-5.833616498191869,-3.9345955106369095,0.17352744551983618,-5.965367006044938,-5.389903291881285,11.026292706194596,-3.655380957399595,-1.9248672771980062,-1.5765469652683946,-3.042241914326875,10.785200907200418,-3.1639978537823947,6.475122903619664,-4.177569566477676,-1.3331901497268193,5.8876281520656715,20.77084007805781
Hatik,2.7105593965403467,0.5577674518009498,3.6332527978471942,-4.594257778605416,-0.5972002858164893,8.26032217489514,-3.814762558284713,-3.865942484707047,3.694425497947632,-1.1439948726396438,1.8185607076253307,0.8429997602964314,-3.27976495482257,-1.0408281497102925,3.105088791233834,0.19552690276771664,-3.3580286991916646,-2.8260813321658804,-2.2142107197149143,-0.4341428845524499
Hayce Lemsi,-2.865034581919627,3.5738383878196562,5.036483145471437,-0.24814724614184716,5.708875591324589,-3.617228624439593,-1.7199315213559119,-0.6976961474702824,-2.3421972117174663,-2.2998772591506476,-1.2989305859712075,0.6368248079588984,3.191416140615175,3.1868119649676276,-2.712262491106458,-2.2493842902373595,1.5182277800434927,0.021419323680101864,-4.270361177622508,-0.5139626812865298
Heuss L’enfoiré,-2.579090923818527,8.432534425250523,7.649708933106052,-2.5342337467576,-0.8996309718434267,-0.8467043599775187,-1.6400804054938214,-2.217998994636711,2.7709565602627535,-2.197705464328904,-1.6707132330742935,0.2806312827194309,-0.1376089868545563,-0.5679955750897341,-0.9768791859212639,-1.465101066997775,-1.8975909820312709,-0.3054864056440447,-1.3208879541067382,-0.21264094654015103
High Five Crew,3.624645381867946,-1.3729394455772923,-1.764736705164726,3.3847151343225446,1.900621061189782,-0.4414634563134262,-2.0474442307558247,4.995710316487403,-1.7561851151964667,-0.8326453829708346,-1.6707132330742935,-1.6239941342647288,-2.0699876580132766,-0.5679955750897341,-0.9768791859212639,-1.465101066997775,3.3722485642221667,0.22319009184896463,-1.8588538596883257,-0.21264094654015103
Hippocampe Fou,1.2827978794357406,-3.779657994342578,-3.0731260896507786,3.1133399206412524,3.2719350525886832,-2.655085494829422,-3.603474295725525,7.661757851587548,-2.052845773603869,-2.5717952513288864,-3.0036260535958412,-1.5015518332716025,-3.1609098676139906,-0.45760009419526826,-0.2858023506300873,3.4041377671092916,9.481635707821258,2.8724535315793935,-3.098741926959087,-0.35447618082415816
Hocus Pocus,4.3863118648918,-2.415262106639148,-2.7160510422807955,4.278666014392176,0.43321736365872315,-1.344734002128662,-1.6311268594727228,3.692793954161095,-1.4845719473997616,-0.06481092890083137,-1.346858310069251,-2.7340191428577807,-2.6947525491382884,-0.3944518052955796,-0.26130988527721044,0.15909829941289558,6.030589601908541,0.3803241454477328,-2.419894223757872,-0.27682036208236505
Hooss,-4.290581343140087,7.238988089139427,8.975674394131355,-2.0682884977257947,-2.2935772503378984,-2.1772342832687595,-4.471681229274066,-5.016694756490465,7.413534513780798,-0.544942891762408,0.9526591324333915,3.0390943480549186,-1.478107985078215,1.2417629987168184,-1.370008940109284,-0.8737327102584881,-3.1270322191158613,-0.07092553649299255,-3.4908340821161787,9.915058413416942
Hornet La Frappe,-3.602800302606791,2.652261019711179,6.282964596788899,-3.653429841936838,1.8124328984825595,-2.7104898760007736,-4.364821284085673,-4.377927846614311,1.2974935885005485,-0.7521268209027648,2.9482111191463742,6.252095563011943,0.6645674209484885,1.943020228791443,-0.5613385516706172,-1.683545875434101,-2.8835312459700444,3.002617564264106,-1.7790162366664404,-0.45970219728014267
Houari,-2.630942471167742,4.66420707870925,0.6077944014886871,-2.8465896441156353,-0.7228027747553721,-1.8424714406320353,-3.021232914209864,-3.0017475611880458,2.0282425547271337,-2.6380676730345103,10.236787029033254,2.0834078742447293,-1.0166357123886256,1.2261486583872552,-0.07971698098428925,1.8269624285087172,-2.178730887575873,0.17458404630900082,-2.1181910860142263,-0.2877794104265041
Hugo TSR,1.6935473523244673,-3.8324386797690404,-3.3413544683198313,6.062591549789267,-1.7468667127403192,-3.6932651877707032,0.40394389389537594,1.2449858915677572,0.43009344407302835,1.6061988593406376,-0.49596894800460967,5.5727461129440705,3.6367249360855447,-2.648097119114569,-2.228944190162413,-1.5689479745812773,2.8961118289321455,-0.7112694466816727,-2.9729429938284513,-0.3400855905605064
Humphrey,4.302905068149707,-1.904353437028701,-1.9041125778059478,-1.8928787772392677,-1.3315624508877293,9.00777518088396,-1.8335538611524531,3.1722721850595375,-1.6498788159156659,0.7952511670713237,-1.597192186488911,-1.5686517843058971,-1.5461224569365928,-1.5231093956768536,-0.1331671343458897,1.9212603995167081,-0.7118159442633143,-1.4128177027597377,-1.3884216582138524,-0.15882652302403938
Hyacinthe,22.675083612484418,-4.314138379161478,-3.849942102089374,-3.8217412953359307,-2.33851026685677,3.9672122603718574,-3.913002016234878,1.842406698006178,-2.399910259763009,-0.4917817468955623,-3.0655458028303277,-2.9908333337212816,-3.502598887735435,-1.4217527756933044,-0.6781195826305152,2.0568962606620493,1.7721553002813162,1.1735581378511677,-2.8274117306836626,-0.3598069488412633
Hös Copperfield,0.3909190002576815,-0.6780751374447342,2.6684599247431384,-1.782517474944497,-1.7582800363568958,-0.0072842335945260085,-1.7266514042291938,-0.9190953495279381,1.6644698032378942,2.982553220256271,-0.17434545188541858,1.2306425468377282,-0.7691547787096364,0.6572956412958952,0.7531575642941493,0.054617837035992274,-0.5854971068318608,-0.57881772733695,-1.3074719301166247,-0.14956639384842452
IAM,1.6388666575024147,-4.618758998663632,-4.617537065300173,6.430402768975541,-3.2861882723575877,-5.173884367494747,11.018123377749392,17.777572686202383,-5.3774387127069385,3.107262818460742,-4.819252192444617,-0.27012141666915607,1.2761930472203489,-1.5076508952092769,-3.758392354631042,-4.436380006508043,3.3424632873463422,-4.353017117837785,-4.24496513011113,-0.595474585726563
ISK,-1.1638035297579281,7.021720417537872,0.05172222087573559,-4.420117237627912,-2.5251596994619168,-2.6776275360204913,-1.9460026776651418,-2.317584402074261,3.1554262780875844,1.6453559001904114,5.654606005980938,6.164990700060958,1.098228081479804,-3.275494977712628,1.7385294430195246,-3.4397679472103424,-1.496859805440711,-0.571105956386643,-2.625268841069985,-0.37088051373436054
IV My People,-1.6524835845478196,-1.6335856990207909,-0.4089235894066935,6.998313963126776,4.6418426543232165,-1.5810923075776475,0.9702971900489535,-1.4211235809167224,-0.7087258014391564,-1.4081210437059055,-1.3700977264501693,2.370156956336377,-0.572305944219145,-1.3065482900574994,-1.271595958171219,-1.2636084673353913,0.4291351430844073,-1.2119382619139305,-1.1910109336625236,-0.13624400355995056
Ideal J,-1.7634005800922474,-2.7929428231253928,-2.7925895767035467,5.869064205527827,-2.0080038235485507,-2.333262188015658,9.954492691857917,0.03974840684478528,2.9527769072950183,0.5001561695188975,-1.4886529375159654,-0.5619224192935671,0.3784606014871358,-1.7861403840723407,-1.7140773586559668,-1.6975135796330851,0.8077032223638515,-2.0720518505681276,-0.5629920718363866,-0.2329364861815118
Intouchable,-1.2868591370625706,-0.8928486175524418,-2.9358912160972173,8.73096983706375,2.3314641971414614,-2.1381569218686263,2.8324128877186414,-2.162890887101788,-2.150798383031059,3.790595443774517,-1.2444655345403015,1.7158749013062924,0.971903272648582,-1.9226188117185568,-0.5355299702281707,-2.271252908540727,-0.8126137658809407,-1.7193222055318163,-2.1407636282277047,-0.2448896140891993
Iron Sy,1.3996880940609064,-1.7316396618046797,-2.1882841112358125,1.5021551783293396,-1.6797666990974482,-2.1182340368431047,5.960401266005745,1.7727067859016947,-1.368712221325541,-0.29625267787423587,-0.7459720853388437,0.41606262657428217,1.037074070882967,-1.7504196595772894,-1.1165983807628976,-1.6928919658505996,2.054623616103424,0.2240005115404993,0.28450294325703696,-0.18252994124063435
Ixzo,-2.291582421539254,3.4731865364355423,-2.2650892488314676,0.8570009109944443,-1.3206570274591516,-1.7364969436165918,0.5696829583175564,-1.970743823010435,1.6039323800891727,2.65626075324956,-0.32102277536028007,1.3493450981648052,1.9667034721059022,-0.7080162942122297,1.0720672323868783,-1.7523096619833456,-0.49985208732253594,-1.0856502122945557,0.7702076068139171,-0.18893643901732088
J9ueve,-2.607184256546822,-2.9128657018260604,1.2076782228578868,-2.8953142629543014,-2.855945784033238,2.501273201649236,-2.8045719091610772,-2.1393924608125325,-0.9386047125456983,-0.9177428215205562,-1.6243841261919014,-2.3993823267172885,-2.364921861710143,18.2735996800673,1.2608764629237315,7.067109316294966,-2.167961910603486,1.540932188848119,-2.123705478864205,-0.24293827132228962
JNR Slice,-2.2377442019349694,1.2721492264783094,1.2729652282655164,-2.573936953700542,-2.145072927252469,-0.5113781792389069,-2.4932669205081597,-2.2527478307282442,7.116845678404129,0.9038727517449373,3.813784338181698,2.0862513788509505,0.27579680991532335,-1.105465465511704,0.4647866789837015,-1.0045828478604264,-1.4084648856900794,1.2019798872583167,-1.8879760586817278,-0.21597233912942
JP Manova,0.004492043754709186,-1.974908809685607,-1.9746590267452877,2.6217890693638752,-1.9363173816541916,0.7043713912059808,4.935271537531512,1.7742673696570568,-1.1265545499286231,-1.114907003560577,-1.6563673835571282,2.6762368971068797,-0.3560604766046025,-1.579539861220333,-0.23628923781771094,-1.5276281468672084,3.292465865664547,-1.465161914489795,-1.4398620083073626,-0.16471096881293248
JR O Crom,2.196814379532322,-0.3150136231613856,2.2500310370362837,0.5572204786672885,-1.1469754279799873,-0.24904164526092412,-0.2385143095723557,-1.0176877341187107,-0.026844846671066198,-0.016683266109864925,-0.9811473607737492,1.1119022983153406,-0.9497754752906816,-0.935638664134928,0.18755765883952447,0.20021932257344538,0.2778604460674521,-0.8678870157459966,-0.8529006447107653,-0.09756635719829634
JSX,-1.6095545959483546,9.09296454899631,-0.3338330293530679,-1.5815602065941001,-1.5600552458186436,-1.5400179548387622,-1.5319923591060352,-1.3842049703024477,4.424773848988084,-1.3715402190623103,0.913520382493664,0.2152924837919537,-0.5177412327367199,-1.272606169739781,-1.238561845818575,0.3942014707723699,-1.184245292835981,0.5138094787020866,-1.1600702966281276,-0.13270459332799775
Jack Uzi,-3.888944327828082,-2.5439008309690454,-0.2019291481852876,-2.512851949114587,25.678734300117924,-3.7209325519670795,-2.3507527992038244,-1.550453282642434,-1.529341516418027,-3.012100464722839,-0.12300710326941777,-2.85098254369788,-2.1601367884688023,6.356616581995149,-2.992565817362334,-0.9561259162964686,-1.8128641142417148,0.30332681956935487,-2.0893753147600704,-0.32063576967489443
James Delleck,1.7588875276536284,-2.522615695588801,-0.9364403462151752,-0.5133307210006545,-0.04743408258679794,0.8350468830655666,-2.4288305200685696,9.19744673767952,-1.727967861240665,-0.334901907667616,-0.6977835369446509,-2.07792604832257,-2.04808241020007,-1.0263202386715142,0.07342606502497487,2.66104520337907,2.9160726738236518,-0.8028373886619595,-1.839182894845801,-0.21039071445716612
Jarod,-2.0066222824483364,6.825149087462345,-2.9899308230119055,-4.047947994614015,5.757131219744092,-1.859883843202389,-4.601241612116181,-3.310597568719935,-1.0860872995861164,2.8212281140002973,3.0088510795009475,-0.39736688286943167,-1.2276821436321461,-2.280173553011358,6.677300792219556,-1.8152903538487337,-1.7226420242276752,-0.8443817731143946,4.081575206662093,-0.5267679845766661
Jazzy Bazz,6.705727402717965,-2.3307560192524366,-1.75540763658087,0.009876729130508105,0.10473195751664643,1.6787410686758997,-1.5601101882694794,3.9088697560814682,0.6332185133865048,-0.9996898877231224,-0.8631783097245149,0.2728951893204674,-0.34802910430769496,-2.42415736290207,-2.339820854981506,-0.8345589927368237,1.270592790791763,0.12933764328214253,-2.537289826183667,-0.2902496652693472
JeanJass,0.6316480853290686,-1.0623276839679994,1.059072843195715,-1.0345665017812316,0.4700577737972708,-1.643054860549796,-1.2559724675927657,-1.2426685286678316,2.0359458501226944,1.2511947375250616,0.576675590025614,-0.18537195466665954,-0.9912629728800231,-0.9373388354627314,-1.2943969215828697,1.4666137993678525,1.693005349014193,3.1411059780067947,-2.062891449522012,-0.23598153681619136
Jeff Le Nerf,-1.1425932535531327,-2.796505221340642,-3.043669778820259,9.700447119250429,-0.6710415559093075,-2.3696656323388727,3.5782173859289466,-2.0864178561101716,-2.0661475730036365,0.2586740099144691,-0.43004652469788,3.8958262895497078,1.3018405297504363,-0.4391771704365011,-1.2312150612833057,-1.5197643195677621,2.9894740311592574,-1.6578438651547711,-2.9421981862362134,-0.3365685819675569
Joe Lucazz,-1.6493326689607792,-0.6998464601029211,-2.7763349924635228,-3.0514430068144156,-1.4886456414308697,-2.34227077134616,0.4530755721126148,-0.8854962966108177,1.189826912827585,0.8813346210742836,0.7110883998572141,4.4280779018255405,5.669306349097072,-1.9535849243061356,-1.8610801786609104,-2.223370766080801,3.471545485651664,1.0991259629708081,4.054338797017472,-0.2810859502050006
Joey Starr,1.3226451467041596,-2.383135112410537,-1.1238285045508787,-0.2579803929749975,3.2271524426461187,-2.3065558154748906,5.986007503980334,0.8209066605853226,-1.0960097298541565,-1.0806129011030328,-1.4984362203667114,-0.43478611232023284,0.13251493752600954,-1.381393147591171,-0.7769137116622958,-1.300922420352154,1.6090629403194732,0.49439723398805074,-0.5864054180180533,-0.1987577813604389
Jok’Air,-3.230034585681387,-0.6604415830042252,2.2998383862609204,-6.047606146374683,-2.1097917131743915,7.01719582888094,-3.9803151204306815,-3.970441930735245,1.1788564763634115,-1.240352580051555,-2.1634101426742727,-1.819211688600907,-3.1177894699535313,2.326219405796773,2.442950508517792,10.804858351898035,-3.64501921384688,0.3600445670255007,8.86465685683443,-0.5074388651309408
Jorrdee,-3.2360681880657474,-4.1624044536663725,2.2576822022976186,-4.857468690078365,3.630739138663676,1.0719696100534921,-5.830625479237226,-4.798991315399344,-1.4975251172856323,-3.524058507726444,-0.280277758524096,-4.069143356390879,-4.5202816448289695,8.264634723817482,-1.1884616959987628,1.571194326864159,-0.574520782638442,4.485288000379454,23.36697226305029,-0.5587750605098747
Josman,6.37250628110161,-4.013447658858373,2.7729583406592737,-2.973392856094191,-3.2850493469249717,-0.7266237218152748,-3.3740992706487227,-2.9831411288233998,3.489688993533761,-0.38399690379670826,0.07979428001300708,-2.4320216116315883,-3.0853909372858332,0.48304767752584205,-2.6189661054358586,4.379110230372045,0.2920723175596658,5.696514741527212,4.283897511424122,-0.41794403055905804
JuL,-8.841670493715995,7.1310344033809825,20.035153251028152,-11.869525078428222,-2.7842308277328205,-1.9493389312596456,-12.253229768663005,-12.126098287234685,-6.318114617793104,-5.896079318895606,30.28754046780364,1.0710848844094585,-3.494001174978614,2.8535080978717575,6.195528315304781,8.859713590920693,-8.050852720724016,8.511216624223076,-9.449335481760707,3.101691662902457
K-Reen,2.036945840059808,-2.1251108422475538,-2.124842062022322,-1.6388897568514855,-1.123699984780679,15.445899784802949,-1.557370292929787,-0.7668929099721642,-1.297994220421501,-0.7399885092491973,-1.7823426926255987,-1.1792264448274647,-1.7253528325128205,-1.1113232426776125,-0.44516153946740644,2.006239888481832,-0.9494110392272833,-0.9423167796253605,-1.54937096345534,-0.17723809020049927
K-Rhyme Le Roi,-0.954061842335183,-0.943151143038634,-0.9430318549659196,6.529451773819732,-0.9247211531150452,-0.9128440693570855,-0.9080869056855644,2.835883069869573,-0.817119900553787,0.4170649124803084,0.4731541931762685,-0.7768913556699532,-0.7657334684577696,-0.7543360069297536,0.6279515582539631,-0.7295446887206881,-0.7019601874144867,-0.6997128817095764,-0.6876304831093699,-0.07866051170704783
KDD,-2.086166079850708,-1.6846510105239298,-1.3228901344182271,-0.934565655049796,0.23317961248950236,-1.9329356793523753,7.464342272668385,0.49833949234366587,-0.7306355940377519,0.9662806166498216,-1.8911215256034344,0.3508689810723711,2.646576014687938,-1.7624795498304755,0.16540641815815754,-0.7403775069080949,0.8516756587851978,1.354528176378323,-1.0274137107184533,-0.23088414232877727
KIK,3.16928890985348,-4.958853148778893,-0.19129425985684903,-2.434120276120764,7.2287492003377185,9.472641263142311,-5.087658879355139,-3.1019386997234664,1.0008206091837397,-0.37773259937180165,-0.1208416316483193,-2.951914518031413,-4.164458595595421,-1.4409202936009482,2.6204091455931855,-0.73059327216539,0.7644608484786548,4.1251000348444915,-3.8880687309722637,-0.47246703893538766
KaNoé (BEL),-2.0801599143359017,-0.1860737665874875,5.035422309034014,-0.7656812168962867,1.504666522339073,-0.9312442614201945,-3.135606718339253,-2.833122749376823,2.4948228668805124,0.04261242730511554,-0.9008346726188051,-0.07317344977973037,-1.8876513998588118,0.46665397382490026,1.8041757708140123,-2.122137294940497,-0.7735914393315787,6.27561529777084,-1.5320479465200125,-0.271613244552485
Kaaris,-5.480547086708465,16.26959807322666,7.184101371414348,-4.276485549059567,6.967297037225372,-5.9204181940151255,-2.738326582187247,-2.7834846890670475,-0.6497667975160917,-3.582206629297029,-1.7446425851675995,0.44601773281102614,2.8486152971779366,0.5904686297414058,-3.7769860543204055,-2.952827472058594,-1.8610451335199198,-3.264667172963643,1.8346755015559821,-0.5506235863080293
Kabal,1.7692717752966531,-1.5026802873096639,-1.5024902309897517,-1.4936259044760036,-1.4733166134637503,-1.4543933902197408,4.08257671126984,8.637345462945317,-1.3018803783543844,1.7928453357947438,-1.2603066043340148,-0.4298919838266162,-0.4003423936533207,-1.2018496250675115,-1.169698155969216,-1.1623507330385616,-1.1184015880365359,-1.1148210569552457,-0.18280444021115877,-0.12532625526584665
Kacem Wapalek,-1.7408430011482654,-2.0222664816392593,-2.021759138895759,11.34173870677131,0.7612397887846881,-2.919784123233635,1.2268551793954747,-1.4812410928495439,-1.8483782681578809,-1.0621117257214616,-1.7396738070388387,1.5393241177665113,2.4502317400698446,-1.5838700568685073,-1.4965395837921354,1.5233924651203052,0.4270364594758374,-0.4508190279365377,-1.7447613738138144,-0.25160016105656197
Kalash,-2.1728840011243262,-1.611838729770026,-1.3652382453691525,-2.0668894655535746,-0.23013584666044304,4.440274639433855,1.1866662406040158,-1.562649220792072,-0.6890386597297167,-1.5120006957310628,3.0331545402176388,-0.368593916657589,0.025701081743222113,-0.18207278600165624,1.5679522308813543,3.8416569078408163,-2.6984652485858245,-0.3690214699211439,1.7520384689123027,-0.33938510456270937
Kalash Criminel,-3.710405486442408,9.374226356226046,1.2091097032206197,-2.7270362991689896,-0.6152985441067153,-3.244952092476865,-1.61147123733453,-3.9414876460589268,-0.6134826293706127,-2.113046590228985,3.5685168998182015,-0.7846357273007666,8.283047825902694,2.171448022583526,-1.258409796687432,-2.933943933880215,-2.185905920323124,-2.171300424617938,3.659527491621947,-0.37787287843160067
Kalash l’Afro,-0.22595456970702577,-1.4647864696024822,-2.3247070499569915,4.61244236775874,-2.2795685772169714,-2.250289884034976,6.69574093150345,3.4158914467183803,-0.5249771326315125,-0.5071835661158199,-1.949991812118838,-0.34868796484202097,4.999259787181012,-1.8595450664344118,-0.7047041525029666,-1.7984309567595664,-1.7304312552540977,-1.145144660711695,-1.6951065051493828,-0.1939093004988026
Kalif Hardcore,-0.9527117335350007,2.761471473396187,10.819166245523284,-0.8726269225648208,-1.1837889140543876,-2.264927373799225,-1.1082582152494633,-2.3758159371471588,-1.943426767823959,-1.929283787783026,-1.8539278849761829,-0.47147420140360335,2.2927710220163515,0.10482336581653807,-0.7146291432863199,-2.1124842169500826,-2.032609982331034,3.4030398874823042,-0.9866550885111383,-0.22777095524968335
Kamelancien,0.5737892991191684,-2.322399584512659,-3.6803344095092534,3.994534720985865,-0.5608317440350171,0.9286790326877733,2.099454688350665,-1.9528915562969857,-3.1889426331881436,-0.3361553691187536,0.15216946170536128,-2.702122856875911,1.6963843198454966,-1.9248683199720324,6.558381905760532,2.0700037263431645,1.275798672286559,-0.5335383341732679,-1.5656834148809264,-0.3069853775894887
Kamikaz,-3.063407035610425,8.30153841477147,-0.21892732762092765,-0.8076793430722401,-0.47377113801241344,-2.5620822667016423,-2.7492953998721923,-1.6345439259864813,1.3430936508043045,0.8969520735041265,9.525757548120152,0.530269125024804,3.011480215300524,-3.4878658535695077,-0.09586031592640455,-2.80459567866252,-0.344917515675226,-2.9080598502681836,-3.422247230761306,-0.39148311052563095
Kamini,0.43028340368779855,-3.0729052009380973,-3.0725165453745404,2.8387686855773104,-0.35757183840232953,-2.3017023719778846,3.801152017620363,5.556445270960189,-1.911043628712142,1.5040542904051393,-2.1892547978377386,-0.5558699213591903,1.11256645198947,1.2042063146376103,-0.30164948951275394,0.9887113619330784,-1.4125951640524916,-0.963820474818617,-1.347683684319605,-0.25628585521429836
Karlito,-2.1659192033087376,0.19404445233795947,-0.2724872469492215,-0.24876810841027563,-2.0993097243477634,-2.072346269101152,3.27425353162438,-0.7889494232176392,-1.3159583319754813,4.114386476814364,0.4316317971413182,5.0401525748727325,1.71312559412987,-1.1285583073181729,-1.0666953047221663,-1.6562184765236438,0.9164506923383462,-0.9589669941158534,-1.5610644951093247,-0.17857575514544966
Kayliah,1.981750607622505,-1.2269333168022494,-1.2267781364668557,-1.2195404441760729,-1.2029579775033137,5.549293855472691,-1.1813186967572373,3.6170956414538646,-1.06298087768757,-1.0575941155949677,-1.029036033343159,-1.0106480757119451,-0.9961329222648975,-0.9813061096399084,2.1861273018136567,1.158303139631084,-0.9131710727177194,-0.9102475813318818,-0.8945297427882669,-0.10232845876216501
KeBlack,1.817607402813861,-3.8338444462763457,-2.722049177834805,-4.249780565843695,-3.505987521420584,12.173747636218978,-2.486887730679788,-2.893443586312271,-1.5908120421275171,-1.0437395804109837,0.46436746551189256,-0.2003184980553169,-3.653859208103382,2.512530656191753,3.633187405231867,10.881782345574754,-1.8568143506365766,-0.34376508872945755,-1.4525606746508104,-0.3753452722797959
Kekra,-3.0605383030082316,1.915754991623212,0.7029029985059136,4.450922289695376,8.25313346932106,-4.806177973023934,-5.71086877302992,-5.38081357807121,9.715050204218342,-1.6263130155530274,2.9839976930728946,-0.6331614140924856,-1.9814368626849244,-1.661155181697905,-0.8359514254017452,-4.113375206136979,-1.0262761226992467,0.22975331747027103,1.6534900745951462,-0.5493254542392642
Kemmler,1.0388752439436353,-2.805165826044931,-2.448280776211337,-0.6363862358379812,-1.6595803727556615,6.124672357000332,-2.3306258376287206,-1.2109872519973364,-2.0188487431700106,0.476950727520289,-0.6525407553728254,-1.4451173097396879,-1.8384000952539739,0.4307114098781005,5.601876923223631,5.664806040552792,-0.6508875079033866,1.7629640842251337,-2.0451838991949414,-0.23395590674833774
Keny Arkana,2.061297007624023,-4.919655790034217,-5.284687101276931,-2.675601708677926,-4.6153490605286045,-5.292558178453507,18.286884271487367,28.66680213528223,-4.737561164812468,-1.1069320123064887,-4.1501897294955,-4.28231194083212,2.9934247376684238,-4.1449005126309855,0.6770268880887238,-4.229810806222964,-1.1213888147709399,-3.810352952768084,-3.735969475773703,-0.4560640220728448
Kerchak,-3.142059514098754,14.27886880082416,2.046027476500221,-3.0874108320156415,-2.3887087230232122,-1.3431492409660253,-2.990647959118548,-2.7021477913029694,9.571755920786924,-2.3039313020272805,0.08188335429130349,-0.9952049289619054,-2.5218282747886827,-0.06911785094885028,-1.1770532813692358,-0.3216069358969175,-2.311800543326355,-1.8704468235041263,-0.49829755871624376,-0.25905659363634453
Kery James,4.674534345045886,-5.6756720075062805,-5.99941628489703,1.710922452236734,-5.214536748471629,-3.281909300492636,17.661935590289144,6.01746542907577,-4.402504894794733,4.665546566995342,-4.007639281745636,0.24282601525165787,2.1920662727872013,-4.725892640155188,6.460271917921545,-4.137444301055485,-1.5341672585437032,-4.353150077482648,-1.599500035975364,-0.5139626812865298
Klub des Loosers,8.910173451973622,-3.370261996953348,-3.3698357322331223,-0.6633508857111197,-1.7912720611152384,1.9496240399805402,-1.3959438335466983,4.912732320191781,-2.5774238509451957,2.6024432221446996,-1.7653341720739242,-2.4159369591374036,-2.005356349024248,-1.9535849243061356,2.331890310884781,1.6125155900193653,-0.5150773567545103,1.4990686524303787,-2.457182925961908,-0.2810859502050006
Koba LaD,-4.477370520850509,2.5717875033975734,11.95353819503199,-4.378728756159716,-1.656811524745209,-3.4069360132515123,-4.410389098087871,-3.4419136752334376,19.382544944717406,-2.236032243782305,0.5556526595961759,1.2018502904164012,-3.8227555124537007,-1.5129672847640083,-1.5935264132340654,-1.812419828149521,-3.7296994565019084,0.04795053916087138,-0.09539047356888816,-0.41794403055905804
Kobzx2z,0.5629895405640603,-1.4564328508872824,-1.45624864386056,-1.4476571314512467,-1.427972891990358,14.197277425467759,-1.4022859545537967,-1.2670110112099646,-1.261812886595252,-1.2554185233776562,-1.2215186132689937,-1.1996911633273863,-1.182460930823358,-1.1648607428712234,1.512506740998772,-1.1265774936593624,-1.0839809552671482,1.6959544520334802,-1.061852739396787,-0.12146913535242443
Kodes,-3.063072312339869,3.57688345545774,17.780489799337897,-2.3453008773404536,-2.2952158214287994,-2.9307401997131937,-2.915467042691922,-2.6342193858042706,2.7131495165106125,-1.460744182178597,-0.5708516520261544,-2.093334754370338,-1.238143284455092,1.7072502151572897,-2.357052383705335,-2.3422466317739894,-2.253684949040426,1.7598158609359833,-1.3017496029483697,-0.25254425503569705
Kofs,-4.12644874466053,11.717204920924585,-1.054119013004336,-3.812991691587628,-2.564092908196118,-1.2886269148129892,-1.4930138695989945,-3.746141587531818,-2.1225263650177895,-0.4789913339891173,14.385752276792193,-2.1374958059405773,0.5082454955341092,-0.8309641203715492,6.791276682793469,-1.8298406359932307,-3.204980936023465,-1.9426544811681328,-2.821038480305268,-0.3591449299748114
Kohndo,9.662102118457808,-3.690083193381556,-2.8765238390354875,1.512299689375878,-3.3415781232679165,-2.1715372254537413,3.765083342181259,8.93878831969895,-1.3202173298370041,0.59187006456727,-3.0948940093725783,-0.40765797097011486,-2.3283646597616046,-1.596027960408044,-1.1316789566527177,-1.1026327901457846,-0.19765217478104127,-0.5459530312853211,-2.318659611536128,-0.3077596168466685
Kool Shen,0.5205277702279072,-2.0014595986981973,-2.000839885947618,5.608895027201042,1.050723022879871,-0.6447372559967528,3.600815010337817,2.661620078255623,-2.6549207267353387,3.413810760541939,-0.8206916852232714,-0.7312573658926886,-1.73055549787412,-2.397384279964295,-1.1966568550389958,-0.0463713164534048,-0.2317818891417073,-2.169258497484998,-2.1181910860142263,-0.2877794104265041
Kooly,-2.0152032145380847,0.015716377297849464,-0.9878414791857161,2.0599372449039124,0.6066352200981305,-1.9281415746018118,3.8167684026788242,-0.5790314691368121,-1.7259495948964039,-0.5525186248472745,-1.6708337489093734,-0.4221916370398143,0.8556813289282119,-1.5933352311049167,-1.5507108733016948,-1.5409701307256662,1.2150664979056576,-0.8013492695867642,7.498033968733211,-0.16614951987635143
Krisy,0.5037387229691268,-3.66772259918211,-2.6451123298169614,-3.630802914417254,-0.8382767085200435,8.142151010447563,-4.0751365063444425,-3.082838074657505,-2.5888162056875847,-0.8995011330172152,-1.1807663736466745,-3.5349477437112165,-3.9731958719982208,3.239644682943895,3.803497852318093,16.027431484274477,-2.544083146543361,-0.049987927746083474,4.279727582089289,-0.4081493570331174
Kroc Blanc,-0.42726645005195313,-2.6418594271639924,-2.6415252895003274,-0.3410456704682001,-0.6599085756020348,0.18065283817986563,11.60929935786148,4.663518467599642,-2.288833479522251,-0.5207181417734704,-1.7644267651733627,-2.176149355334558,0.18622141622655752,-2.112969597631112,0.8612134742060613,-2.043526668788312,1.593798860339115,-0.4293251255664197,-1.926120842555056,-0.2203358575003676
Kvra,-1.1833680739801078,3.1042719524573514,0.5401719893072996,-1.162786189589929,-1.1469754279799873,-1.1322437186641696,-0.2385143095723557,-1.0176877341187107,-0.026844846671066198,-1.0083764238215727,1.0572824202685263,6.300695871802865,0.10310494319253029,0.13315000206491126,-0.9106087793880845,-0.9048888183941253,-0.8706744554123911,-0.8678870157459966,-0.8529006447107653,-0.09756635719829634
L.I.O. Petrodollars,-2.306809050320048,3.420255327147769,-1.8415702492720136,-1.3843427678841298,1.3421640769129006,-1.3010031270132159,1.4479257454497505,-1.9838386104085102,3.0857986843766447,-0.9482318133397345,-0.8669158957184145,0.2510042499087323,2.4694768206130973,0.36921254089055416,-0.6484083076754585,1.6374980445501217,-0.5188850261292668,-1.1007449582356243,-1.0611452689677106,-0.19019184445289208
La Boussole,-1.8140689062563655,-1.7933231228495423,-1.7930963065426964,-0.09950452159379036,-0.05206718182271546,-1.7356967536130836,9.277306865995374,-0.9190953495279381,-1.5536852419033729,-0.251993212986907,0.49051703369544836,-0.8002348811842149,2.664962494123988,-1.4343069121432317,1.469522360859942,-1.3871682912406784,1.6621675706042167,-1.3304456018835025,-0.5426371547709664,-0.14956639384842452
La Brigade,-0.710733421886503,-2.589540198460812,-1.4305593061481943,1.3111620909641264,-2.145072927252469,-2.107338285652722,5.52833711842162,3.961884721020061,-2.2435055559212036,0.007870146460278438,-0.3301248495401251,0.21100497869459803,4.080939925738272,-2.0711244720027193,0.4647866789837015,-2.003056786838084,1.185811015069966,-1.9211498051121387,1.290030342533523,-0.21597233912942
La Canaille,2.983872765584178,-2.634426873455106,-2.970636700266068,-0.2441028099951489,-1.883074749750718,-2.180021457585531,7.626911419953939,11.730920251301207,-1.4085024863544302,-0.21808570081528905,-2.090489783271197,-1.630044723624005,-1.5829880270349215,-1.9553923730364244,-2.3126594760645887,-1.8629966712236743,3.2155832384748364,-1.2967843648884918,-2.166098990909661,-0.2477878169166087
La Caution,-1.1092457429588063,-1.4722099988461796,-2.150708181416912,3.356473646616465,0.05851971377545135,-3.806194418663096,1.3927464643106413,4.22768476215803,-2.519052554036501,-0.39136036741970687,-2.623763584310845,1.8606126363788515,2.2718877716395065,-1.5500552630661122,-2.5647385714606066,-2.2448791881151373,11.317483754196761,0.3865765788319731,-3.2196293288567484,-0.36830492344859317
La Clinique,0.8210817687348516,-0.9923536713674912,-1.6123023438252613,4.6363297867820386,-0.9484840612156235,-1.560690261760317,1.0238381132514867,-1.4027857341817331,-1.3970305710541686,-1.3899509786738702,-1.352418305422275,-0.5753824936623421,3.2738632814840773,1.0364534850946203,0.3381997582970543,-0.44557344873428245,0.46632767284630583,1.3114331224922364,-1.1756424067765139,-0.13448594275312398
La Cliqua,-1.8036238856077176,-1.7651584004104048,-2.1570052734260083,14.828016304410824,-0.8996309718434267,-2.4676679746338888,1.2114663713402036,0.9379988289800888,-2.208899282742389,3.717554888222729,-0.7354175047130972,-0.19552507152660906,-0.6207036546442364,-2.039177192408721,-1.984625823321268,-1.972159457355034,-0.31663911815523965,-1.8915158981230729,-1.8588538596883257,-0.21264094654015103
La Fouine,-0.8094093227855286,6.70232860459873,0.2798047878373196,-1.0604929903833376,1.3172262376964852,-4.1593356854681005,-1.0985071380646338,-6.325349812846297,1.768257608048134,3.398853015962924,-1.7600244102834077,4.263613348710091,5.495966525158788,-1.2646807023309419,3.788312718554145,-4.1187668524129855,-4.635195358693282,-4.457680374176019,1.7747608919383573,-0.7529063766140566
La Fève,-2.576805061226958,-3.835811537563068,6.386756909272964,-3.408367030840776,-1.7407554954249642,-3.425117917272606,-4.592320567873477,-4.511238806793211,6.191194796842525,0.6754927469355625,7.146943199690825,-0.9940406648897104,-4.210195169160871,10.31891569296481,0.6703840291606948,-2.2661152459042735,0.026906156596114842,2.910968999509176,-0.07781132759848672,-0.4324952775279518
La Rumeur,-2.464379027685379,-4.2916455365765165,-4.503077361906801,-1.9139135657280122,-3.974761519174747,-4.564220347048343,20.78753777720264,13.448141519942151,-3.8408373820460433,-1.8508161611712348,-3.702295359120563,3.581194572936878,-0.9556049907165474,-2.44601084945536,-3.398359778436764,-3.3735798540021302,8.456689683731947,-1.4977437345154827,-3.147298527229344,-0.39330256158632526
La Swija,5.959146383609289,-0.8675728683457573,-0.8674631392782899,-0.8623453179791646,-0.8506197433456569,-0.8396944153112827,-0.8353184611895685,0.5702266884354995,-0.7516409868512482,4.600963153217816,-0.7276383572278962,-0.7146361076940688,-0.7043723442611884,-0.69388820451014,-0.6753255451700767,-0.6710835085629016,-0.6457094578633761,-0.6436422372795856,-0.6325280470591177,-0.07235714675358651
Lacraps,3.2152596632777595,-3.8589667859618015,-4.70789959522021,4.935005446313533,-0.7174183775004631,-4.337759740479997,2.304624707852087,4.204435877018159,-1.6279136295040582,7.767994190472271,-1.1635562206503463,-1.8158102824096332,0.10108109951489176,-3.5003303008539244,-2.0280797660399954,-3.3675409131317684,9.907325069320606,-1.7755441567299712,-3.4328588755493916,-0.392697014557684
Lacrim,-4.784542915711468,4.226549282241459,-0.15190595949933478,-4.760149539294982,-2.759666336880791,-2.4701765747692663,-0.6504929279117655,-4.045314214615262,4.143200116925002,1.6038566416599194,10.911363653488214,7.893225494272268,1.0414494387973896,-1.2437876757146014,3.2040280514097694,-2.003684308593647,-2.799390040692658,-1.822316439441152,-4.384659752123441,-0.5902563053828457
Lady Laistee,2.9846521343884262,-2.0572694277167827,-2.629792853431569,-1.7392820297907383,-1.3760237618955935,1.0629423990997477,4.972620883558698,0.5870691699503732,-2.6928666917989066,-0.01652933702915933,-1.2188359111902132,-2.526882768285701,-2.833452617676251,4.37389704199039,2.804986265121699,1.7456542383146836,0.8674363723101741,0.11442800416009626,-2.151434544237076,-0.2910684247678119
Laeti,7.220205306849285,1.428505847162601,-1.5323636234381546,-2.014004758758827,0.5302182867900734,-0.43135278280368133,-1.9508836203382893,-1.7626868617899856,1.6624618673691596,1.116212358614842,1.8312668699178887,-0.4707298194200603,-1.0371785859888967,-1.620573703869274,-1.577220671781844,-1.5673134087233953,-1.508052393692935,1.8229589483141753,-1.4772672505149897,-0.1689898883686141
Lala &ce,-3.398966017552539,-2.7648740528668956,4.081536084239585,-3.0404343263747173,0.3480689098499571,-1.4071735264769911,-3.2351744891831773,-2.923085471753148,0.18052923672461674,-2.8963407690926606,-1.3987509273324674,-2.406472534929154,-2.3614564485889775,15.173596209950615,-2.233192111127765,9.328132102738154,-2.5008219770733837,0.31525397765871155,4.489654695421997,-0.2802380268536031
Landy,-1.810854944739272,3.7709038254067044,7.780018295331752,-3.9688330237656033,-2.6376851726406403,-1.794505287895862,-3.3242143196860474,-3.4735815778115278,11.283405894660628,-0.24579814687496665,-0.36277228208503487,5.2241525284639465,-2.9333105625413003,-1.0015997085919544,-1.8211382233563262,0.47293749576704275,-2.9717944387523314,-0.5992358985859438,-2.5676193215802434,-0.3330144318620676
Lapso Laps,-1.4249638584512645,0.7210036854314787,3.5613725444149185,-1.4001799877021333,0.790975315313526,-1.363401982470312,-0.6189950485402288,-1.2254583102250889,1.2377179992116838,-1.214246007865711,-0.335045977480306,-0.29853456950555907,-0.2693115256221986,2.423664559339574,-1.0965181741485421,3.499081363914185,-1.0484308802401388,-1.0450743584026512,-1.0270283779816685,-0.11748545198266484
Lartiste,-1.297818064056979,0.12621324065983203,0.5033915228790679,-2.833056948822017,-0.4277038209136746,5.525315835495168,-3.9537179938726412,-3.3343591323519086,-2.659435276089603,-1.75425557717003,3.1526202287952674,-0.7347023353308055,0.5385240440422496,1.6159209352809851,1.167116605294343,8.756470028373935,0.5825993537069991,-1.1628834867884579,-2.5919577803655005,-0.4439001227176817
Laylow,1.5130112016755985,-1.9851345622081993,6.68623269370239,-3.642924536491272,-1.6151764939705122,2.6989114070747404,-3.4978867814816317,-3.0587896264842436,0.01589509588806621,-2.7412475333339468,1.398503901048526,-2.5434282044194854,-2.4815221274358197,7.217210576792632,0.7895129825751817,2.0805554679962257,-2.4434616203510227,2.1129428290489733,-0.054744175285208085,-0.34632621367363164
Le (Vrai) Ben,0.09408824135594965,-0.943151143038634,0.11737771086332001,3.3293432150491635,-0.9247211531150452,-0.9128440693570855,0.19312928146315092,2.835883069869573,-0.817119900553787,0.4170649124803084,-0.79102629113996,-0.7768913556699532,-0.7657334684577696,-0.7543360069297536,-0.7341562687051898,-0.7295446887206881,2.1472042459142253,-0.6997128817095764,-0.6876304831093699,-0.07866051170704783
Le 3ème Œil,-2.311301382023402,-1.9302148297106183,-2.2689816881636125,2.5303816942328674,-2.5443006510052983,-2.5026762573607586,7.379104673770652,1.7248556786004337,-2.5539710612222764,3.755634247387434,-1.2590242038167154,0.04269825184028594,6.380921012333326,-1.9335993309414303,1.6274846677088681,-2.280248004766685,0.5406625109067048,-2.187006398795651,-2.149241933202274,-0.24585947774410535
Le Juiice,-2.499041624638379,0.022226313926131336,1.797892647519215,-2.086166079850708,0.13387288070501996,0.5737633348224775,-2.7125935941385526,-2.4509166205113795,3.7045103293809465,-1.6049356742612808,-1.0932979032838306,-0.16616328683627146,-2.287362242970954,3.959748442312352,-1.7370475542333061,-0.3437761408757371,-2.096861760551813,2.2157649853981796,8.65645547047638,-0.2349709046037066
Le Klub des 7,-0.9168694795941764,-1.2726948116801835,-1.6752456676610818,3.209090435355194,2.0878748644889678,-1.569160733968919,-1.5522816191193238,-1.6956303324955324,-1.684865092392441,5.808217420711669,0.32098467881976445,0.40188436708910835,-2.01477803763501,1.5420333307358596,-1.931692928830552,-1.398606085570444,2.484416923994474,0.874750954311671,-0.7038606349286857,-0.206969499217288
Le Rat Luciano,-1.3893847615228148,-1.0187686566934078,-1.3302631944482979,-0.044132957091551836,-1.8676910794855337,-3.100777126634306,5.66849237969244,0.4421651565285756,-0.9742178578532847,4.842865407720287,-0.8261594204207799,1.5293262332840785,3.934711434611852,-2.562352010230336,-0.8898301007456907,-2.4781400894744374,3.486958889978041,-0.6938760288812031,-2.335764612233068,-0.2671964746719006
LeDos,-1.0248268140820391,1.9480813282399798,0.961396455882509,-1.007002379342174,0.013425343081045874,-0.9805518236257839,-0.9754418101307005,-0.881343430852444,1.4008837688585078,-0.8732795995924717,0.3271894435171204,-0.8345151829710868,2.8247550686692495,1.657974844613844,-0.7886103358433699,0.49241226100272895,-0.7540261967967345,-0.7516122032340671,-0.7386336252067254,-0.08449494374049352
Lebeey,-1.6095545959483546,1.5512382919416952,4.694620465170338,-0.9492731802825771,-0.2780493647587606,0.40801128108505,-1.5319923591060352,-1.3842049703024477,2.248536391417497,-1.3715402190623103,0.1641786919089015,0.2152924837919537,-1.2918343117415383,2.6563391069546216,-1.238561845818575,-0.41829019348468843,-1.184245292835981,-1.1804539649943615,-0.2980535698553597,-0.13270459332799775
Leck,0.11176010270168883,-0.9450408695148482,-2.0841786355586045,-0.6216807883615264,2.080842690733356,-1.3359263180979175,0.46822890297666037,-2.397983412999246,-2.0538698466680474,1.9333365171783246,-0.5652740044646911,-1.5071671070478079,5.924677061779958,1.1119757837177475,0.9287284559775549,0.23228858741042116,-0.314953563295952,-0.683288192048061,0.5678834224000509,-0.2926990729614803
Leeroy,0.6139946271666198,-2.5090165900743404,-2.110086308269016,2.3178449258123575,-0.42745818662133567,-0.3694167868051555,2.1377388166486693,3.3150884588843796,-2.173742142746092,1.0739287459909683,-2.1043266525673125,-0.6151517221101538,-1.0552254014598719,0.4849050534947912,1.6311209437387861,1.6660449924783662,-0.2608671899141764,-0.24972904595092835,-1.2826013628175983,-0.20925652444296577
Lefa,0.5004227653650782,-3.413690777456362,-0.8374255747064998,-1.7032767561904743,-1.57877950186686,8.800384065311238,-3.1334361325112954,-1.7698198742884421,-0.03984474203238541,-0.20556385031977445,1.7997428349830025,-3.1387376861495486,-2.6018071510027108,-1.818821793165017,2.620218916950076,4.8301504882414905,2.3787302565022923,0.6768879716440097,-0.17979492396696495,-0.453447454166438
Lemon Haze,-0.40709542681780825,5.122179158822456,0.5535902043832229,-2.175373767816403,-0.7477110146263154,-1.6461426708351938,-1.6326306512086575,-1.9039194139629088,1.2682680024784398,-1.886499547486599,1.433201014072523,7.627232382134549,-1.7768672115194035,-1.7504196595772894,-1.7035930330026885,-1.6928919658505996,-1.6288827538613155,1.4557794737358896,1.5379255713027182,-0.18252994124063435
Les Sages Poètes de la Rue,-1.729985511045668,-4.08455667735285,-4.491985425925383,15.657478335675435,-2.3075893905482605,-1.3700815011117085,1.003529183828937,-0.27591550488685346,-2.3616998651253005,-0.910254101029788,-2.1639599981667343,0.9175171083781273,1.0476877043995554,-0.09276756471607182,-2.241961233357684,1.2212756535802345,5.125659085611937,-2.535648733517376,-0.49441566762992706,-0.40873201165848805
Les Spécialistes,3.3607645344677053,-1.5911476484977278,-1.5909464029839195,1.5798749249635144,-1.5600552458186436,0.40801128108505,3.689965800220155,1.5055404688554808,-0.6531135520099528,-0.6424329088658096,-1.3345046892606234,-1.310658278747563,-0.5177412327367199,-1.272606169739781,-0.43117382291859224,-1.2307818577417466,3.0378529750572256,-1.1804539649943615,-1.1600702966281276,-0.13270459332799775
Lesram,-1.9072082764555376,3.0769806771958397,5.360666800342633,-2.6130369687483155,-0.24967570163881128,-1.7583617731473453,-1.7409841708822524,-2.2869687443190303,3.869272730711004,0.3817418023440091,0.9699582468964936,1.9907134211884996,-1.6658292868300963,-1.1513769633886255,-2.046338721559365,-2.0334847079241385,1.1099504490803558,1.1260634385179709,-0.8731716508405997,-0.21925311945916534
Less’ du Neuf,4.7319512196666444,-1.1698350170660698,-1.1696870584216847,-1.162786189589929,-1.1469754279799873,-0.24904164526092412,3.312801185459616,-0.03506804992902371,-1.013512499954058,-0.016683266109864925,0.03806752974738859,-0.9636151310796695,0.10310494319253029,-0.935638664134928,0.18755765883952447,-0.9048888183941253,1.426395347547295,-0.8678870157459966,-0.8529006447107653,-0.09756635719829634
Leto,-4.902785634014863,11.589181350731694,5.607620327872505,-5.813930948156045,-3.468045666242076,-0.8919273969767181,-4.921452817831555,-4.891914733982338,9.732452299929372,-2.8601571722771224,0.5980236049752167,6.389718463665013,-3.0642687070433214,1.3070232101161248,-2.7959775959380977,-0.7670764127258526,-4.123665297027091,-0.6523191967294794,3.942783337512671,-0.48783178845134595
Limsa d’Aulnay,-1.5507465623504424,0.11331685977095286,-2.4617637330371887,3.390509045830035,4.178507616114987,-2.3410486746805,-2.3218965623252226,-1.5919198424044674,-1.5762601690045916,1.4310012059034063,0.84960042435101,-0.21351984244356206,1.0470110826860608,1.9435276445267413,0.06372694305768425,-0.7378147405413295,-0.14898419900966517,0.2993159550361249,-0.056719995276230645,-0.25905659363634453
Lino,-1.8889931814415233,-1.828725244690043,-3.528502106280579,9.60637834196323,-2.303916938981762,-2.8299924824225324,1.605560820053631,4.09619776731064,-2.0761512854617137,-0.7406875540738067,-2.6218829193309645,0.18926169721078873,4.813469833765609,-2.8224668926685665,-1.6548453376345071,-1.9970267107027657,7.272631403458447,-1.854168989466495,-1.0181982467534123,-0.29432068688456897
Liza Monet,-2.0225994419674924,-1.9827378072756208,0.22511761980019998,-1.221724888186787,1.461738594429114,2.689878571764115,-1.8532636031185066,-2.3648925876218247,1.8907513237630127,-1.0629846962889795,0.7902213536693973,-2.2392392129932697,-2.207078759161906,1.0453061030079716,1.6645411523664337,6.457359257486715,-1.5290138722204802,1.9499179380494112,-0.4683103687604232,-0.22672372691781945
Lomepal,11.217077951754083,-4.236682914222814,-3.0433434998695224,-2.6019719438275497,-1.4873780783101613,5.602391493259959,-4.844585212842556,0.6487571405361899,-1.377139685577194,2.349164306102575,-2.087410527119459,-2.9382953933512255,-3.105979884491856,-0.7939859328887767,0.16841971688255866,-0.03808761484870936,1.3286374383536816,7.51831281861051,-2.032902640661014,-0.4196487719551824
Lonepsi,32.39700083460211,-4.423770985441245,-3.971051316630518,-3.9422719793269745,-3.876213142951361,10.899557883454664,-4.259305133963383,0.5689754442959875,-3.57171476180961,-0.9285009870278573,-3.710242182680546,-3.3695154902791753,-3.5916083285709277,-3.538149495402357,-0.8298768528299955,-2.837391808203794,-1.773875380487813,-2.063154610682817,-3.225272855236741,-0.3689505066324227
Lord Esperanza,16.546520378830547,-4.091675337193654,-3.914585603639513,-2.6301244793217835,0.18302561409333512,2.331287050281104,-2.3557967545649166,9.235187046069429,-2.6819121752810724,-0.8064156834498055,-3.5011974903120833,-3.820880876087996,-3.95821705508968,-4.100019142018506,1.917193765123782,-2.7972055220206706,5.005008746655074,0.06208487696396898,-2.44774972233479,-0.4734733596476867
Lord Kossity,-1.3357198882072105,-0.0908646695375753,-1.6934334812881797,-0.4644288020639308,0.005818534178562348,-1.5870553566154346,1.343413241395703,-0.3281652742646604,-0.31166832668691835,-0.29128873061057875,-1.615043536437595,-1.0824437440843404,-0.5451464676867852,7.023219912006672,-1.9423949106074927,5.3229638078915,0.8349952478049009,-1.8512662743139454,-0.17031270110948404,-0.20811615341943607
Lorenzo,-2.9502843634969893,-1.616176067531268,9.624808371986736,-1.5786505715809054,4.498045509068891,-2.2057696599482455,-3.769465270741876,-1.9377656383115511,-1.3280981180354368,-2.4856979568212396,-2.3699010105494507,-1.0542449601657549,-2.5493402983716,4.214073171226229,-0.7504999587753448,3.9061613380722875,1.5476417106917166,3.2927628640415487,-2.153666954096126,-0.326519485571367
Lucio Bukowski,1.1963561039647377,-6.353830500878362,-5.8808110278669234,0.9680690466792264,-3.500795166761871,-5.661825442657782,0.5843549758782982,49.10885508499368,-4.233160229164242,-2.920688733124416,-4.2030781749364055,-3.3231011591250383,-4.577048258886425,-4.491478883236015,-4.339305152622959,-4.9148043018684,8.381697024415462,-0.2588598729091357,-4.632436242455707,-0.5299209634746428
Luidji,0.7593252262674932,-3.0534063613333173,-0.706062766172056,-1.451762456774407,0.7599322648868014,5.715784455983597,-3.6929630911096973,-2.7373199887512687,-2.1192997039710884,-0.2815474291020542,0.5133847772348932,-1.8933697289309752,-2.1506705943629916,5.081740668909173,1.7034961857044906,4.111274886793854,-1.1031978035616827,-0.034158372588920335,-0.29322283886654127,18.4363967260336
Lujipeka,12.137857388790987,-4.005624838907868,-0.6372722526704945,-3.976062015203789,-3.909629917014747,8.909137337210124,-4.288987061947585,-1.036705154929738,-1.009112800494647,-0.4541750577910888,-2.1301441825359264,-2.579221940001182,-3.6166372608505797,1.2087142386481207,1.7235725109207245,1.1977358898767352,-0.29922913220034936,5.1676702987950005,-2.9398433185243866,-0.3715216214108009
Lunatic,-3.0321265072895405,-1.8573276837161028,-2.984112674943672,1.0096501071811994,-2.0417329440458185,-3.4342652364954427,7.12113838898382,5.660123407880756,2.781168839618735,-1.4237993695969795,-2.975967291740671,-0.18567807572975079,6.8386713915208155,-0.018979073594935877,-2.762013181092307,-2.3803203157962383,-1.1262434050513146,0.02670670503107235,1.6650935063443073,-0.29593341505125625
Luni Sacks,-0.4985880361637761,2.1695415906747875,3.2898596017249973,-2.288941639152155,0.4160302588635549,-0.6669913418783769,-2.580776448136762,-2.3318155378046734,1.9839217989367177,-0.5792391365101268,0.4208400529713365,-1.30208957036423,-2.176209004463751,4.386589119135523,-1.6071877035410658,2.7497265873220695,-1.9949657989023861,2.5372659276696465,-1.9542408824405975,-0.2235526095217055
Luv Resval,-1.611953132874509,1.8901087521961784,6.17478663595187,-4.672870292791619,0.6930413247566712,-3.764896901663832,-4.4692441355173225,-1.1833090750373807,4.824696587466359,-4.416729159099397,-2.36002396003761,-3.7498169441835087,-3.670890365813846,5.557235979894026,-2.7577469990838597,0.5093442401841497,-3.4518263718422695,3.5388251579851158,15.738260619992367,-0.4674029373055975
Lycos,2.2096199208218064,-3.671493235367815,-3.398625674695894,-3.649370694995303,-3.5997490787449715,36.688341917170604,-3.534995377965468,-2.254717410821083,-3.1808795542085173,-2.216820986636304,-2.42980477030417,-3.0242781107588357,-2.980842752897552,0.8095134588446729,-1.45829952703733,-1.0793836215119084,-2.366632849851493,-1.9895801962938267,-2.676803909871469,-0.3062091807015487
L’Algérino,0.6578209389477233,-0.3925651621581732,4.904300807316419,-4.476572605433325,-3.5994239649440884,2.9668616722002974,-1.2433416846853622,-1.0545717496920324,-1.4751564764476222,4.477479600204407,-0.53553928106939,-2.295675560056896,2.6233500330519273,3.2775537018070513,5.1004680900060615,-1.409026962937358,-3.7951819641020657,-0.34663456254521796,-3.7177077194169987,-0.42528189343300926
L’Animalerie,-1.623124819924045,-2.693162458216372,-2.3214641771405415,11.144843511775,1.5252855694774048,-2.6066207902644134,-1.0504438614170335,0.644865903499015,-1.904699956326194,-0.5984009382851075,-0.9306148782555745,-0.8660878869193875,0.5575048248384216,-1.689749834368821,-2.096378842350037,-1.6031822015261386,6.975607134883396,0.5044440359091711,-1.454236529276115,-0.22461462314776262
L’Armée des 12,-0.197437297707591,-1.8773834121475144,-1.0112156785802493,1.6229978134603364,5.240109063838278,-2.2360021847624436,-1.7747799352875853,5.453760036179022,-1.501908227783461,-1.9913838774969574,-1.937610786548177,-1.3774978551266444,-0.2762161038162468,1.3994747604764228,-1.2422300581058434,-0.10823245312318591,4.096388267216886,-0.5470372127468107,-1.6843438153498687,-0.19267811788599049
L’Atelier,-0.862196695873093,-1.5026802873096639,-1.5024902309897517,7.879537721983704,0.5629055891820395,-0.07924962694722334,-1.4468140153497018,2.517598369596927,-1.3018803783543844,-0.5232508928824349,-1.2603066043340148,-0.4298919838266162,-1.220008687788741,-0.3697987768804129,-0.31477674327509436,-1.1623507330385616,1.563998036437311,-0.2178161128158715,-1.0955707148099862,-0.12532625526584665
L’Entourage,-1.3724231096167858,-1.0138130120700155,-1.3089466676979515,5.2708467616154815,4.530351554880251,-3.271772952365399,-0.7967557397064947,-1.5805495250950883,-1.9043316068115377,-1.19789363277931,1.75012076524036,1.8842081535445223,0.8991369075632181,-0.48443836210390406,-0.3511115062500169,-2.2323614565882166,0.266335425349262,1.479556449500954,-0.8415737474207113,-0.28193132339365085
L’Skadrille,-2.5848158496937272,0.9274469983628817,-0.9637064095706868,0.019754003204297807,-2.1447824209853583,-2.7438387539205857,2.5135545567449427,-0.5843729678428754,2.347407929194245,0.19253468744428526,-1.1562048682750197,3.129300279489554,1.6970435040007759,-0.9596845208187142,0.3667127048625136,0.4001434238380411,-0.6659014438101666,0.19710634462918503,1.1474861525030522,-0.26451101480571615
L’indis,-1.3976173485389922,-0.9170211396986105,-1.8054812845190469,8.94069720524326,0.9665513953865824,-2.1779142780540117,0.14123689425927835,1.1074764518056848,-1.436586130947818,0.12257611387406099,-1.3574100397836444,0.3044695504600017,-1.279563138589084,-1.7997369048334573,-1.1806814141723472,-0.5915516646434752,4.893267741121265,-1.6694140070820715,-1.6405871468281545,-0.18767263594008193
MC Circulaire,-0.7945244003922668,1.9766124808753207,-0.7695527254342848,6.8415984793698374,0.6729073254704746,-1.40963206180174,-0.6891646423836671,-0.47775188789521844,-1.261812886595252,-0.45887141074936005,-1.2215186132689937,-0.3661433049294099,2.2003146818378445,-1.1648607428712234,-1.1336987876671292,-1.1265774936593624,-1.0839809552671482,-0.15502226323485535,-1.061852739396787,-0.12146913535242443
MC Janik,-1.1534045251275116,-1.1402141328677142,-1.140069920619878,-0.2509989821542117,-0.22342566153423377,3.42715637173309,-1.0978235369575595,-0.9919193051664495,-0.98784979029201,-0.9828437625117354,-0.9563041547387677,0.12550212494903096,-0.9257266231374456,3.4742683738520665,-0.8875516501245007,5.920925654275276,-0.8486284858153658,0.33624496073711857,-0.8313047180520732,-0.09509592183210737
MC Jean Gab’1,-0.09119287735900988,0.3258002034305948,-2.489191078236856,0.008064315565792292,5.1106503947829225,-2.7502104369250286,2.3813089949320405,1.5734263030047246,-2.4618133087446807,0.00030384861563999087,-0.7047821386189717,1.0772949923324302,0.29378743770912263,-2.2726584187802477,1.857110670788352,-0.3781040163798976,1.1950494481044673,-1.6337272409027177,-1.5889904100174586,-0.23698785923751187
MC Solaar,-0.25379900723247273,-2.5102120977042706,-2.2946100914556014,2.499229957649469,-0.6244620258669772,-0.5145239151451315,3.097966476727526,8.535919671410532,-2.3001823825581753,-0.5272427978156334,-2.8821232928721674,-1.7510348315194488,2.8303156407860017,-1.3088433581796959,-3.3494833542132314,1.3939140498603222,3.7458958393410158,-1.1399107879902677,-2.806570830565732,-0.3884317537066028
MHD,-0.9520611704974937,0.06877229479072998,0.06957231169171499,-2.465984238390065,-1.4366705904885402,4.899611082879063,-2.679754370083574,-2.3537655532941097,-0.496123432779693,0.27063118859021584,0.04461589629164294,0.14004115295613365,-0.9646307994540929,-0.9030323066923204,4.546825479828947,1.2999571078188716,-1.0395554606931825,1.9883872800811015,1.2272175747779481,-0.2608874050661716
MLC,-0.3669748133443397,-0.3341932723219586,-0.9623897161684938,-0.9492731802825771,0.362953575771181,-1.5400179548387622,0.42624195064128617,-0.6617686105129655,-1.3785260378668152,-0.6424329088658096,-0.585162998675861,0.978267865061712,3.3527241622873727,1.870550051615741,-0.43117382291859224,-1.2307818577417466,1.349013667899943,-1.1804539649943615,3.1500133372357118,-0.13270459332799775
MMZ,-1.927216233886001,0.8139809002782606,1.0827178254708165,-2.0979763473570516,0.9776742134348934,-0.5741421946458724,-3.5972516537760297,-3.2502339773486915,3.868666046251124,0.1951268587610183,5.1638092065841805,0.8216783606828172,-1.3849913818042654,-1.3149366997553809,4.656432271877812,-2.543960348994863,-1.7018505357961167,2.6398197356383504,-0.8883740009748329,-0.3116019581145867
MRC,-3.35751366173749,-0.004982480750753747,-2.7160510422807955,-3.2991176651414817,-1.717810250956814,1.7681442819345459,-2.5698825432441015,-2.887436754340983,1.2974652819136223,3.080922272227654,7.633792876888774,-1.6367334827346904,-1.2103862012062632,-1.1478488204314616,16.769013828574046,-1.7883989026544949,-2.4703230071251197,-0.8379923473823788,-2.419894223757872,-0.27682036208236505
MZ,-2.3073951604600853,1.3744720193510376,-0.4202868260790624,0.03804121547479086,2.6173127584766673,-2.5822245389634393,-3.1668413051608932,-3.6712999484384565,0.49538279983249484,-0.38399690379670826,-0.15813490977857736,-0.9784728508123925,-0.6275090200596084,0.23354580723961074,-2.3626061823854103,0.5094039437960663,-2.3891088651480503,0.04795053916087138,16.326939470154898,-0.41794403055905804
Ma2x,1.9893604516568875,-2.1411496421784273,-2.1408788333944155,-2.128248169571296,-1.6229626716097494,14.334178309416934,-2.0615465162012208,-1.8626743908218404,-1.8550324575520145,-1.8456318947271868,-1.7957945264251514,-1.7637052772694357,-1.7383745480586728,0.6232665764026724,-1.6666877241149587,7.400557674734942,0.9164506923383462,-1.5884940578332822,-1.5610644951093247,-0.17857575514544966
Mac Kregor,0.42698581055761875,-1.7690754514806546,-2.2193251525995525,-0.39318545375588076,0.5808250321545595,-1.217304681760402,3.0101099931070627,4.283705839680284,-1.9230047622112765,-0.3452551836803404,0.2870974246299438,-1.8283311612791813,1.527427965646824,-1.77524954742343,2.323733047186735,-1.7169058172820602,3.1906597202052622,-1.646699832945206,-0.3823738149034546,-0.1851191477535589
Mac Tyer,-2.178172107343598,2.568704745437038,-4.05773827755187,-0.5208071185989481,-3.131165957061748,-2.1027812705624918,5.28893440204117,-2.559868593750272,-2.3544663163890354,1.873387071860633,-0.3238705460081733,7.22656161887679,5.722650579269085,-1.0474983129348843,-2.070877884481865,-2.574678981496642,2.771330581264245,-3.0128579591679387,1.658845266093606,-0.5788571794704488
Maes,-4.543905258759962,10.60695078064274,7.936604055194353,-5.0145713783573305,-1.631054279419693,-2.900193872987388,-4.8451754874404145,-3.679138185706359,10.004893813658926,-0.9716673248126592,4.939074554074861,5.650895201687816,-2.842006261979407,-1.5639378447984296,-2.115444678610823,-2.8178342277859896,-3.3856391436566273,-1.8275685269862885,-2.7716723216095773,-0.43687508826523663
Mafia K’1 Fry,-3.6589050514057218,0.05756706780772468,-3.605373548102905,5.51314263119841,-1.2742880406526351,-3.4581661163608906,5.9507491661482295,-3.2811585883639083,-1.5739584433435785,1.0041369519233618,-1.3955859817324163,3.743406799332022,14.123518486351912,-3.2747353246440176,-0.6770360119469668,-1.2726397656492565,-2.391054936099719,-2.3791910048913723,-2.3151696802414654,-0.34148225184126774
Mafia Trece,1.4065347118237854,-0.8928486175524418,-2.2546670654846253,5.647268069747379,0.24732432783885436,-1.0825285358789758,1.4175349275268134,0.18601943027089188,-1.7577005806454085,2.210195398671542,-1.6505304666282066,-0.3513899411082659,1.3913808721278436,-1.0709876175613728,-0.9730499518438613,-0.5101104197932073,-0.8126137658809407,-0.8012083746163985,-1.673640594749198,-0.2448896140891993
Maj Trafyk,-0.08318835457200875,-2.2189702669333324,-3.6052176411309977,4.507688121658742,-0.9894021498602207,-3.4898095171753196,0.2730235564450961,13.122275824373082,-2.1635035501487407,-2.1427816335111363,-1.3707143851488424,0.3968725660502271,-1.2194070421686847,-2.8838320416036423,2.5376988521154282,-2.78905465177178,6.259615366827982,-1.5535152272870512,-1.868017659086515,-0.3007197106792016
Makiavel,-1.0473338515554544,-1.6335856990207909,0.20330415889901982,0.839702170085813,-0.35296268520845453,-1.5810923075776475,-0.301277734175015,-0.7174550095280074,-0.7087258014391564,-0.6979548229684058,2.2792769883654693,2.370156956336377,1.689644040624007,-0.541172828965731,-0.4851826375624205,-0.47222409014290484,2.8965839220730842,-0.38681372268807407,-0.3513880791062142,-0.13624400355995056
Manau,8.550298355211805,-3.4290248809256045,-3.1581703474718203,-2.5892250585046326,-3.351348983204164,-0.22895279404073998,-1.8772730382726752,21.9510506479363,-2.8929962292341034,-1.3071607671251475,-2.7803563325173672,-2.062714242073536,-2.337553722564497,-2.2827879411880305,0.593109394573898,0.6331490909428488,-1.3005198753577145,-0.5583089369333081,-1.9555738283233763,-0.30853191321070095
Mani Deïz,3.204247234072604,-0.800462422934343,-2.029668449507536,-2.0128428406010106,-1.138134802543585,-2.3614815048210587,-0.22076814776671158,7.30004550215811,-1.1677060535823223,0.274266598815996,-1.5576689285850782,2.468326274876236,-0.4664612454534228,-1.95142915271609,0.2068968352094331,-1.8872952645871328,5.342908812059787,-1.2576729009168768,-1.2167092299799291,-0.203490772475592
Manu Key,0.6972649088542214,-0.5897846271182651,-2.520433528746332,5.556879886796793,0.6670922625784634,-2.3679198791946185,0.5217908031675319,0.018201277064265282,-2.8218080111352535,2.316808959350902,-2.3820735280066794,1.368505120561457,2.834095117030038,0.20558015720606537,1.786193910616633,-2.803695459201173,-0.10286981414824516,-1.5734137537703545,-1.5073772741704894,-0.3022983026857367
Maska,1.8173952923360013,-2.504194122549101,-3.719088719562402,-4.905800308385878,-0.7060901094296089,11.551498019584553,-3.4894333475487262,0.36443477889380227,-2.1712499608097935,0.6817854507892785,0.45049960086212776,-1.1138278286406802,-4.00710712027178,-1.4141917571953806,4.227140027340805,6.659699903326557,0.9545114025521446,2.0735481185929,-3.5983917623287067,-0.41163291400667995
McFly & Carlito,1.6797981690713797,-2.122603131141563,-1.7686859991569115,-2.1012693547586987,2.272402903400934,-1.2778957446606216,0.9464599068233691,1.1949109060417247,-2.043422833465697,1.661209396244129,-1.1088983891824156,-1.9016136446785186,-0.1206380177684157,3.481558449548219,2.7919265596315457,-1.2748220999166568,0.7432838711522937,1.711948353463319,-2.062891449522012,-0.23598153681619136
Melaaz,1.1114046575042167,-1.5026802873096639,-1.5024902309897517,-0.15460252926747395,-0.794575879248487,0.6083222546890353,2.7002290296149547,3.2825667562654757,0.23435907431334688,2.56487741202047,-0.4668488881733716,-0.4298919838266162,-1.220008687788741,-1.2018496250675115,-1.169698155969216,-1.1623507330385616,0.669864828279362,-1.1148210569552457,-1.0955707148099862,-0.12532625526584665
Meryl,1.8888991896749228,-2.6158306206958164,-1.4684914562760683,-2.2154637800889754,1.7242605098055221,-2.1367939472972193,-1.3274324954960501,-1.3967371894601075,5.676238552465478,-0.48080357982025024,0.5409283400501866,-2.1547089373343313,-0.7111752133995385,2.2096397448856804,-0.0717232864347201,-0.5407347546199965,0.621314845698021,5.273407170302089,-1.3827995151088919,-0.2181650079291538
Mike Lucazz,-0.5825255552983748,0.6166185591472492,-0.5489837066774247,2.4006426021308425,-0.4925913160884524,-1.6601951851490548,0.7704337633370579,-0.15194101420227166,1.2055059738466931,-0.1259118380701955,-1.4386444344432647,0.7102995681274847,1.4795897217036158,-1.3719155864108454,0.9116153130506438,-1.3268274618324116,-0.49336505626636845,-1.2725721689283702,1.1482548689997816,-0.14306036256571186
Miklo,-0.16856021159278511,0.3185618815760566,-0.5522420152707257,-2.2815512557652755,-2.2505283013074995,0.47910613683060715,-2.2100449139845013,-1.4960581652532345,-0.4800979313739824,2.5701452760512553,4.827569946018775,-1.36185860466776,-1.3269965052459995,-1.291150484986225,3.8100309632903926,-0.6490895521742132,-1.123039058048566,6.518268817410453,-1.6735119099710496,-0.19143901745527314
Milk Coffee and Sugar,1.493412953514705,-1.2356991301471383,-1.7930963065426964,2.1445127495404854,-1.1895424181788357,-1.7356967536130836,5.802372675398143,4.208827891669001,-0.9100542328751194,-0.8989024996355426,-1.5040704230471524,-1.477194023858196,2.664962494123988,-1.4343069121432317,-1.3959368254032285,0.054617837035992274,-1.33471866597722,-1.3304456018835025,-1.3074719301166247,-0.14956639384842452
Millésime K,-0.9166329685698819,-0.9061503077593602,-0.9060356994862313,2.430088281206689,-0.8884433461926119,-0.8770322132240527,2.5660847640488336,-0.7882975291508946,-0.7850634066735468,0.49918534220490346,-0.7599934776641022,0.593327668815377,-0.7356929196602234,-0.7247425928248702,-0.7053545274677083,-0.7009238647334173,5.256587194571994,-0.6722623916450294,-0.6606539985565996,-0.07557457505118591
Ministère A.M.E.R.,-2.100269981582958,-0.14970201996769036,-2.0759885877163198,0.8436011472091828,0.42050294845224157,-2.009533252112682,8.005637161194128,-1.2525730775911188,-1.7988062433288479,-1.2309348180420367,-1.74136381965627,-0.5408256079097485,2.4669321256113474,1.3503770666481834,0.2400698183308697,-0.9833604351947243,-0.8981677572451301,-0.24193761696143226,1.7893101677539787,-0.17316310662025697
Mino (FRA),6.3654166281011655,-2.18234504805985,-2.877049752623684,-2.1607937083414663,-2.821186528123184,-0.2714423836986522,6.975313771366139,3.4891948147500345,-2.0917736862694154,-0.46437504140882696,-1.584563858208494,0.16127365664860235,1.0883153128279301,-2.3013668210307903,1.7784118750116242,-1.7764418509743432,-0.7407384786148125,0.2075079703998311,-1.6211815611425178,-0.23998150876582258
Missak Portoukalian,0.3909190002576815,-1.7933231228495423,-1.7930963065426964,-0.09950452159379036,1.654145672711465,-1.1595592469402312,0.010815691069422059,4.208827891669001,-1.5536852419033729,-0.251993212986907,0.49051703369544836,-1.477194023858196,-0.7691547787096364,-1.4343069121432317,0.7531575642941493,-1.3871682912406784,3.9098322480402943,2.4276937708492596,-1.3074719301166247,-0.14956639384842452
Mister V,-1.856084511215766,-0.3887532954049435,7.7113027308256745,-2.43382980428152,3.5498135617690934,-0.119280200385361,-3.680766837008243,-3.7599395774750124,3.466035147406942,-1.578197286596622,-0.8662698742649437,-1.0321896194582763,-2.6540948476384876,2.907462270410545,-1.283672599470574,2.0408794642491355,-1.6624390648918852,1.1596614175424655,0.022357358259577034,-0.3604677518756799
Mister You,-4.976716268488407,4.857875082338685,1.5540539030983744,-2.1895525582108863,0.13636874451360517,-2.099185892907034,0.5259023637210526,-2.9836795601861485,-0.28191977004736124,-1.1887983790386483,-0.34503492888997717,5.44983163897372,11.984164503770872,-0.7062127881827935,-2.7987576081754573,-1.047736921831304,-2.2825021025189494,-0.4787184034317262,-3.0510735676256227,-0.5046171257481195
Moha K,-1.873188240945698,-1.450077672755002,0.08744629664749401,-2.587035954092111,-2.159988084578555,15.741528057891053,-2.1069059806634196,-2.2642122703193257,1.7363442162658322,-1.7977629856777722,-2.18291507186693,-1.6774704681026802,-2.1131170329728586,3.2025679793824247,1.4291471186609948,2.4571320142145128,-1.9371283737966196,-1.4130406660687282,-1.8975841413881476,-0.2170714421034708
Moha La Squale,-2.849927716955162,1.4420073708902084,7.122745088964476,-2.8003599754578308,-0.5901659942715456,-1.9933445650360533,-0.5006883485892657,-1.6348953886061468,-0.39240410693656996,-0.7813793327293724,-1.0932979032838306,2.4192718263125856,-1.4129926471153966,4.4035387805673505,0.5428964164275747,1.950579755663369,-2.096861760551813,0.30202556216473647,-2.054056756036363,-0.2349709046037066
Moha MMZ,1.0079991760063647,-1.3133290000359437,1.8760431503961947,-0.8899840509909958,-1.2404702054049135,-0.3694167868051555,-1.5878323049988425,-1.724548232287568,-0.3335974810328404,0.14917010809019365,1.2221530987117053,1.804135756113577,-1.546133427850001,-0.5117455167738599,2.143143685710641,0.12026700978783447,-1.8673886670897555,5.659768794040141,-1.82926809002972,-0.20925652444296577
Mokobé,-2.111944446890575,0.7421385361548691,-0.8692103826232793,-2.0612325396430156,-0.37811268469168696,-1.1528152837819867,10.166461635033086,-0.7692076097701978,0.6407328690750063,-2.1390894219004326,-1.1204028423860666,-2.0441363810068056,0.46688490809867333,4.565024184971077,-1.4140123052447935,1.727111756268521,-1.8469794349787676,-1.8410663825083038,-1.2565680618427455,-0.206969499217288
Monsieur R,0.08574490120708812,-1.7870098714884506,-3.083628757217259,-0.1294753701342793,-1.7008956682528775,-2.9849174323343597,20.604726186455796,1.4171026266768507,-2.2976436963764417,-2.282197252061508,-1.0401433530412614,-0.17849846487993745,-0.10759724909850374,-2.466610424017773,-0.7343914140951872,-2.385545058785367,-0.11702563519811493,-2.287997751680149,-0.46951726444850356,-0.25721275102679414
Moona,-1.9263836575902482,-0.32901561287034664,-0.8537545142877823,-1.8928787772392677,-1.3315624508877293,2.49721453029504,-0.1973870359111377,-1.0530571309859813,1.9867519122930863,-1.6415178897230567,0.28110400432658844,0.3438185484298878,-0.25256385752330196,3.0727522145048183,2.565225987652032,1.242397864921073,-1.4173553257847198,0.002793098260866567,0.05206292949357964,-0.15882652302403938
Morsay,-1.2374599653263514,-0.08318503875695168,-1.7739182545427792,-1.7634525687816083,7.458706625023162,-1.1347664169482718,-1.1227669902421282,-1.543399865794362,-0.8864784253465247,-0.8753754607404455,-0.8159332488215407,-0.7771168704519159,6.196330850860065,3.514202346710972,0.0672124213421305,-1.3723318401668918,-1.3204431895911413,-1.3162158280316836,-1.2934878710488513,-0.14796670727219272
Moubarak,-1.5683747609019394,2.9954115457138943,7.893912508603774,-2.6387817970278427,-0.6819682106490412,-1.4019138998691987,-2.556079454669578,-1.876507033149255,-1.8652481706657933,-1.4143858400247733,3.6119789449619257,-0.814917355167613,-0.763519921575728,-1.1813729143995404,2.2886893719586787,2.3291999465079365,-0.9636648837119292,0.06137265629229863,-1.9355395825498896,-0.2214133008838213
Mo’vez Lang,-2.4963176868616874,-2.467769672027796,-2.0621820908216804,1.6239066342284405,0.8868563020744555,-2.388470741178836,4.778787696006162,-1.2152018204533597,-1.6702816362502668,4.454334595150318,-2.0697326250405284,9.281982296821983,0.4920123680445028,-0.9604230877358318,-1.9209313246011746,-0.8611220526072467,-0.20331649789458447,-1.2846032417102253,-1.7991958811435107,-0.2058164568211388
Mysa,-1.1488877919912213,-3.698350774600479,-3.697761891674179,1.1467032050149097,-3.607183161682513,-4.042918740399003,18.10727218687265,11.776687010797362,-3.3426412771883003,2.7871575900189676,-2.3616477774895333,-0.5344885252248781,1.0316056526612138,-3.3408982776243663,-2.328879356891941,-3.2310993663570042,0.7509196621494989,-2.776289320105246,-3.045464455622902,-0.3483815801690092
Mystik,-2.1597333297647188,-3.6298103904995562,-4.515052650801947,9.547720499808285,-2.846315696048974,-2.0824618589383768,10.142533704719371,6.76324587406175,-3.145380911400878,2.016587934472722,-3.523237884897964,-1.5688379402634416,5.335005908253448,-3.057844644392921,-2.092520777761852,-3.2066241213983293,0.20967838551066167,-3.3500888489243574,-0.25479567814178083,-0.37661119584856834
Médine,-4.352685907110643,-5.085032136721577,-5.907558156078845,3.737592387141673,-2.259553116570817,-4.176561717764203,24.765560692297907,7.398637392926809,-3.741004174308595,-0.8411706583765239,-3.9154892912763986,-1.8040217474565765,2.1679119233800037,-3.8278214723596156,-1.1311296029318212,-1.9302048927412143,6.542063403869983,-3.395739848669384,-3.0725898472967,-0.506500032013506
Ménélik,2.8213638096213183,-1.5694983723971012,-1.5692998650450822,2.92701909275423,-1.5388290153170934,1.1141354787990623,-1.5111479543785704,0.09943156790617555,-1.3597697075952324,-1.3528789383734712,-1.3163473168111555,2.5746730215607623,-1.2742575156986724,-1.2552909932615413,0.4153399920297159,5.375556055985741,-0.3120649897406598,-1.1643926184328397,-1.1442862918109569,-0.130899004513029
Nahir,1.0621051135069988,8.850110872835849,2.4086273514307366,-3.5125860090431367,-1.6819978876410757,-1.0895281803246664,-2.0838947361044595,-2.3712650721003357,3.940286362744998,-0.31628095920739085,1.0472316569469942,2.9933326223389054,-2.971166464961869,-1.3686562383295473,-1.5495576079058788,-3.1215385481491533,-0.33996231561164486,-0.32179199413470866,-1.2427885328238257,-0.3365685819675569
Nakk Mendosa,-2.619456290606372,-1.6614703860657827,-2.543501812763355,6.821195661347704,1.1856041321880986,-1.4206177342095856,1.8270752051387498,-2.6729310884943507,-1.8872650925640084,0.7035482051014931,2.5158762871818436,1.6268976044634613,0.9430288381229002,-2.7958328234499272,0.44286233405609116,-1.221917763492387,3.7451028080011985,-2.7663061916000444,-0.2759667388992215,-0.37787287843160067
Naps,-6.6981854922656,2.036082280717339,35.53145050962542,-6.676989625264062,-4.559623690654926,-4.154848657419588,-7.088381388042766,-6.650104619212494,0.17186572443892295,-4.768114223991359,1.5433362205696606,-2.4852854910492024,-1.8559335081322106,10.405637417790375,-1.076768329804974,2.8811389547627426,-4.986386327880967,1.0292602544571212,-4.855591768881355,-0.6375496768108152
Nassi,5.1386072463815795,-0.8271982734066761,-0.8270936508458924,-0.8222139996986995,-0.8110341029481668,2.946491840030495,-0.7964449028447428,0.6700201860777638,-0.7166615614999609,-0.7130298072378123,-0.6937759521103674,-0.6813787936037078,-0.6715926791454921,0.8498989828517909,-0.6438976428744932,-0.6398530196672968,-0.6156598115873991,-0.6136887940970128,-0.6030918295119074,-0.06898983242821205
Naza,-4.011586662950966,3.8847957546387164,3.6909603343341515,-3.9011012785661685,1.7700966418496762,2.933177461570635,-4.922519199001015,-4.447656348411533,6.633014573793524,-3.726221651872373,0.37625852851223207,-1.8367987156479408,-1.9826280595459,5.937650088005985,-1.718196873758825,4.136983246953637,-3.279553573256662,-0.6292298100966173,1.3698014908036,-0.42639958759086527
Neg’ Marrons,2.4622678796219937,-3.7194494628353736,-3.500902399561753,8.147547720979638,-0.5019955845486311,-1.0673342792237086,5.534458996099723,-1.239353562410383,-0.9601958627570697,-0.16655259034691838,-3.5905802723584386,-2.1948263950019578,0.5655922788440554,4.498865875975482,0.6240939141038218,-2.7062172551417096,-1.6607305292825987,0.11753088939643444,-2.1519322356133292,-0.38287803530231596
Nekfeu,6.737060815664236,-3.8679231902153726,-1.2074236523463704,-0.4344168552397155,0.6171940864216551,1.8672215949464541,-1.0119790032546536,-0.6276101292794674,-3.454602922599348,2.7474854306609022,-0.0806641709003413,-0.7724035275735484,-2.614436450938031,-1.4082960453477273,0.8474330022870101,1.137314175262419,4.138586300829768,0.11648155544987587,-3.139902580672842,-0.47044793978609795
Nemir,2.621986624857131,-2.579451857008175,-1.018087070906588,-0.358161774189544,-1.8676910794855337,2.7042192548214063,-2.1120500423598667,-0.6342407764750495,-0.9742178578532847,0.49748370671725883,-1.1983240780932565,0.013582613780298484,-0.6787794100796432,0.5597795189029363,-0.08784272722062667,3.1712580455362205,0.13187369713301028,2.6719848725291024,-2.335764612233068,22.188189581463476
Ness & Cité,-1.4249638584512645,-1.4086678999743907,-1.4084897341733813,0.028207803484791433,-0.6571024346111378,-1.363401982470312,2.330211945465366,5.302711544853759,-1.2204306625169372,1.2564230166671742,-1.1814578740679988,1.4250888392123395,2.35379726186927,-1.126658146595532,-0.18454058591263323,-1.0896304290190957,0.8591817602421394,-1.0450743584026512,-1.0270283779816685,-0.11748545198266484
Nessbeal,3.94921281565003,-1.0333420668495215,-1.888559375965929,-0.9831331084517402,-3.270891898094449,-1.204697866251922,6.394609655969569,8.483637189327116,-3.553604118208769,1.4356563457860718,-3.1528441069768727,0.5689488805437187,1.7431182428212237,-1.3281615506113897,-1.1619950598160689,-1.400217433156483,1.6992498211798372,-3.1776124516498543,-3.4062677789592852,-0.38965516383500104
Niaks,-3.074480442376221,5.515223077042818,-1.3936234854521903,-3.021007138158928,-1.3020375724363924,-2.941655471013329,1.1743804836768779,-2.2658197999077685,3.4431141931549702,-0.32962155260070675,0.19697634203779907,11.476627494872874,1.179695689790801,-2.0194836063847412,-1.0977776301826048,-1.5002574695057278,-0.49379343168616663,-1.3678543819001356,-1.7646171514697013,-0.2534848327994842
Nick Conrad,-1.518975343938647,-0.4862520292887399,-1.991905284556373,-0.9701308350717724,-1.4412559732428836,-0.37223922830296846,8.50892799805693,0.5749968241983628,-1.7259495948964039,-1.7172031724101935,-1.6708337489093734,-1.0315845373092787,1.473953999415109,0.9171220297118128,-1.5507108733016948,2.3526809401888835,1.2150664979056576,-1.4779583313752203,1.30155374806689,-0.16614951987635143
Ninho,-4.396667521207313,12.725001134714349,6.013389051038932,-5.905175352272636,-3.1480857374287554,-3.203432417525826,-5.0292982022226775,-5.124250145138791,13.610433687410287,-0.32455664922628846,2.1023684236434836,2.5241249049579144,-3.3444110744904427,0.02964939602027435,-0.546106662961601,-1.9715540842566388,-2.5648796395187277,-1.2196127531274272,-1.0832057341645067,-0.5093113396310417
Niro,-5.225711285421608,2.1779382002090077,-3.1179012312951184,0.9792478120835145,1.4748949336021653,-3.506092291365674,-1.37206857346553,-4.759796118989482,4.194049851795871,4.442992201657819,11.724002597495078,0.5035260588573529,5.967514926625869,-3.6174348775360525,1.9199315533608399,-4.847616014848437,-0.19723393399920688,-3.6381255961170296,-2.539676532025896,-0.582545510320961
Niska,-5.409946762303827,15.033074123886362,4.750960005787276,-5.127737009700148,-2.573636703462072,-3.0511227852867977,-4.372436484251171,-4.007701258098057,6.589370356927281,-2.4407230072605093,1.3110375859220038,-0.3193373960341822,-1.1177538930543343,-1.0044086852139484,-1.0402279134762613,0.4560448770546996,-3.2267311955572473,-1.69934754105194,7.38530328484662,-0.44603941281030535
Noyau Dur,-1.5416692277921882,-1.929483392967846,-1.0794961100040772,10.480110706646489,-0.5753241147760413,-2.2785965298941346,1.262603782482571,-1.5597894114387134,-1.5493754627519716,-0.058213239993747924,-0.9616170734819798,-1.4235715923958812,2.274057616206246,0.772490300415571,-1.832564818541096,-1.2719209689125868,3.384205686930759,-1.7465889276850437,-1.1338246548406774,-0.1963485070878551
Nusky,-0.6202017537749532,-2.3756526947421857,0.36241105363223675,-3.268236008924145,-1.0524440617512016,9.386777369356588,-2.2181798615535078,-2.8604086703962146,-1.0934703783143696,-1.775751652746406,0.5058785955294636,0.6145346950226738,-2.2949300591110715,7.256912655301133,2.519788593695928,0.20889337287995985,-2.4471993499550755,2.0700060913520124,-2.397242609269973,-0.27422916281801585
Nysay,-2.6746465398802206,-0.47365420786613227,-2.013369005373402,2.9718730451077358,1.844406868028684,-2.823564877854619,2.6336482177568907,-2.8239688554980034,-1.0345313466647295,0.7756830512614455,-0.5187761285826091,6.3016512807424,5.71197884741272,-1.4407978272929796,-2.5268368148199953,-2.510964567215419,-1.1743138189742202,-1.9930561283738495,1.8585835773337427,-0.27073565503730895
Népal,2.1197275597727727,-0.31326783431743876,-1.2617787247756092,1.9511489487719607,3.3548274239624862,-1.7516030574259387,-2.7146114923183005,0.8871977730126256,0.18309667588908565,-1.2563146488449755,-0.7647724152851046,-1.4512695177212578,-1.7867749719584725,-1.3412271655324532,-0.4280812692731048,-0.8087994618628317,4.449036580265138,2.346126829461863,-1.4365097768918846,-0.26360978215100916
OBOY,0.3179461473290977,-0.47861266264030994,7.439626592109541,-3.3900751678552883,0.24455971677573818,-2.6951577045441675,-3.283826459657288,-2.967044110936547,0.7677950279707965,-2.2596013159256434,-2.510923707967049,-1.385603526981689,-2.7690475537973236,7.536729647514587,-1.901522032290935,0.3942101365879703,-2.53843043293787,3.793047851001178,7.165078054638446,-0.2844523690076024
OFX,-1.7351582051568348,-1.7153148485033411,-1.7150978985437608,2.9871600079438894,-0.4925913160884524,-1.6601951851490548,3.1924108286737027,-0.15194101420227166,-1.4861010441338494,0.5504172819985772,-0.04844686232577388,0.0025539989472477685,-1.3926442205609537,-0.6430077659500895,1.6605586077424797,0.18052753150206372,5.772989355902951,-1.2725721689283702,-1.2505978354664158,-0.14306036256571186
OGB,2.7547757347199426,-1.2747184070962039,-1.73130505863264,3.800610769670429,-1.6797666990974482,-1.1740513048272827,-1.1580661563827572,1.7727067859016947,0.2134759129568475,0.7639119018673395,-1.2907653601916853,-1.2480534708627025,2.7254388403243897,0.5347466306798788,1.8183748804360569,-1.6928919658505996,-0.40104729720640236,-1.623667931752586,-1.595630998811485,-0.18252994124063435
Octobre Rouge,-2.600267743729726,-2.2710974132555775,-0.07445239179039366,1.3488707175459687,-1.8926137727006054,-3.242773926324008,7.609546278508766,-0.014568770883560428,0.3282320584855448,-0.5932626585075218,-2.0740155521989663,8.3277819641171,0.08447685061554812,-1.541360622539515,-1.7782749463140182,-1.398944850038345,3.926201798603189,-1.5931485347832106,-2.2798866907519013,-0.30386869404789274
Odezenne,9.64499116425895,-3.09509253022875,-1.4790361336634255,-1.126138843810462,-0.06882871522114585,-0.3250832532351262,-1.9733206368946496,2.5069859787502855,-1.562726066773929,0.7055097903294453,-1.4401908592418897,-2.1572500708039044,-2.512869709086701,-0.0516823524494955,-0.7489727755671879,3.0358802320721425,-0.5671665268677117,2.929782332700733,-2.2565629990842875,-0.25813631863536535
OldPee,-1.7680371489796582,6.9913186074406735,4.614056680839651,-2.507415703652858,-2.0690070144301296,-2.4415543510596422,-2.4288305200685696,-2.1945274452104475,5.135374659257535,-1.2546752874834008,0.24751563883907546,0.32831935387569716,-0.5832976022316143,1.4518741407620726,-1.9636239007696343,-1.4388078287204307,-0.8122694750493065,0.8001554686196617,-0.7517434642455315,-0.21039071445716612
Ol’ Kainry,-1.2810289612200174,0.7915803269970387,-2.6087789535139088,9.508011742961322,4.850838745444097,-2.125958119829098,-1.0652435428972105,-0.1571354061787488,-4.4137989255973835,-1.375270204095096,-1.5083198064032048,-2.332260106038144,1.9706190875139413,0.328002059973086,-0.6437229938352947,-1.4248591517478189,-0.24209030223674838,-2.833425345267152,3.274992393741426,-0.51488790738464
OrelSan,3.5544901800022735,-4.1042214523523874,-3.2591029693399585,0.1754166219021383,0.09148467147647504,3.484137067227005,0.48103317594455247,0.4888508755052711,-4.104412800581253,2.283297160113084,-2.2116037291934383,-2.108550113364761,-3.326316947816594,2.808915937331687,0.10873573208318292,3.7034287067727423,1.0118048524732262,4.451923707072891,-2.8749429428436595,-0.3951136343811828
Orties,0.847135174658499,-1.284956078635051,-0.19226652995627425,-1.8200482742945618,-1.2382907080962673,7.255871964453369,-1.7630059467852404,-0.9651605788411621,-0.9560391510616704,-1.578358761447156,-0.8845860280184875,-0.8452965331513018,0.5313481070876963,3.998086095548158,-0.7237353903066606,-0.7103473439769491,-0.6290490553868701,2.3221855850988757,-1.3350006737929743,-0.15271550538343054
Oxmo Puccino,5.527334338850432,-1.3278945873565753,-4.775297800778919,0.5548900216670829,-2.286340246539979,0.04384903044728786,-2.79362930381003,3.573688760100739,-1.8645038841271342,5.4185715538855925,-0.4087652212372006,-2.026135877717214,-1.7082651481381477,-1.585777978785583,2.853853546012947,4.2053474552573045,1.8656686333112018,-2.3046562058128104,-2.412974730797724,-0.5079076309263569
PLK,-2.637968615157139,3.3881119212468254,7.449289219008221,-2.6448892568474673,0.0668602634847273,-0.8307453076795123,-4.990750971383138,-5.144106986168107,8.1504638601885,2.162072430711281,0.8880677513419118,0.6724668470449201,-0.8431825396132505,0.13384995138316066,1.045813255499314,-2.606274161232408,-0.9926816699691479,-0.9676453198855562,-3.383332500739552,-0.4931687445590594
PNL,2.0182275078957406,1.3277260917574125,0.2607010197594632,-3.185492393153604,0.9573739803157367,-3.6249485989574097,-3.606057668553169,-2.337434022824467,4.4597567308477934,1.4179137725198776,2.270732980243978,-0.8160841470283718,-0.7387130421862617,1.3443301094411646,-1.2003227347466368,-2.897057762780342,-0.9938081919968503,7.298444069309371,-0.8995246564778484,-0.31236475474786185
PRIME,-2.1580636015008126,1.7797647325494188,6.9694620784153445,-3.0654360983989553,0.9448218363112609,-2.3148821481712565,-2.96936193797699,-2.6829151782372747,4.4391150275931865,-1.153685283941881,2.4393488460244144,-1.3594314182377913,-2.503879090964118,3.209194666015779,-1.150949687489142,-0.2895880021377097,-1.424017996759331,0.7714458140864532,0.41996880459826597,-0.25721275102679414
PSO Thug,-3.2446677474049563,13.519343402227722,1.1148473868827515,-3.926018038653434,-2.3233019791797305,-1.2070760027412326,-3.014115632108186,-3.436109267273482,5.9292115804845205,-2.2298140071500088,-1.8034077755991385,4.123043374157641,-1.647629754721478,-2.8425318389790983,-1.4483249616118314,-3.0552562937835126,-1.5790685885526652,0.1410090764767976,6.8434299514247,-0.32942193808120807
Panama Bende,-2.5264912911154975,1.7334977976135408,-0.025408673616922256,2.8405264721635963,2.5980818400044745,-2.386601897534543,-2.370364723446228,-2.0674167952627625,-0.8369947306155113,2.4499455203976117,-0.28517800856593545,3.213487500585735,-0.13967657086998095,1.247448225375616,-2.2118610399778906,-2.1979673029990296,0.24936077605182025,1.2124507336149128,-0.6235942942651284,-0.23698785923751187
Patee Gee,3.2258065409807894,-1.0116721346913873,-1.877036463503444,0.7520385811411364,4.798626473047773,-2.2360021847624436,-1.7747799352875853,4.458622399093082,0.49656612170436054,-0.48489382611863724,-1.937610786548177,-1.9029874071018404,-1.8756562768263798,-1.3065361330220564,-1.7983082499323528,-1.78701223206317,3.514805012589264,1.7867674153330264,-1.6843438153498687,-0.19267811788599049
Pihpoh,8.59853455060634,-1.3841674588197632,-1.383992391790809,-0.6489916967474366,-1.3571196282516236,0.8996371356693019,2.4190545235176657,0.45678604788647875,-1.1992041621960683,-1.193127074961782,-1.1609092130802525,-1.1401647991514052,-0.23394313217248341,-1.1070625970530619,-1.0774468380287352,-1.0706788889095566,-0.05950674997653734,-0.0530909920171212,-1.0091656522530157,-0.1154420708395504
Piloophaz,2.9061122624510625,-1.547546265090143,-1.5473505342014635,1.71228552693044,-1.5173058711931755,-0.8301796390950349,-0.1477408874357004,6.824422956013196,-1.3407510127948692,-1.3339566227143862,-1.297935958086247,-0.49027114679641964,-1.2564348545135042,-1.2377336111891513,3.7761926033445294,-1.1970553888482995,0.5846275141397693,-1.148106604915615,-1.1282814995089074,-0.1290681590271385
Pink Tee,0.21038770356455583,-1.160610879088955,-0.6859946087712433,3.151241585747133,0.833980325961773,-1.5512690286014208,-1.0455863496860176,-1.8346626539492068,-1.2798309026119916,-0.16759928300084537,-0.638071159515402,-0.01024699442929007,0.039866836035179744,-1.6867465894892528,-1.6416233230542367,-1.6313115167259833,-0.29544562618173487,7.383336508871799,3.0149949622089482,-0.17589025245894963
Pit Baccardi,0.393288265547207,-1.69029714820756,-2.307893285871927,6.111938159325804,-0.6506091341277889,-1.5350194725185864,5.230564059768527,3.580018946232269,-2.4465066226055026,-0.9962942914583747,-1.9767236709108595,-1.9148228520202675,1.9410874586240787,0.1171008265043419,-1.7245336101686297,-1.30414073230069,-0.33189820488077726,-0.317520064353476,-1.5111921325670157,-0.2698552115498855
Plune,7.530762393445321,0.44157599114496165,-1.5250853369423614,-1.5160877048053034,1.1792660462746205,-0.7988801264333444,-1.468571837993996,-1.3269024648287637,2.4622391030499164,-1.314762001532069,1.065846764604759,-1.2564004160727067,-1.2383557126117632,-1.2199235659544936,0.49722183115084495,-0.33225141925921564,-1.1352206008054244,-0.24787097680918987,-1.1120463869109356,-0.12721096637793233
Prince Waly,0.23046818212845657,0.719750420220867,0.7204258912661401,-0.9898798834972636,-2.265094979600306,2.2362653594941837,-1.325210309430273,0.9756406692922934,1.4958032964482713,-1.4892205270375174,-1.937610786548177,1.7754394567245315,-0.2762161038162468,-0.7653339543223606,-1.2422300581058434,1.5705473258167983,-1.7194442790593387,-1.13048836976677,3.6589833116080572,-0.19267811788599049
Princess Aniès,4.824920672901204,-2.439884373787983,-2.4395757815684695,-0.3634826890750757,-2.3922069206552674,-1.091092558804931,7.015815022875911,3.059874801025449,-2.1138479146415885,-1.6276553030837115,-2.046345064936954,-2.0097787007563164,-1.9809138100638894,-1.95142915271609,5.472201895984481,0.23213992657928215,3.140187469009037,-1.8101218864960829,-1.7788653315355185,-0.203490772475592
Prodige Namor,-0.954061842335183,-0.943151143038634,-0.9430318549659196,1.1959375092021176,-0.9247211531150452,-0.9128440693570855,6.800426404355442,0.39830363532094565,-0.817119900553787,-0.8129790635941798,-0.79102629113996,-0.7768913556699532,0.5402039641106527,-0.7543360069297536,-0.7341562687051898,-0.7295446887206881,2.1472042459142253,-0.6997128817095764,-0.6876304831093699,-0.07866051170704783
Psy 4 de la Rime,1.1124749412071675,-1.0536093764152172,-3.968332346989798,0.6741104885030752,-0.8850664548512464,-2.7112853842359885,9.218834653114271,1.3282290488759256,-3.4392477597773476,3.8331814945603893,-0.5513747626786459,-0.41616197580729125,4.565629005952946,-1.2369742423247918,-0.2600795874872335,-2.0991449018579376,-1.055830031828016,-1.3169965742040193,-2.6441650331509505,-0.4004977171527105
Psykick Lyrikah,6.245933562205309,-1.8310814344731452,-1.8308498425624578,-1.2706122982859556,-1.7953005178799992,-1.207984638592355,-1.7630059467852404,18.4957927663443,-1.5863979922058191,-1.578358761447156,-1.5357385362914384,-1.5082962561171254,-1.486633768327263,-1.4645061588174602,-1.4253281921847716,-1.4163750370572954,-1.3628210880554998,-1.3584580548516043,-1.3350006737929743,-0.15271550538343054
Puzzle (Fra),1.7200322766427534,-2.2349666620280932,-2.234683987434909,0.029231696967634592,-2.191293478402207,-2.1631485872736076,2.0305222149938995,2.170323510139533,-1.9363129124370377,0.668879160405312,-0.27403503291914094,2.504517774305022,-1.8145434977997321,0.4501830664115116,-0.5901024607890479,1.7418525681306212,3.1459439356240617,1.9605129184517411,-1.629464393856258,-0.1864002644119671
R.E.D.K.,-2.7172439641563635,-2.098478943771933,-2.6662304978757057,7.365206656388018,3.215285135216291,-2.8189808457088854,3.6945805444055484,0.20480616466335644,-1.0810951855065813,2.2408785880541378,-0.5800175321942753,-2.208939059117907,-0.057315910825172525,-2.459424808209817,-0.5491469792106843,-0.5180944954939287,4.252877615324617,-1.4618470557461967,-2.565799595452605,-0.29351099982855366
RK,-3.2083752400347105,6.331921347224391,2.5905738544210455,-5.038557389177415,-2.2283906612059177,-1.9310032243507278,-5.031501910084563,-4.880658916400586,1.1056632037081158,-0.9071394043828401,12.083741218712108,0.5719677859230209,-2.140014985727691,2.1985698747366813,4.792214966848692,-0.8832296731459895,-2.2597193439030865,4.006438673326643,-3.601414213187255,-0.4679118138172487
RR (FRA),-0.9166329685698819,1.3009890405699818,0.19767356985628343,-0.9006903094741497,-0.8884433461926119,-0.8770322132240527,-0.8724616782076139,-0.7882975291508946,0.4887190564206454,-0.7810850192082232,0.5558072880219969,0.593327668815377,0.6235698557340076,-0.7247425928248702,0.7123722480151156,-0.7009238647334173,-0.6744215331264255,5.27779527754408,-0.6606539985565996,-0.07557457505118591
Raggasonic,-1.1152687209081167,-2.8294534292572724,-0.7082764332746766,0.7432715865145474,-0.9718183298856599,-1.643054860549796,8.65497321727984,1.6011741451599841,-2.043422833465697,0.8411800788059942,-1.1088983891824156,0.67274889033927,2.491236847566406,-0.4954491069616364,-1.748432863940027,-2.188634066344827,-0.6812983456405556,1.2355624786154937,-1.0933784873075352,-0.23598153681619136
Retro X,-4.467802984093733,-0.7384041845222244,4.665401750305379,-4.165208166620225,-2.33356015688512,-1.1303270862048478,-4.45582274437603,-3.777594236247517,0.4799148768660443,-3.7384650241262354,-1.8203292082156082,-2.7627703728993156,-3.225025092230004,-0.7295409161862362,-2.7695919312971995,0.0517935808304662,-3.1540684563518147,-0.812035341216182,41.971587523528676,-0.3859733001856448
Ridsa,1.5770508766068105,-3.963134909554837,-2.6036609083797964,-4.389421607662586,-3.6368546064054494,24.97161679399909,-4.0166606617013505,-3.5813846365821638,-2.519052554036501,-2.2303019134406172,-1.5437771032204846,-3.3626583503663605,-3.5853237947473966,3.8293963879546706,0.9261981828359324,10.343383633200489,-2.9824696648287348,-0.5291179756020106,-3.2196293288567484,-0.36830492344859317
Rimkus,-1.6765344347489513,8.956696440704933,1.6221603143519496,-2.0290903855428755,-1.5746317218223005,-1.5329143251521786,-1.9393815851749256,-1.1978286921493728,1.1666656786624072,-2.115188231260851,0.3713861046231731,2.9260244043460593,1.0193804254428624,0.0754877987961891,-0.8630484745123962,-1.8981107987735468,-0.7312570844578548,0.37670924720428317,-1.7890594856603768,-0.20465691825726395
Rim’K,-2.3175130248466536,1.7884271077788623,8.890570660862561,-4.5444181962636465,-1.6725028217715139,-1.7430968929026809,1.5175388939160068,-1.6399363594434715,-0.7669213160513925,-0.722469336063185,-3.0878597562956194,6.525106614539828,7.872210156045717,-0.5241822962875972,-0.5341562998827418,-3.5430974181700354,-2.865509876454021,-1.1308592526216645,-2.506875436826747,-0.45814651702337467
Riski,0.5227772290247096,1.3725932382544963,1.3734118409255334,-1.745040562613581,-0.09955896240536705,-1.2519452636416113,-2.4548080560178285,-0.8654284988009396,0.9600998900790655,-1.287665410090191,-2.1383610972548914,1.2329439912115108,-1.5868929902235966,4.33594314930689,-0.9768791859212639,0.5631324944312615,0.2103448364701041,0.22319009184896463,2.4448733849643745,-0.21264094654015103
Rocca,-0.8888407318513816,0.01878191565053161,-3.0395005200639837,8.455137686133162,-0.973360606006501,-2.331391068330237,1.736118632510533,3.584111518533759,-2.152734771593026,2.061729862639323,-2.3530293527693527,1.426343115047062,0.5053294971653601,-2.876232997982538,-0.29865401543762254,0.09422828980961132,0.31241996771656266,-2.2931402544640456,-2.2404849148338912,-0.2999272989961658
Rochdi,5.205024371515113,-2.3355001314926795,-3.2562709598755135,-0.4567588997459323,6.202377501258186,-2.517522012916717,-2.8166891722895144,11.991508484379327,-2.8214993893831015,-1.026067667392838,-1.266947469119838,-2.3098170584945845,-0.7530339664455108,-1.8368673606370822,-0.9571354367205289,0.25966208235491667,1.7018040552335758,-1.5883132467062018,-2.374374907469817,-0.271613244552485
Rockin’ Squat,-2.535760054754258,-4.435424851407922,-4.832247191880613,11.594244737074343,-3.3117044293899602,-1.9952000189615218,13.732856620781241,6.817026916611301,-2.7535131046692065,-2.031551235911937,-2.087410527119459,-2.6970213930001243,-0.1685031836591747,-2.2849158381119774,-2.384765391096469,-2.0935470060722676,4.532984726039131,-2.393490342825843,-2.3054962644466284,-0.4196487719551824
Rocé (FRA),-0.7172835938613354,-2.659948633353747,-2.9935763204638013,5.088831661700381,-2.2541240952658,-2.8977477016523987,7.524456923086231,8.52973221708386,-2.5938792761216676,0.13167153212044913,-1.7145668565012218,-0.033261801096566915,-2.4307573142421774,-1.9769667303939562,-1.4723398476141054,-1.8840775561604421,5.400770930343049,-1.3207583253181374,-2.1828258724425678,-0.24970126477051202
Rohff,-3.8452755343136493,-3.1106948911628742,-5.650813124447821,12.433305522465703,5.299201668243849,-4.43887493953742,2.70470198431808,-2.7494530589876707,-4.699049166674263,-0.08993868949712291,0.040621438303216385,0.16292362517281017,11.043657858288018,-2.1564389185860438,-0.05924067305277538,-2.3643411244316432,3.336557688486969,-4.24169571238881,-2.0325685113780363,-0.7219251207658373
Roméo Elvis,3.9286158887010685,-2.3209761868563414,0.8786908824717408,0.016318087915393006,0.13567541857295676,3.0809480994621605,-1.8415678179551676,0.6566358433451369,-0.6278402636144459,0.20261807905984477,-2.3091340829826508,1.3868306189768946,-2.9909461665938575,-1.5013188151979315,-1.3527047831835872,0.15844695888574362,3.8022883680968595,0.7559457636405991,-2.8779063406539374,-0.3650598828921602
Roshi,-2.934541199083062,10.189523762823152,7.666385581669775,-4.511541645170998,0.9215171051313027,-2.8597611662026545,-4.356659279638389,-2.924345898160804,4.870421811852544,-2.8753545030934156,0.02917435631754238,-0.8484807468788093,-2.821201254395992,0.4092990747339583,-2.887860682487918,-0.683028763486813,-0.9919486345451545,1.2968100596033785,2.308342001746198,-0.396316418395203
Rouda,1.6285233827146506,-1.547546265090143,-1.5473505342014635,-0.23801871492105753,-1.5173058711931755,-0.16254162661484617,1.1945302021562338,7.567213618235061,-1.3407510127948692,-0.584307059215864,-1.297935958086247,1.863144407526144,-1.2564348545135042,-1.2377336111891513,0.45564941044977264,-1.1970553888482995,1.4528382917053784,-1.148106604915615,-1.1282814995089074,-0.1290681590271385
Rounhaa,-2.3150858506874177,-2.8915884970711283,1.7914980409688006,-2.242334676777497,-1.2309758321546147,8.509215636277117,-2.4362393099453796,-2.7870526424823,-0.6139377708622322,-0.5888617185334982,0.662499210269126,-1.1232251008475365,-2.601067262034433,0.5597795189029363,1.5161320198295014,0.7500874162459386,1.3900306444498969,0.5683218091476615,4.514240699051364,-0.2671964746719006
S-Crew,-0.4794947859291781,-0.366693562388325,-2.13532565127391,6.0227835692594525,2.2332963736297367,-3.500240645640875,-2.2418184683559597,-0.35587689759632,-0.7748754899230998,-0.9621623300553145,-1.6865941384025955,1.3010322299461328,0.9568293333403148,0.3575977784949151,-1.6853719549067714,-1.6461342320325116,6.518155463188634,0.9975960911375346,-2.089749716360133,-0.42416125408418776
S-Pion,-2.774295310622735,3.1438476085882416,2.1650644851027683,-3.04330269626393,-0.6700825506367217,-0.6011862371307981,-2.269478269821563,-2.2881040134839132,3.0021789194345723,-0.7446412715449672,0.936889543309348,4.615107868236306,-1.6812304464993628,0.8181045369834548,0.13423571613987922,0.5873601327129632,-2.278773123995124,1.690700763527205,0.007633250018539515,-0.2553555949554993
S.Pri Noir,-2.816495716113932,4.785416798691471,1.02198134047099,-3.5972317370573474,-1.4911137950570739,-0.7096273227294229,-1.3576859396402483,-3.4192048473833996,2.222428051535288,1.2458523025942456,-1.938987299806899,1.1196200519877715,0.6980300380629038,2.756730671690519,-1.2390350023462973,4.523303157395817,-1.8731289704733516,-0.9620924820526697,2.1751603235378445,-0.37661119584856834
S.Téban,0.5677190633505753,1.5516667371907944,1.5524086930844743,-1.677669501398678,-1.6420866617060639,-1.6087706848628966,-0.6323957802271072,-1.8765234617337716,3.482131933388408,-1.8593542538863392,2.060081831999681,1.037199905455473,1.1037234463886678,-1.1456004153617014,-1.6790796250253988,1.328112649029112,-0.9825638649496896,0.2743385469016388,0.3349115224368397,-0.17990347421218653
SCH,-1.2265443409009098,7.088136213831225,7.454964058801898,-5.0872440153283485,0.010751733388239143,-2.486204061031081,-4.147303306899988,-3.0974168222372143,1.767310762549689,-0.712540529207764,3.8726074029066964,2.11777144422202,-3.332467560486439,-0.059070659697128276,3.923411726123915,-2.359425996383708,-2.3697459412066957,-0.1402721997224435,-2.2506592515629187,-0.4576267817258973
SDM,-1.514956565977878,9.805433356319865,2.9450622034185256,-3.0692161485748355,-2.4524874050171794,-2.6756157355080457,-2.937846565929488,-2.8540702690068938,6.3474299875632445,-2.1853300746600706,-0.43776465680664717,-0.335528332841173,-2.6199993787043847,0.5176435325138871,1.395124993400327,-2.4634313692180743,-1.605383184417739,-0.11332158180375901,4.119886923576452,-0.30386869404789274
SEB (FRA),0.21038770356455583,-1.634780474037401,0.2624645405455042,1.720109531124022,4.219319958060123,1.8781175154543446,-2.030544050688858,-1.8346626539492068,-1.8271356435155968,-0.16759928300084537,-0.07271245972732208,-1.161536919826504,-1.7122320882350708,-1.0938893066014586,-1.6416233230542367,0.2076995912861891,4.164202120578656,1.6310880306496147,-1.5375885037636456,-0.17589025245894963
SKS Crew,-1.4249638584512645,-1.4086678999743907,-1.4084897341733813,0.028207803484791433,-1.3811413095734697,-1.363401982470312,10.440531178980752,3.670669081084047,-1.2204306625169372,-1.214246007865711,-1.1814578740679988,-0.29853456950555907,0.6050580702082908,-1.126658146595532,-1.0965181741485421,-1.0896304290190957,0.8591817602421394,-1.0450743584026512,-1.0270283779816685,-0.11748545198266484
Sadek,-3.586556655416218,7.070885638686142,3.3714323377086033,-4.833043571613629,2.1163221566092987,-1.5026420965643155,-4.248980493957654,-2.8372385677621326,7.554137491640758,-0.6039300620552175,2.426843157085292,4.066164131957155,0.2595745265063818,0.6125463473798752,-2.541033253558215,-3.408475883109365,-1.4018794917975566,-0.02952727921396567,-3.3634721767247093,-0.585804531612625
Saké (FRA),2.7503655755396896,-2.3250011119466567,-1.8945453226976376,8.07415947384686,-0.524850583689242,-1.8059026932668425,0.44172831805038726,1.932662588216204,-2.0143162540101147,-0.008208586624774987,-1.437169146013839,-1.915147194770018,-1.8876414229075338,-1.8595450664344118,-0.7047041525029666,-1.7984309567595664,7.51581874796618,-1.7248913284876648,-1.6951065051493828,-0.1939093004988026
Salif,-2.2036465019476768,2.0355417967845266,-2.3237681771599643,3.568319814548552,-0.4867743346819722,-4.232442804377886,2.9104648278185876,-3.2351727385303795,-0.09853851023190814,2.5929876355062533,-0.8211375210352407,8.888045245988073,7.342182850149098,-2.5540528442931785,-2.948799640595273,-3.457038318952682,-1.631801330115105,-3.0133892823745736,-0.9483615570218885,-0.40168437965674875
Saliha,-0.954061842335183,-0.943151143038634,-0.9430318549659196,-0.9374681966449278,-0.9247211531150452,3.4690653210792948,-0.9080869056855644,0.39830363532094565,-0.817119900553787,-0.8129790635941798,-0.79102629113996,-0.7768913556699532,-0.7657334684577696,-0.7543360069297536,10.162706346968033,-0.7295446887206881,-0.7019601874144867,-0.6997128817095764,-0.6876304831093699,-0.07866051170704783
Sam’s,1.597948255199,0.6101603689804136,-2.4998208300272955,1.562447205752978,-0.3331848392988762,-2.5192089792134116,-1.794547350879638,-1.3609246393286765,1.2303804414247115,4.885162737132143,-0.8602940116163424,0.339186567932661,2.6408551445512716,-1.3769267311993725,-1.2195437362582375,-1.7576216947718966,-0.3640771925583783,1.4532726665583093,0.07128400789186808,-0.3753452722797959
Sat l’Artificier,-2.3805150890367672,-3.680799950515421,-0.6914755787744773,3.721207719070743,-3.0546844437870035,-2.439721510366868,8.87154762283296,0.5454847326946058,-2.8753590680330636,4.39155626053495,-2.439252587786166,3.564483180569297,4.708030589914522,-2.264551656333221,0.27601821172934604,-2.847166198182272,0.9107703185969473,-1.9983412741525064,-2.6835892285138545,-0.3069853775894887
Sauveur Eloheem,-0.01839233362201198,-0.8680145856639522,-0.8675628853963377,-2.2062316745944517,6.554450473081001,-2.148281410499118,-2.13708593185793,5.837363977611833,-1.4029852491950678,-1.3905915565086542,-1.3244228150334851,-1.8283311612791813,-1.8020722606846555,-1.77524954742343,0.00859491725001599,-1.1344626862143807,6.217314937743937,1.9969514748025008,-1.0003195040255122,-0.1851191477535589
Saïan Supa Crew,-2.5298084370352343,-3.472664595382153,-1.9627459852122329,4.145889534795883,3.285087388071802,-0.9893080361128739,3.7480254607757666,4.637023075260159,-1.7025199124927997,-1.0925910390504532,-2.134862540642634,-0.5266767717701588,0.4898172816626962,-1.60736691951296,0.13656878243126844,0.5016063277197961,2.7861475082160476,-1.9324312701134614,-2.2086212072326705,-0.3315821050851826
Scred Connexion,1.9891404654153673,-2.7075905003240055,-3.911128067264963,1.929480786747971,-3.580122406676597,-4.019066504262686,7.007046120683056,0.5398929367916249,-0.8179912693244237,8.713246252729103,-1.18567750269484,0.6724811704699801,0.18801696890468644,-3.020090695048988,0.4801396366686327,-2.278049819526832,3.380673332141953,-0.15927297605807647,-3.0274969568911696,-0.34632621367363164
Scylla,16.758241278065857,-5.4932443034922525,-5.4925495277601994,-0.14893038813582268,-3.157862314548615,0.32584583231555075,-0.5622423304679074,12.171062788994572,-3.0782370669540895,1.3894290578119515,-1.7855547397251765,-4.082888953120593,-1.5450385960801405,-3.4830864341302887,2.9738077095845576,-1.8956994676127297,1.7817129972251753,-2.603116708637314,-4.0050020214787985,-0.45814651702337467
Sefyu,-3.5148348187123766,3.183401177282581,-3.45315137375235,-2.500914592002093,2.9524465175694785,-3.9924278599298284,10.055568379968475,-0.9070829148342713,0.9696245222420479,0.21647999301461684,-1.4814809054860147,0.5686658020252839,5.755250142531174,-0.6330098445643032,-1.3429365074187916,-1.0126812293551668,-1.0993835226212625,-2.9330357435073346,-1.6159745983392624,-0.3644074071549458
Senamo,3.8563686755496906,-2.995263002915517,0.6437395915801648,-0.8384682114166435,0.47661251294949847,1.1929074903878807,-2.546047541293911,-0.429951300983543,-0.40812925064882366,2.4325673793459597,-2.404939746020518,-0.1405989798182109,-1.9311262445805113,0.015319078999036149,-0.23065224258893044,-1.3755769785866123,3.655218841102161,3.6827025348262974,-2.404816854397006,-0.2750956078306543
Serane,-3.81624736953726,-3.242466848765107,13.45952802557091,-2.6831699337993005,-0.9953669182497649,-2.008160256127665,-3.632347622948736,-3.281944328041996,0.7089048640685471,-3.2519162546073526,-1.8999246803859415,-3.107565422921159,-3.062933874075942,27.47304723873821,-2.596098118306751,-1.204781318079119,-2.4516951957250877,-2.0842727148309868,-1.659819850213262,-0.31464204921185235
Set&Match,-1.5841194526350748,-2.4887083108129002,-0.5698787163335619,1.715114910674985,4.432346446454221,-1.0457681820230564,-2.015696023530955,-2.3537655532941097,3.193804377677361,-0.8419854508342945,-1.8612078919225747,-2.5766571298218306,-2.145895653230079,1.4951934848303623,-2.4349208809877987,1.2999571078188716,0.2490276382498085,6.297459649986652,2.542653780483617,-0.2608874050661716
Seth Gueko,-5.635581918134847,9.272773548306732,-1.070829749580038,-0.22384549847671134,16.169975660242127,-6.268377736830672,-3.3491114417167362,-4.036771325311872,-2.7595378889562467,-4.507853606012632,-3.0385894083999476,0.2886356908350751,15.85174077265827,-0.16054561543697737,-2.859398475932601,-4.011618837735155,-0.46366074691250386,-3.347968464626975,-1.7569368804854364,-0.5401511832907349
Sexion d’Assaut,-6.809167217712701,-4.302777660324706,-6.691973742070156,11.765233677971427,8.741775669344399,-6.2453463557479,5.847990966527818,-2.3322985152014977,-5.731021045582727,4.019715037150101,-2.5993046024776993,3.990953254663064,6.898405451711522,-4.599445097621697,-2.2132479891412915,-5.8536188886060865,3.0872852593130022,-2.3404966980591335,5.867569774687175,-0.6977870599457724
Shone,-2.14969486098162,-0.2428560815118932,-2.124842062022322,1.6750240239060254,-1.6036421606173554,-2.056822857498852,3.3299668054069445,-0.7668929099721642,0.3314337813640279,0.35182972355255265,-0.660224029243974,-0.6079590738929962,3.490971521613622,-1.6996720397329115,2.5774421020758047,-1.64381217092786,-0.3171633844420781,-1.576595058396931,4.904861260751225,-0.17723809020049927
Shtar Academy,-1.5186942510941512,-0.4226432660701237,-0.07294831919426034,-2.8482328445382405,-1.741700614644766,-0.2494592189995743,7.3897632840336716,-1.2893572473921662,3.559492267955976,3.197990801322926,-1.571124923100953,3.994582938447412,0.6823911317205127,-2.2918373108589436,-1.3338777227640268,-2.21651587912839,-1.194933327767205,-1.1850936207889307,-1.6105127083821094,-0.23898779224402508
Shurik’n,4.309953976284617,-3.139138021090367,-3.13866724916095,0.40240466066902486,-2.174387427348732,-2.416882148307745,2.7518560593802714,15.109362409049432,-2.9722020883181663,3.4679864842973465,-2.182190082867322,-2.118128709686002,-0.9901422272256961,-2.7438311728763587,-0.04912761062933573,-2.653654923721349,0.5798584905229345,-0.18771418728578226,-2.5011956709928027,-0.286120725655678
Sianna,1.685977786340923,-0.9807204907441797,-1.764736705164726,5.7522946867546025,0.7005130470326926,-1.2519452636416113,-0.8253527549698142,-1.3162853307461968,-0.8507567801046227,2.3524948068646605,-0.26776964053249896,-2.100150488510769,-0.1376089868545563,-2.039177192408721,1.0386140888787443,-1.465101066997775,1.2643127457207917,-1.8915158981230729,1.3689415738011992,-0.21264094654015103
Siboy,-3.063072312339869,-1.3768112834272226,-1.706507520905892,-2.3453008773404536,-2.2952158214287994,-2.248318741757815,-0.1714812994954266,-1.4953620772127094,-2.2422290903712665,-1.84386867368263,1.7916907349730682,-0.08872891040461663,1.2024358713729502,2.1201593000709247,1.8855347004645122,0.6463370233002367,-1.80996720561489,-0.46589841756131656,18.62868790858549,-0.25254425503569705
Sid les 3 éléments,-0.894802799399325,1.0971940719974247,2.4091207395329484,-1.5160877048053034,-1.4954729937824982,-1.4762651948219174,-1.468571837993996,-1.3269024648287637,2.4622391030499164,1.7276137251070254,4.974357450396442,-0.4604758150108258,-1.2383557126117632,-1.2199235659544936,-1.1872885889865683,-1.179830672292858,-1.1352206008054244,3.2869900124741305,-1.1120463869109356,-0.12721096637793233
Silmarils,-0.8367675897211213,1.5906017438383437,0.38195927663226,-0.8222139996986995,-0.8110341029481668,-0.8006172113920819,-0.7964449028447428,2.059654270046499,-0.7166615614999609,-0.7130298072378123,0.7476115689623692,0.7862336551133483,-0.6715926791454921,-0.6615964441123429,0.9091442277163007,-0.6398530196672968,1.0086138228371098,1.0158016078026748,-0.6030918295119074,-0.06898983242821205
Sinik,1.926770091339871,-5.172885815830733,-5.872591275842225,-0.18289062309897333,-3.707833667776443,-4.588851601218707,11.471454940991181,-0.08500088320804321,-4.563890100274543,7.507668282587087,-1.6394161543882453,7.394222642310803,7.844645221487862,-4.304750442417461,3.628658404540522,-3.525994237428217,1.8453687236999,-2.459681566812182,-4.62529294058059,-0.5950748041535404
Sir Doum’s,-1.1833680739801078,-1.1698350170660698,-0.31475753455719263,-0.30278285546132017,-1.1469754279799873,-1.1322437186641696,1.5371434379436302,-0.03506804992902371,-1.013512499954058,0.9750098916018428,0.03806752974738859,4.225178442407855,4.314626617125378,-0.935638664134928,-0.9106087793880845,-0.9048888183941253,-0.8706744554123911,-0.8678870157459966,0.3195688639758537,-0.09756635719829634
Sir Samuel,0.1332215773561104,-2.364842090951211,-2.364450360232138,0.9692978469856164,-0.8103258681953739,8.328094282513606,0.03265410134553987,0.9914482834407953,-2.366068754847168,-0.23010508136381988,0.32899057343959504,-0.9160011946346865,-2.217273172575233,2.8517359503571367,3.5189962278841413,-1.1657315814001232,-2.032609982331034,-1.532544227418582,-1.991116603459429,-0.22777095524968335
Six,-2.381482310304305,-1.5047192273134926,-1.0794961100040772,6.206719782109625,7.222813222243998,-2.2785965298941346,-2.266721931595429,-1.5597894114387134,-2.039654561423491,1.420115635704195,-0.9616170734819798,0.12342776120447296,1.750877129982877,-1.8829364899255048,0.8958516332336424,-1.8210536190915965,1.67207094401908,-1.7465889276850437,-0.5512198719285069,-0.1963485070878551
Sly Johnson,9.534542505197514,-1.3592254616850226,-1.3590535492753348,-1.3510354642574853,-1.3326650193358163,0.9648696278905579,-1.3086925173591784,3.0460755646317814,-1.1775951100633943,-1.1716275288656792,-1.1399902165509783,-1.1196196064631414,-1.1035393795469712,-1.087113889294797,-1.0580317912606345,-1.0513857971595713,-0.0231308450746477,1.9666352472478879,-0.9909809978979681,-0.11336186312811065
Sneazzy,-4.05933689904065,-0.6768605186308798,-0.6757259621640805,0.2116644285477054,3.306253297938207,4.114166197312422,-4.644031915737729,-4.196034021857603,0.3679199736727834,-0.5498287080764344,-0.8318272360613655,-2.4629262169733392,-2.1284975326583435,3.1411847946189617,1.0396645218373803,4.309890633637651,0.03140544749346662,1.1723502366603689,3.023809931778809,12.02698870155476
Snifeur baby,-1.374949452900279,0.8479138867189859,-0.62324736968876,0.12931057609579813,1.6688394410786431,0.20473031196584268,-0.5445710857187498,-1.1824462937791984,-0.32840680129566,0.5353996197628778,1.49161131494778,-1.1196196064631414,-0.19736419590431029,-1.087113889294797,2.7225729435713073,-1.0513857971595713,-1.0116322997514196,-0.016717309270386622,1.0272211715065598,-0.11336186312811065
Sniper,0.8664026156909643,-3.7179025499981364,-4.6990489165927665,3.2356592634095462,-1.3878966112678173,-1.0739736924744416,13.452388238498893,0.5358063137877898,-3.278704287489465,2.444675145864392,-1.4615047767687956,-2.2876341642887303,2.153986096432142,-2.1088229785263777,4.108576434571689,-1.9082180339121078,-1.4156307463970876,-1.9252435922469529,-2.904800042845513,-0.42472194336308805
So La Lune,5.553852189649363,-2.6460156132809303,2.0553343094273746,-4.247543267882845,-3.3392445516928277,-0.09175040030433464,-4.2873682003740665,-3.082838074657505,-1.4095227985248022,-0.18832111271732427,-0.20621053663055988,-0.8061581517090722,-3.7215093123092466,-0.8481850490343067,-0.92171794916031,-0.08702228786529327,-1.4458737280208516,24.73908550713736,-1.6060226397809936,-0.4081493570331174
Sofiane,-1.6726535250844827,12.344114632974367,-3.0070539311555673,-0.41546035621848476,-0.6389228509172528,-3.3060398661127337,-0.8287148078530268,-3.363263351590066,0.20650154234276855,-1.0009066875136632,2.032165107199881,1.359537607014787,5.515613620777306,-2.84749063316764,1.722992892901372,-2.648238572988737,-0.4806992896044255,-1.9165258219121404,-2.0548274214558226,-0.4617682849823928
Solystik,2.7484573119404994,-0.8271982734066761,-0.8270936508458924,-0.8222139996986995,-0.8110341029481668,7.9426372419272635,-0.7964449028447428,-0.7196138978909717,-0.7166615614999609,-0.7130298072378123,-0.6937759521103674,-0.6813787936037078,-0.6715926791454921,-0.6615964441123429,-0.6438976428744932,-0.6398530196672968,-0.6156598115873991,-0.6136887940970128,-0.6030918295119074,-0.06898983242821205
Soolking,-1.6273594112900425,0.7681020603553773,2.1576946127365892,-4.296018972971901,-3.057692826130463,3.7055638893784564,-1.7583262524706975,-2.1641692528926004,1.3295762010909369,-0.504526881093401,4.651066089454989,-1.8748475611039528,-2.369115936300054,5.51102486572761,-0.3919637105729165,5.33114643414368,-3.2167856939831427,1.1596614175424655,-2.5164235198081553,-0.3604677518756799
Soon E MC,4.171393062255675,-2.1728721055152334,-2.172597284530695,3.396343280231031,-1.1916268874898486,-2.1030493676832482,1.7318383724262028,2.8709508211764336,2.3671161462487103,1.3304818122733864,-1.273673487592089,-1.7898356676417602,-1.764129647926863,0.563794213505758,-1.6913807391109095,-1.680756383106657,0.2378451901724447,-0.3713557964315852,-1.5841926362900867,-0.1812214660062713
Sopico,4.499504154634025,-0.917939305556151,1.7588745608604144,-1.7665140041786822,-1.6687905723922385,3.7214069969654964,-3.623773695489053,-2.10786381114249,1.0036498563783651,-0.503675851826863,3.1498535644888204,0.6361398472354797,-0.6207561137786405,-1.9147223522939305,-2.9184786629791644,0.565888256888514,0.5560790366250236,1.1803203501158777,-1.7410514144366922,-0.37407506466897733
Soprano,4.283896583427037,-5.150148464685663,-3.0279474794945838,3.5924277072478703,-3.013971887411842,3.8451180950790738,4.096708830427988,3.1077502587266164,-4.368463367798,1.7202216750370651,-3.97329910509206,-4.058279581413852,5.071824890142804,-1.2301483765905978,2.984372444745642,0.5322311937657939,0.4802742839201569,-1.9080530197601124,-4.021011428205109,-0.5111769551810366
Soso Maness,-3.0623301717176683,17.14445219340969,0.667024136891651,-3.6522000935294368,-1.249313917443768,-3.0465545576499142,-3.256029447508143,-3.0117739103985315,4.403836820449556,-0.31455141541922205,-0.38994343827095496,2.513610805013956,-0.4465051475448311,1.0839335859339947,-1.048913670890191,-1.3085626358228257,-1.4068920002360032,-2.9330357435073346,-2.5577247703252617,-0.3644074071549458
Souffrance,2.443955294365392,0.4057304909630888,-2.04230267545352,-2.3236933253380503,2.4158279668257,-2.5297104736346947,0.033231993762457966,-1.4349100190826585,2.4686689996324875,0.37950590591411487,-0.5505706240219538,2.8824277845363926,0.7403464322801198,-1.8477211190638203,-1.7567785957743824,-2.1315247461246,4.559443454767494,0.4640593634744844,-1.9622104400987659,-0.2724880076703841
Soul Swing,-1.1534045251275116,-0.26318588782393837,-0.2629307365781282,5.043069839057534,-0.22342566153423377,-1.1035746673998745,-1.0978235369575595,2.0325202677599745,-0.98784979029201,-0.9828437625117354,1.1350806728505702,1.1902201009133673,-0.9257266231374456,0.18460627043695296,-0.8875516501245007,-0.8819765217776381,-0.8486284858153658,0.33624496073711857,-0.8313047180520732,-0.09509592183210737
Souleymane Diamanka,5.32505315579798,-1.0785345947469076,-1.0783981836169318,-1.0720358969180583,-1.0574590949613103,-1.0438771300643086,-0.075451485043053,6.522343097460746,-0.9344123551268229,-0.929677126902833,-0.9045731711726253,-0.8884092540624706,-0.875649721880327,-0.8626162259867152,-0.839539812468032,0.36439180578298236,0.44303882503809966,-0.8001522925483735,-0.7863355411469286,-0.08995173668920305
Spider ZED,10.989761522465107,-3.42064239872008,-3.4202097619765865,-2.8118014881422724,-2.161123151297135,6.35483554818261,-3.293470610994131,-2.30366023273087,-2.288682935667989,4.512810598623107,-1.474655912561744,-2.8176475531878786,-2.7771798695563676,-0.17721721167974813,4.097515005484136,3.401094591352888,-0.9747228634682732,0.614682686771273,-2.4939141543166103,-0.2852877668984152
Spoke Orkestra,-0.7945244003922668,-1.4564328508872824,-1.45624864386056,-1.4476571314512467,-0.7276794861700805,-1.40963206180174,7.868291103657886,3.4685437286785126,-1.261812886595252,0.33767570187893614,-1.2215186132689937,2.9680481286624962,-0.3367670276580574,-1.1648607428712234,-0.2516302781118287,-1.1265774936593624,-0.16145552245782008,-1.0805106208690232,-1.061852739396787,-0.12146913535242443
Still Fresh,-2.839792249753122,-2.139175802448581,-2.3452710370304115,-2.5103063091236217,-2.6245862297110873,11.152909338419411,-1.4256438748811389,-3.0123472320630467,0.5940584114027787,-1.0415683146105363,0.6385118291387882,-1.717008233116742,-0.6069572608355733,0.5368563222500978,3.6866490412779496,7.771861646399704,-1.6480949230012394,-0.7931959204339475,-0.11438679198703254,-0.402867546813989
Stomy Bugsy,-2.238405605837142,0.9178983658027405,-2.5427630794401677,-0.4344338333664094,1.4032407529492834,-0.650847296872955,1.1723229887072537,-2.1156522069114243,-1.7042111087375407,-0.4828819329911089,0.05275305815713697,2.241984630015834,3.6224111083756907,3.314761431556205,0.8634043804163076,0.002315520042679522,-1.2203508965818803,0.18908591894261859,-1.63179017204571,-0.24097112743515114
Stupeflip,-1.6488953172414078,-2.5242436740432708,-3.2389862688721616,7.58736832830622,7.562875651204262,-0.855779751307772,-1.5608662646087195,2.108334804272447,-2.256903138805377,0.5349864279630304,-1.5268377078201754,-2.585768687094021,-1.3486389001789723,-0.0742830009780385,-1.119806209747745,1.6888237208473798,1.684903669112957,-0.5396725038189836,-3.0573841272315296,-0.34974511407130526
Sté Strausz,0.9479922138412278,-1.7316396618046797,-2.1882841112358125,4.719993006206865,-1.2137388568618817,2.6026796232360057,-1.1580661563827572,0.197009843102579,-0.8413161765647447,-0.29625267787423587,-1.835558635044527,0.9707679923866104,-1.7768672115194035,0.5347466306798788,1.8183748804360569,2.442044073165081,-1.014965025533859,-1.007778450654891,-1.595630998811485,-0.18252994124063435
Suikon Blaz AD,-1.0248268140820391,-1.0131068430034806,-0.0257911255881115,0.9790902464858555,0.013425343081045874,-0.9805518236257839,-0.9754418101307005,-0.881343430852444,-0.8777275719990476,1.416937646603447,-0.8496985392714114,1.562085910123835,-0.8225296894779727,-0.8102868518883571,0.4794430415825879,-0.783656704313845,7.203257017545133,-0.7516122032340671,-0.7386336252067254,-0.08449494374049352
Sultan,-0.1975376756709711,-1.0531255752617923,-2.803394278619353,2.5262714810929445,3.693258748483803,1.8611969437120834,0.5082782673081011,-2.234186667905388,-1.0836751995978908,-0.8182176232166221,1.953633760954112,-1.1624638134384415,0.38105941515365577,-2.1641554418866833,3.9986047619404457,2.061888734143644,-1.9949739386045695,-3.288229345843351,-1.0781008518393282,-0.42862623243223125
Suprême NTM,0.492019334445929,-2.7287015827210923,-2.127421269175136,12.705894105588207,-2.0389902306930012,-3.222422115768073,6.77681168400461,-0.8248458841662801,-2.5378274679918387,-1.1276623263455843,-2.4342787335873584,-2.3778654974651317,2.8460586528831597,-0.7852040307507728,-0.2764998903696387,-1.410472463801023,0.34689526125470105,-0.8506491682053202,-2.427397789747102,-0.27767872185541864
Suzuya,0.8032758262895133,-3.2975380853414995,-3.5766421497979466,-3.5555408320099446,-0.6559136522033981,30.909568908155485,-3.444106246745279,-3.1118621164629983,-3.0990951815893317,-3.0833902062744785,-0.666897425645695,-2.9465201561744303,-2.904201575428268,-1.4628492818672565,0.4478108999285156,4.822640974945867,-2.6623282985315044,-2.6538049297140502,-2.6079799494971514,-0.298336161514894
Svinkels,-4.1751512532892665,-3.0930031267807094,0.3624095819246186,2.671367335743785,14.861667831021656,-4.553574720183675,-0.09603660211422205,-2.1795097679202673,-3.5604186469142314,-2.120925636703856,-2.674269817006001,0.13926581390687026,-1.2429691655302253,7.495521817481966,-3.30900638664953,-3.5443164025894425,1.5238927523062653,5.386509511834266,-2.19484041560276,-0.41047501321997204
Swagg Man,-2.453884266616129,0.4597988477046065,4.583306939126507,-1.996474327819613,-1.537524094798265,-1.9219526866081118,-2.3356349365556675,-1.1625996222507686,4.0839098661611875,1.7348813994158836,-0.06851420975635915,-1.4977431740355063,-0.44626427098647525,2.6985593356719524,-0.8291127902315797,3.45288729580762,-1.2515962660624573,-0.13273397475367368,-0.6377824104040782,-0.20231790522557777
Swift Guad,1.6325672698316274,-4.947361886498386,-4.6752587537312555,4.784535267842513,1.1843426757909274,-1.6910443405249393,3.4379012217214573,5.561319140071395,-3.5846003828819333,0.07534336476958738,-4.417669454680195,2.3010224654383244,1.0094633645440063,-3.8746958369855973,-4.182730365237662,-2.386110380355828,11.78807924725796,3.4650330480918314,-4.826896807691692,-0.6159057452681215
Syrano,-0.7945244003922668,-1.4564328508872824,-0.7695527254342848,2.696970673959295,-1.427972891990358,-1.40963206180174,0.02395666978646234,4.257802851993259,-1.261812886595252,0.33767570187893614,-1.2215186132689937,-1.1996911633273863,-1.182460930823358,-0.30638902765019316,-0.2516302781118287,5.974576261315785,0.761069910351508,-1.0805106208690232,-1.061852739396787,-0.12146913535242443
Sysa,-1.349247196810135,1.6650946965321405,-0.5838256442261354,-1.325780238026418,-0.5430829182954273,-1.2909564632553676,-1.2842288178728767,-1.1603425448799067,1.4405122876458591,0.5898188556419102,1.5630516702497272,2.542008119645673,0.7639637725255669,-0.1294025409859041,-0.07509807095749958,1.8759998785577299,0.014610128474344107,-0.9895434471313723,-0.9724563551658505,-0.1112427629287821
TLF,-1.201149868361998,-2.1033264747644584,-2.3483380760694104,2.383314894718666,-1.9846272349175846,-1.145585733040954,2.4628305195307703,-0.7151993273668801,-0.972685666832161,1.0538249466903271,-2.240911698734309,2.6147526290652077,2.1444739530679886,-0.7965830628638374,3.1464555013113267,-0.2883943852337574,2.2542432892684765,-0.03778044193978901,-0.9444518109292053,-0.33938510456270937
TSR Crew,-1.399253473424159,-3.5566506470293957,-4.229520128796161,12.059141732717492,-1.8489791535179898,-4.311455631099522,6.203000754709838,-0.5206080125517609,-3.6002290000253367,2.9314329091573925,-2.1301441825359264,5.324112970164196,3.019361394478231,-2.7207729242696805,-2.0255317492280387,-3.155498347811489,1.812111160924259,0.6288387296578553,-3.247748896188954,-0.3715216214108009
TTC,1.3329931945172084,-2.7528645306946666,-2.453810980258858,1.4755061447145437,0.3691555424885392,-1.3916873367640978,-2.915312739608104,4.978136426692994,0.8878940710886668,-2.1949220947822723,-2.4536531910450607,-1.3097695521075141,-2.719743061232412,8.517854369570708,-2.6075867125234757,3.5835208094335975,2.319797214395808,0.733741596163542,-2.0328916504006407,-0.2793875301207152
Tandem,-1.4463833476880295,-2.462390535761003,-2.816979468400011,-2.086166079850708,-2.762282619201242,-1.6266148650562633,8.715583507866096,5.301285082588332,-2.440861325095328,1.2775115211003982,0.17631994163181774,3.281083530695538,-0.5386230512598393,-0.034364601982638056,-1.28105876010113,-2.179260858107022,2.6721698408165806,-0.6548441494519852,-0.10669089667040954,-0.2349709046037066
Taïpan,0.4856260610933891,-2.4838788664398743,-0.8146317607773791,-0.7769127958051162,-1.5405916318278872,-1.4694741004376546,1.4473078782782751,2.9448191041852416,-0.868882725117374,-0.19645479568460691,-0.03217495197200786,-0.2615715606613281,-2.2346867088473714,0.9482137723530737,0.058579553640290154,2.2511785206999244,1.8068936933221895,4.82840938208747,-2.621889274543067,-0.2999272989961658
Team BS,5.8434292852611405,-1.7504459703474384,-2.203859283671276,0.09135483485967427,-1.6983329751023912,-2.133310625944651,2.1187025955179033,-0.8744298556188429,-0.33859741631128826,4.416106180055806,0.3151491156410395,-1.2648048849239255,-1.230703208362995,-0.6283700683167943,0.6156665092904141,1.81424183754436,-0.4213183061841788,-1.6352244329790773,-1.606987946395535,-0.1838291031288482
Teki Latex,-0.17443079780016746,-1.0785345947469076,-0.1510969185498621,7.323205367941197,0.8338670181251903,-1.0438771300643086,-1.038437105281072,-0.9382617308269182,-0.9344123551268229,-0.929677126902833,-0.9045731711726253,-0.8884092540624706,-0.875649721880327,-0.8626162259867152,-0.839539812468032,0.36439180578298236,0.44303882503809966,0.4496097954398381,0.48538619532666155,-0.08995173668920305
Tepa,-0.4354075280717008,-1.2269333168022494,-1.2267781364668557,-0.3995594384552106,-1.2029579775033137,-1.1875072304242673,9.823332321426015,1.7433134247832702,-1.06298087768757,0.8334905361913704,-1.029036033343159,-0.021183964579440377,-0.9961329222648975,-0.9813061096399084,0.09200607057196566,-0.9490553993472605,-0.9131710727177194,-0.9102475813318818,-0.8945297427882669,-0.10232845876216501
Thabiti,-3.01700845058479,4.72913053857119,7.413130822606266,-2.2898926151182564,-1.8983122114674607,-2.1938256991506297,-1.1304472615844878,-2.5946048076136554,2.447077610353589,-2.570865531163521,-2.50144476925764,-0.4215338951790178,2.1212486046631933,5.579634792016784,0.6935482388123069,-1.8735637963759793,-2.219793019191162,-0.8568684458781245,0.12492337084908808,-0.24874638071768215
The Shin Sekaï,4.824628583583817,-3.853359124790421,-3.074231776015514,-0.9581836356611957,-0.6018288141684567,6.727529373000032,-3.1710308609252165,-2.1589484096541436,0.2560468004002843,-0.9129931269734285,1.4094923424708714,-2.5439815142670668,-1.8499285563173011,0.16278625671437003,3.6683261337417488,3.729315711152504,-1.1245348383611857,0.28945308255155355,-0.31776152529960755,-0.3213771250460419
Therapie TAXI,3.613792993202933,-4.408276118269635,-3.0464701327833006,-4.381714101088196,-3.396665950232056,23.389923126400177,-3.773175690968796,-1.4880995219492925,-3.8192077378320715,-3.2735174416526474,-3.6972465484163712,-3.0803949073090573,-3.579028225720452,1.0122763661805412,-2.8485905785564785,11.839910695286688,-2.366584194330861,6.51414074563539,-3.213975892837741,-0.36765820666568405
TiTo Prince,-1.1588959385661537,-3.254967811458051,-2.159598790990064,2.506351962447623,-1.3534419175144052,-2.1599043118744823,1.9672802377670704,-1.9612127114871702,0.3373219900088469,5.712134811670126,-0.17758428048125147,0.4888470319150371,-1.2824563720524091,-1.7379646609653698,4.036672475655631,0.994123347213371,0.4233330156910705,0.1514439594402225,-0.028058062377033875,-0.38100880671372894
Tiakola,-2.038645044426112,-0.16785056337375462,3.128723225499288,-2.3461667382051705,-2.677641097490442,-1.50828296977688,-2.629474637376134,-1.9549079095736648,1.8603511153849235,2.7434576548697907,2.9484927235385285,-2.249582174327936,-0.8642599141977575,0.5626421299066379,1.1669821327894405,6.408289502999552,-2.032609982331034,2.415923064502127,-0.9866550885111383,-0.22777095524968335
Tiers,-1.0799830162101653,-2.4929287208678157,-3.0841100377490367,-0.6814817608053949,-1.5040282870269048,-2.966128271469163,13.64379926594525,-0.5604008336579288,-2.2457820280937772,0.861243780047614,0.6919791936930887,-0.6297103315883069,4.178415549476337,-1.5940470711480812,2.6891778290860664,-2.2323614565882166,0.266335425349262,-2.1091346752513416,-1.247323552186908,-0.28193132339365085
Timal,-4.319835337236035,11.604153639192363,20.527339452590482,-5.0148314073356275,-3.329384856143337,-3.859170816479434,-4.857661040168018,-3.7055364394763504,8.211746562430081,-3.889010644721323,-1.395567073900993,0.17538962731326407,-2.875510813785467,0.9211927779857617,-3.927247801577463,-1.852652399434233,-2.6897795640909297,-0.2698473962587905,-3.1346460744262186,-0.42078142927081186
Titan,-0.2878599368899675,-0.25517779441311844,-0.2548185863913302,1.0621841129799408,1.1189457085102257,-1.4978176515752235,-1.4900119770276348,-1.3462743284273204,7.609456657992406,-1.3339566227143862,-0.5274819201111385,-0.49027114679641964,-0.46053206946711406,-0.42980532121246057,-1.2046221859976056,1.3090943079313744,0.5846275141397693,-1.148106604915615,-1.1282814995089074,-0.1290681590271385
Tout Simplement Noir,-2.6984943936758565,-1.5430423379048879,-1.5425626859118022,-0.38874201355698296,-2.615506392430986,-1.8072934653975177,4.4396392659349155,-2.3206850898244493,-0.5804345355742452,-0.9947933804264845,-1.7904049218209739,2.8085797322723147,0.6044903306566102,8.177701954124148,-2.076507504376764,1.328889864035402,-1.9854432347513367,0.5473307249057536,4.739191892374967,-0.22248552653176534
Tragédie,1.320190838884425,-2.9710124686187567,-2.970636700266068,-2.953110667070721,-2.5696624583562135,17.294565243456034,-2.8605569099983126,-2.5846062933216944,-2.5740025136598357,-0.6085645003537316,-2.491805254522059,-2.4472789134055994,-1.997559286977554,0.9904535115178332,0.2817562007725005,12.931624118878215,-2.211238871691485,-1.2967843648884918,-2.166098990909661,-0.2477878169166087
Triptik,-0.7777850954089309,-2.037303915278551,-2.6973717914267628,11.276878360341344,-1.6215593590464266,-1.9071080127801256,1.886508007901945,0.023114334242705356,-2.623412060131411,-1.0776196906745636,-1.7521228455257656,0.3121922583885276,0.7956726787349432,1.7072502151572897,-1.9327936752883503,-1.4883655874670678,3.070927972066004,0.42438729383760343,-2.2076785807453634,-0.25254425503569705
Tsew The Kid,14.379691545809303,-4.701223305805804,-4.487891203222363,-4.672896138706404,-4.39240734793925,23.800528140222895,-4.084594295775116,-3.84527662007302,-3.8274902987460298,-2.3249838475061186,-1.9140017348999103,-3.356022079593658,-3.8168686478516376,-0.8345693567045727,1.8058042835856505,5.988203407849989,-3.49898488415337,0.5262282294900757,-3.427557159836409,-0.3920905323196042
Tunisiano,-1.5544579081577417,-2.0998930851480475,-3.0061113717200176,0.9679433269525557,0.4548449117607975,-0.7043961446714552,11.881176000925008,1.6378551814827615,-2.8666462462614732,0.303429075955679,-1.6940631678018974,0.9435159474730698,2.1528720273456035,-2.268511919951276,-0.6342882333311929,-0.21512369756908242,-0.026228794716076795,-2.4547551766935807,-1.9978367481702126,-0.27595933243063986
Twin Twin,2.039991315699144,-0.9787541964036632,-0.9786304053203242,-0.9728567242203481,-0.9596284919920378,3.2752104840647056,-0.9423663176357272,0.3229965120007941,-0.84796539508649,-0.8436682454931136,-0.8208867768805304,-0.8062182611191476,-0.7946391743392395,-0.7828114695422742,1.8632499239878308,1.8846294301282358,-0.7284585129472815,2.028215118912113,-0.7135878760136185,-0.08162987081860346
USKY,2.308588042138002,-1.7077908366058683,-1.4318760019884134,-3.0584415067564437,-1.8790493596509634,13.825828492467092,-3.4989230527249773,-1.5798085433085252,-0.925083860107514,-1.8555165212871223,-0.4231051713450298,-0.9890192205332285,-2.9504251942371167,0.18998723730156622,0.7063668349092812,1.8137224037279185,-0.8560699003593121,4.351321599222518,-2.272057580276872,-0.30308451546478676
UZI (FRA),-3.2183594769421333,6.537929570187436,2.764187400046777,-3.414954381026117,-2.536034706909013,-0.8034350931200515,-3.5707033082551356,-3.226246682891831,12.037484518171064,0.5571098348334007,3.962621171629884,0.2186804855795177,-2.678832283818324,-1.2804426154673507,-0.8083531094391675,-2.5200590732092745,-2.0356010422685245,0.15630854190886326,-0.4847792806468183,-0.30930228123520653
Unité 2 Feu,-3.5048550428584044,-0.23891074988750324,-3.7265135608907447,1.1543905105749346,7.018621470308146,-3.607222582712057,3.935770375296153,1.0757205573294726,-2.299863161975194,-2.901317928737387,-1.2063619606649847,0.1873543913521702,11.184771844487765,-2.9808572685773727,-2.5564192684169673,-2.882891136257207,4.4362106878732614,-1.3183558288463813,-1.6132090114632165,-0.3108372895792867
VII,0.6888142869472134,-5.664808972969187,-6.298957582595397,-2.269330017372638,-5.367151638228244,-5.1132799808462055,6.464248233263504,58.56581482111753,-5.274712263046657,-2.8521340819954757,-4.5265864229970605,-3.64757064792669,-4.33263752296575,-5.038568406571612,-3.2723832470480207,-4.257335129559014,0.6432139877443138,-4.459752041983358,-4.593010536183553,-0.5254109158091608
Vald,-1.9346808956466517,-3.4388979489278735,0.2857908189151952,-3.078934017538536,9.66793941528337,-1.729582696204022,-3.836082767207624,0.6631704740049701,-1.6924842111749816,-2.851328118290317,3.245864185362143,-2.638750433729728,-2.884002288610517,3.938905205311982,-3.6965949447777904,-0.5737580550217524,10.008589191453398,6.058216124224814,-3.466039214186992,-0.5600512899470511
Veazy,-1.2125914392103219,2.97237712093576,-1.1985725699247973,-1.1915012836086747,-0.3244535353250609,-1.1602045640240304,-0.2877260518503295,-1.0428196106659386,-0.07565223395673189,-1.0332783568478259,0.9839269020220721,-0.9874116805532397,0.05427582380204269,1.1273175420131618,2.282005788590389,-0.927235117077892,-0.8921758277817478,0.23513565362880845,3.7028892247802876,-0.0999757658875031
Vegedream,-2.9146135049251316,-1.440213768521673,-1.9090531300658582,-4.232605619120936,-2.4984283878490374,21.112534709830722,-3.368235025230252,-2.894600105003482,0.6476940222328708,-2.3083502736219548,-1.051431523411789,0.19861315702458052,-3.4572349153070623,-0.17596903930434807,2.719124460685858,6.72484129549556,-2.5382492496225257,-1.259915234752114,-3.104605209263574,13.723534224424034
Vicelow,-1.1041197758538517,-1.0779156858358427,-1.674737000282524,9.747538817791959,-1.642218894211196,-1.621126296417604,0.24758173320319687,-0.7708157309017338,-1.4511290620097872,-0.7511467746360431,-0.692938677405437,-1.3796869021044817,-1.3598715305886298,0.15331807120605653,-1.3037933562329755,1.7917604046767703,1.159898607169915,0.36687079807286127,1.2354967956697405,-0.13969376479191326
Vicky R,-0.711574952999342,0.43717284796007383,-0.6777072487212377,-1.2215131571609281,-0.6208048000007755,2.297265793096884,-1.7266514042291938,-0.9190953495279381,1.0208387942096409,3.6294625069049062,-0.8392079374662855,0.5536834041637472,-1.4559782332763613,1.3544964924422709,0.7531575642941493,-0.666275227102343,-1.33471866597722,0.17281014720960236,0.22219762057469178,-0.14956639384842452
Vincha,-0.8776092519672206,-0.8675728683457573,-0.8674631392782899,-0.8623453179791646,-0.8506197433456569,-0.8396944153112827,-0.8353184611895685,-0.754737423380888,-0.7516409868512482,1.9265655911855277,-0.7276383572278962,-0.7146361076940688,-0.7043723442611884,-0.69388820451014,2.286209101143025,3.7992990310978265,-0.6457094578633761,5.570990313779888,-0.6325280470591177,-0.07235714675358651
Vin’s,5.170931286418067,-3.303977248855724,-3.0420675692549937,1.1917301407776248,-1.6195758541356102,0.07637258091046216,4.729568602600483,-0.6253831123486174,-2.4103866799991067,1.2490562223052992,-1.6515014345711876,-1.5658069508362704,-3.1067967350682837,-2.08033933040131,4.071425672248904,-0.9329201455755396,3.1209446585901452,3.5014786238743003,-2.789910886618786,-0.31914789264433097
Volts Face,-1.388747459405863,-1.9157969843929197,-3.3900751678552883,1.377594904736119,1.7896839277258754,3.1178529353243705,-2.3454624905547625,-2.9495392731434644,-1.2352748796949427,2.8942804635753343,4.892940819216292,-2.434761206716271,-0.936319560138327,-2.342971351794038,4.559969977884229,-0.33482575387897684,3.024496343340208,-0.527600790955609,-0.8537792593186364,-0.28277416929122545
Wacko,0.28037633709564697,-1.594613896186733,1.2958989271075894,-1.0946267912917487,-0.5619700078919101,-0.019021278401558504,-1.9990608407735972,-1.8062165488579656,0.4248907305453538,0.44533256526463755,-0.5928387513400886,0.6285959829441552,-1.09245333612902,3.1569596440074315,-1.6161702570817746,4.6205606486820185,1.043210560222041,1.0564714145077891,-1.5137484784208117,-0.17316310662025697
Wallen,9.20121679754718,-2.0998930851480475,-3.3083746036102673,-1.464513430747671,-1.7028941937802486,13.659521886832179,-1.616305068641538,1.6378551814827615,-2.8666462462614732,-0.7484203591009513,-1.33371628749862,-2.725515174690009,-2.314121274999098,-0.0012687792622730367,0.5304931697435924,-0.6058384278012726,-2.462639246654148,-2.4547551766935807,-2.4123673183585277,-0.27595933243063986
Werenoi,-3.6950656268055715,5.928859344910796,10.585075105197056,-3.6307987133977,-2.1853390918775055,-3.535429878502196,-3.517005462828249,-2.863038779563353,5.366944799379799,-0.6078864624575481,1.1796983154669205,-0.35009708915196547,-1.954098185620834,3.2396228211424116,-2.13998554512072,-1.0559251661989764,-1.9830290223521785,2.8251273407410635,-2.2876906540293396,-0.30465085414326204
Worms-T,-2.086166079850708,6.623592277777724,-1.3228901344182271,-1.6614011319913786,0.23317961248950236,-1.559714684279518,-1.164709754076013,-2.4082887318267687,-0.7306355940377519,0.5472137708202909,-1.0297277243600844,5.613266139954294,2.2016528319669666,-1.7624795498304755,2.0216464935863474,-2.141357777889162,-1.0897026586997576,0.3807214027674288,-0.5319549137875049,-0.23088414232877727
X-Men,-2.485208574661057,-1.0227400052562625,0.40396128353394706,7.971122146966931,-0.20522026033372556,-2.7150250591086973,-1.2198751332249542,-1.2109872519973364,-0.7844421775601426,-0.3501785433319776,-1.077582746781584,4.613736899707476,-0.5211556340004921,-1.3521513300740349,-1.7255960820749523,-1.2481232543026073,2.222945476327232,-0.15907793514160692,0.8885376122145565,-0.23395590674833774
YL,-2.161139769789581,2.217736311963702,0.9729359003288972,-4.686942353796545,-1.8747220434786103,-1.5727783418707149,-3.373453985766874,-4.271957030691751,4.793109229365733,0.1161329702707013,8.45147372605699,1.6420757594218776,2.677070998348439,0.18289589292651318,3.176385775261603,-0.20115233659827014,-2.2663346826901622,1.1131180425538914,-3.3621769683015117,-0.46842013750221595
Yanni (FRA),1.4013092932249491,-0.8675728683457573,-0.8674631392782899,-0.8623453179791646,0.32499369342762324,-0.8396944153112827,0.3618297479288959,-0.754737423380888,-0.7516409868512482,-0.7478319708467611,-0.7276383572278962,2.0839910230589878,3.554738655535394,-0.69388820451014,-0.6753255451700767,-0.6710835085629016,0.9029746872769372,0.910015900485283,-0.6325280470591177,-0.07235714675358651
Yaro,1.4738365835089051,4.466324031537178,2.788650558786493,-3.419859781886609,-2.374937852064876,-1.0609939242966955,-2.7683019408356278,-3.351010087057073,4.970973705489302,-2.2021779952497242,-0.35053612966492603,0.06038444684241036,-0.43026680059218625,2.363936243463582,-0.7799184450930987,1.736855501818598,-2.1359677302076356,2.4035759900360913,-1.3944727016253189,-0.347697808007483
Young Chang MC,-0.9166329685698819,-0.9061503077593602,0.19767356985628343,-0.9006903094741497,-0.8884433461926119,-0.8770322132240527,2.5660847640488336,-0.7882975291508946,-0.7850634066735468,1.77945570361803,0.5558072880219969,-0.7464130709382125,0.6235698557340076,-0.7247425928248702,2.1300990234979396,2.1524530856341855,-0.6744215331264255,-0.6722623916450294,-0.6606539985565996,-0.07557457505118591
Younès,1.3953935046831645,-1.445780485727017,-0.7942537934737045,-1.0900034020744531,-1.021393371994097,1.396819741884179,0.08325458304186403,-0.42878545991138795,-2.2866615848887863,1.8815854234211662,0.1387960679807068,-0.5558699213591903,-1.2923818986052995,-0.42331725137716975,-0.7197143076918393,3.933663716673189,2.085322951433081,2.1066880224204647,-2.2403867116753458,-0.25628585521429836
Youri,-0.5406052491061984,-1.7119764880439785,10.112071094984426,-3.6987110628996107,6.620105879066031,-2.5485744995361337,-2.521714295499187,-2.5912487533185398,-2.573485815230137,-2.259793826427773,-0.03557074777965409,-2.3588082960314125,-2.2984253685744718,7.198231570601986,0.13656878243126844,-1.124256083039754,-0.9313089469474816,3.1531087450365543,-2.89860765517599,-0.3315821050851826
Youssoupha,0.8780167961711165,-5.407293048207987,-4.189997252310202,9.664055609160597,-4.2245299040764115,0.7138696979187807,8.897274815784174,-1.0114445885643746,-4.384116094749886,4.514188050483228,-3.1691277164373934,-2.6308150890612865,8.383453666846064,-3.9509470662755253,0.878014870092338,-2.8789481767474263,1.3201980766517276,-2.39565738431846,-2.2890098411701842,-0.4799630178441692
Youv Dee,-0.2638835724900566,-1.478688913808521,0.05980039067379629,-3.2002133638384143,2.031501065279369,-0.09574106168125486,-3.9278681299636617,-3.2037894889108722,8.983206619581855,-0.8675037508388644,-0.9385244288899135,-2.684205773649903,-3.42630776670919,1.5754332278579228,-2.4158099414261334,3.8598632467438554,-1.0282965583636978,3.7265576876858515,5.415864782246831,-0.3797575428845688
Zamdane,8.865639760610145,-3.92882365270848,-1.1912201720575004,-4.129073586511716,-1.508058571542771,0.9397301154211788,-2.5638916566960503,1.4283365626273146,-1.6931551869499935,8.390448984554244,-0.14281731303896014,-1.6739392288182735,-3.279181740783149,-2.366536979186816,6.547872292643944,-0.7383854789197022,-2.0379290124189056,1.9726077234753638,-2.8841580130381974,-0.36571119453071843
Zbig,-2.2452830545201654,7.241533206686369,0.033611959405805365,1.8731223222923326,9.311508368893206,-2.148281410499118,-2.13708593185793,-1.930926712045911,-1.9230047622112765,-1.913259742922811,0.8242708378510868,-0.7344374278589831,-0.6922388519074957,-1.77524954742343,-1.7277586802025233,-1.7169058172820602,0.16400450266658737,-1.646699832945206,-1.6182651931475696,-0.1851191477535589
Zek,-3.193065790538405,0.6284839046152574,0.04806426049995083,2.4283413399029583,7.594950018564418,-3.029730965031092,-2.1051911906201433,-1.6567065575581537,-0.6324902225698971,1.7548770154249782,-1.8460105809369882,0.341559813433432,1.8604975927221312,1.6089927174613854,-2.3047929761323465,-2.2856098164146244,0.9538918424006546,-2.1607644748754726,1.4780598759914163,-0.28695126652025604
Zesau,-0.01889428014764062,-0.8549936775413365,-2.6792916899019055,3.1572485467999343,2.359681667072366,-2.868161277222815,-2.2181798615535078,0.2859948813184264,-0.04034858609465631,5.280820180108244,-0.5819825587247177,1.352970657650603,1.451050361696327,-2.629793852814536,-0.6058920850897325,-2.1501856182119994,1.6391044487185376,-0.38965070959681153,-0.3115129544664347,-0.27422916281801585
Ziak,-2.492103193422688,12.41332911813838,2.075426722870112,-3.076443085692869,0.5902341797154397,-2.99563530320052,-2.308888409298301,-2.6925486569103505,2.1665271294652317,-1.1686141184563557,5.10866846369231,1.3728732607614067,-2.1149183165540526,-1.66753893244243,-1.1640406746897587,-1.5587275454774996,-1.8694826932529383,-2.2962132098965546,-0.04080389910311837,-0.25813631863536535
Zifou,0.11264136756472956,-0.881779615396301,-1.4016984221708086,0.18287277047546055,-0.29288482615848677,-0.7854669460741159,-1.850770707052553,-1.6722315854702436,-1.6653709756659132,1.3606946398152358,-0.9919151958035579,-0.9518213907387328,-1.5606403572001553,3.015697273806993,5.855268015218573,2.5484003284289214,-1.4306641184780906,-1.4260838877293744,3.5933367720798466,-0.16031788460353694
Zikxo,1.6593297765314057,2.2104609283769894,0.525631064103419,-0.2632642184671764,4.161495468190673,-2.414626870612171,-2.3792874330403952,-1.9471545246685051,0.511458681916985,1.28935844728705,-0.7125691069036715,2.48837461496801,1.3397409815684285,-3.7948193933510153,-0.4441763721874785,-3.670102325298994,-0.6995423427331678,3.2980990086452557,-2.3029240821333357,-0.3957154833737926
Zinée,3.2201926474859266,-0.6468375741503087,-0.6464705861878833,-1.7634525687816083,-0.5897017382627951,1.7770645894397816,-1.708184013328163,-0.8954796332476674,-1.5370678096704733,1.0863338507000029,1.8722683392728299,-1.4613947030405865,-0.7461570370435816,0.6952488399043614,0.0672124213421305,-0.643645110997007,0.9515212716416448,2.4825532592452615,-1.2934878710488513,-0.14796670727219272
Zirko (SKS Crew),-0.4810117840849792,-1.2545082950072781,-1.2543496270378727,-0.4449920254847657,-1.229994116759652,0.43298424167751853,11.210701905854407,-1.091348511162693,-1.0868710713385434,0.7681540324460436,-1.0521633262480155,0.9020678780251098,-1.0185207270832468,-1.003360686051044,-0.976519124993697,-0.9703851501944596,-0.9336943335047146,-0.9307051374794088,-0.9146340449738599,-0.10462826186307113
Zkr,-3.0415679861421747,1.6184458066390317,-2.0558241599319595,-3.8652034752457776,-0.7544515433845084,-1.365865992721618,-2.044679019614351,-3.259315883100325,2.0608408017185957,1.5767182460701619,11.959063405754817,2.8274122219521383,-2.685903832132084,-2.0460921215846315,2.8078458875393992,-0.3981204649829477,1.0803664849408972,2.962263838556146,-3.1741199112975145,-0.3630989382712319
Zola,-2.9671848503061167,6.076210282986971,11.662045402871692,-3.850368162451005,-2.0581883968489847,-3.4854164899608184,-3.9662636305988057,-3.5836483115560296,12.402156955115709,-3.2692378720839055,-1.7183509030338298,1.027316045733236,-2.7465086770430487,1.5615256486784794,-2.2710094655403874,-2.558783094484018,-2.087475152628816,0.21594991932740404,0.32621657325998044,-0.34356659826898894
Zoxea,-0.6755795577423931,-2.5149317908196704,-2.831965937172663,13.797155023465827,2.41627463072334,-3.048659513527197,-0.3949209085331723,0.17927822767370175,-1.996087589076538,-0.13699746691183168,-1.1277124888130652,0.10328423085562755,-1.7752887907112969,-2.1223460576318174,1.6265985865976302,-2.0260608497810657,1.9211888209992618,-2.336857307015891,-0.5547282926294923,-0.26270545776183496
Zuukou Mayzie,-0.03185645630329247,1.8780349032627104,0.31836439105167014,-3.5596146727761377,1.2713164857282317,6.2228112496163765,-3.70154141414563,-3.045461522928187,-2.7302751397239167,-2.1068126103453944,-1.6736931769080179,-2.85098254369788,-2.8008994057885124,3.7548403077113672,-1.321758789181013,3.0791584658640403,-2.511840196086308,-1.099115222688732,12.181469083789125,-0.32063576967489443
Ärsenik (Group),-0.5709133450771517,-2.569561168643731,-2.9124972877726223,14.028582609441576,-1.4553589723669256,-2.8192641236566853,2.187277276125025,1.0176440325202007,-2.1273705080738816,-0.5194692651969318,-1.215057575988159,-1.565834468297594,3.5549354606057317,-1.042013912939699,-1.8263633206098953,-2.253154987385298,1.5221398207515944,-1.6982770629755106,-1.1819553068840063,-0.24293827132228962
​DA Uzi,-2.4624302469744372,1.929159941013932,2.1175419130236204,-5.322208431899519,-3.5355030025831944,-3.059848177289552,-3.9915773319157193,-4.014033067530907,-1.4054856102555742,6.86769669748539,11.764534278503557,3.298158931875095,-2.7370139955114086,-1.480444136499469,8.788006461019329,-2.4516882062930456,-0.4721621103288379,1.817500498483265,-3.135349171197405,-0.44657263405633046
​nelick,6.734403298718113,-3.48807074392462,-2.4220174479253553,-2.927899619682234,0.9371782138387773,9.850804652296285,-3.614842231310774,-2.0414357555504035,-0.7932536351336238,-1.0732431570827876,-1.243402687041492,-2.7692354600220574,-3.0481726610553896,1.3264864914737104,-1.5537685532345968,3.6383251157975396,-2.4364386684194703,5.47208851237073,-0.9106263887254723,-0.31312569315937516
​​okis,-1.5015203462413322,3.2663940632904787,4.557880586192667,1.583439899931633,1.6685469082204198,-1.8059026932668425,-2.2385628020009256,-2.022614367789599,-1.02142350642438,-2.004108504588955,-0.9243464799088396,5.917148954869967,-1.3578797913622611,-1.8595450664344118,-1.8097991543910874,-1.2423907061119166,-1.7304312552540977,2.3333353459441235,-1.105173072101132,-0.1939093004988026
