{
  "coherence_metrics": {
    "cv": 0.5461736883038426,
    "umass": -10.45758201334577,
    "per_topic_cv": [
      0.7318346592118737,
      0.6145575976700955,
      0.5698182299101144,
      0.5319137286084004,
      0.504601263131502,
      0.8355221166800334,
      0.5574377970458619,
      0.4909126635488305,
      0.4291907529479649,
      0.44253952969792126,
      0.4912541995869318,
      0.4108230170471819,
      0.3670007428924747,
      0.5394298643813291,
      0.6512359158808307,
      0.5368024877243476,
      0.6332415818133863,
      0.5504633882989112,
      0.5658005936122227,
      0.4690936363866377
    ]
  },
  "artist_metrics": {
    "silhouette": null,
    "js_divergence": 0.1353872031776791,
    "specialization": 0.23745811477484535,
    "pct_specialists": 1.824817518248175,
    "pct_moderate": 42.518248175182485,
    "pct_generalists": 55.65693430656934,
    "mean_dominant_ratio": 0.2982118336333147,
    "mean_significant_topics": 4.83029197080292,
    "mean_topic_concentration": 0.07042322349210448
  },
  "temporal_metrics": {
    "mean_variance": 3.499196124644056e-05,
    "decade_changes": {
      "1990s->2000s": 0.018191810663237485,
      "2000s->2010s": 0.021577596232205086,
      "2010s->2020s": 0.024545852663964658
    },
    "biannual_changes": {
      "1992-1993->1994-1995": 0.08906626678317855,
      "1994-1995->1996-1997": 0.06360330979199641,
      "1996-1997->1998-1999": 0.042607701751508416,
      "1998-1999->2000-2001": 0.021982448046081984,
      "2000-2001->2002-2003": 0.022762593183211735,
      "2002-2003->2004-2005": 0.02147298896603339,
      "2004-2005->2006-2007": 0.019599087003907546,
      "2006-2007->2008-2009": 0.013740455571649761,
      "2008-2009->2010-2011": 0.015896764175544167,
      "2010-2011->2012-2013": 0.012091550445697293,
      "2012-2013->2014-2015": 0.018555077024101616,
      "2014-2015->2016-2017": 0.009777852885366783,
      "2016-2017->2018-2019": 0.018286100646794215,
      "2018-2019->2020-2021": 0.010850008032088873
    },
    "mean_biannual_js": 0.02716372887908291
  },
  "parameters": {
    "num_topics": 20,
    "alpha": "symmetric",
    "eta": "auto",
    "passes": 15,
    "iterations": 400,
    "min_word_len": 2,
    "min_doc_freq": 5,
    "max_doc_freq_ratio": 0.3,
    "use_ngrams": "ngrams_only",
    "ngram_min_count": 10,
    "ngram_threshold": 50,
    "vocabulary_size": 38894,
    "num_documents": 115805,
    "num_words_per_topic": 30,
    "keep_all_the_document": true,
    "timestamp": "20260224_100155",
    "run_dir": "/home/robin/Code_repo/psycholinguistic2125/JADT_rap_fr/results/LDA/run_20260224_100155_ngrams_only"
  }
}