{
  "coherence_metrics": {
    "cv": 0.5897350795650858,
    "umass": -10.25322142459603,
    "per_topic_cv": [
      0.584453738617112,
      0.7303655067156405,
      0.5878037404722696,
      0.456868543246561,
      0.6054954226591358,
      0.7849690397367427,
      0.5117484885088606,
      0.5210225652050913,
      0.4969266904206613,
      0.5323854030116322,
      0.42358882927563074,
      0.5368416619863483,
      0.43067994574923524,
      0.5550392968439154,
      0.529695225613783,
      0.6844255164340453,
      0.7820361174609686,
      0.7796645970933347,
      0.5397215479352035,
      0.7209697143155418
    ]
  },
  "artist_metrics": {
    "silhouette": null,
    "js_divergence": 0.14017805762032737,
    "specialization": 0.18637942112660766,
    "pct_specialists": 0.5474452554744526,
    "pct_moderate": 22.445255474452555,
    "pct_generalists": 77.00729927007299,
    "mean_dominant_ratio": 0.24885207107897403,
    "mean_significant_topics": 6.386861313868613,
    "mean_topic_concentration": 0.07142617735084845
  },
  "temporal_metrics": {
    "mean_variance": 3.248175215921697e-05,
    "decade_changes": {
      "1990s->2000s": 0.019444076106357594,
      "2000s->2010s": 0.025146378505036638,
      "2010s->2020s": 0.022446715141430693
    },
    "biannual_changes": {
      "1992-1993->1994-1995": 0.07232086408122462,
      "1994-1995->1996-1997": 0.06248060165298465,
      "1996-1997->1998-1999": 0.03633731033085454,
      "1998-1999->2000-2001": 0.021455067741998943,
      "2000-2001->2002-2003": 0.03213636958096109,
      "2002-2003->2004-2005": 0.028184248523921193,
      "2004-2005->2006-2007": 0.02065677135690313,
      "2006-2007->2008-2009": 0.014435551778362555,
      "2008-2009->2010-2011": 0.018776942214159188,
      "2010-2011->2012-2013": 0.013735767822118218,
      "2012-2013->2014-2015": 0.01887870032730395,
      "2014-2015->2016-2017": 0.012716880773243136,
      "2016-2017->2018-2019": 0.017172920649088656,
      "2018-2019->2020-2021": 0.010918176803853213
    },
    "mean_biannual_js": 0.027157583831212643
  },
  "parameters": {
    "num_topics": 20,
    "alpha": "symmetric",
    "eta": "auto",
    "passes": 15,
    "iterations": 400,
    "min_word_len": 2,
    "min_doc_freq": 5,
    "max_doc_freq_ratio": 0.3,
    "use_ngrams": "bigram_only",
    "ngram_min_count": 10,
    "ngram_threshold": 50,
    "vocabulary_size": 40172,
    "num_documents": 115805,
    "num_words_per_topic": 30,
    "keep_all_the_document": true,
    "timestamp": "20260224_094852",
    "run_dir": "/home/robin/Code_repo/psycholinguistic2125/JADT_rap_fr/results/LDA/run_20260224_094852_bigram_only"
  }
}