{
  "silhouette_metrics": {
    "silhouette_umap": 0.1651512086391449,
    "per_cluster_silhouette_umap": {
      "0": 0.29364529252052307,
      "1": 0.13547030091285706,
      "2": 0.2056429386138916,
      "3": 0.1992068737745285,
      "4": 0.09917186200618744,
      "5": 0.10340790450572968,
      "6": 0.15913909673690796,
      "7": 0.20076164603233337,
      "8": 0.14679546654224396,
      "9": 0.2958986461162567,
      "10": 0.2072323113679886,
      "11": 0.07677150517702103,
      "12": 0.2596551477909088,
      "13": 0.054944563657045364,
      "14": 0.054220154881477356,
      "15": 0.10012870281934738,
      "16": 0.11171694099903107,
      "17": 0.12647397816181183,
      "18": 0.12003655731678009,
      "19": 0.7714949250221252
    }
  },
  "artist_metrics": {
    "silhouette_by_artist": null,
    "js_divergence": 0.4601864127468492,
    "specialization": 0.18908407034897978,
    "pct_specialists": 2.5547445255474455,
    "pct_moderate": 11.313868613138686,
    "pct_generalists": 86.13138686131386,
    "mean_dominant_ratio": 0.2078958756792977,
    "mean_significant_topics": 7.423357664233577,
    "mean_topic_concentration": 0.0970756759397407
  },
  "temporal_metrics": {
    "mean_variance": 0.0005711178768264037,
    "decade_changes": {
      "1990s->2000s": 0.08244634873568045,
      "2000s->2010s": 0.1870903829198568,
      "2010s->2020s": 0.12315622357123851
    },
    "biannual_changes": {
      "1992-1993->1994-1995": 0.15371415192972565,
      "1994-1995->1996-1997": 0.13577251969169132,
      "1996-1997->1998-1999": 0.09971903281634648,
      "1998-1999->2000-2001": 0.0508133065548338,
      "2000-2001->2002-2003": 0.0573064884963991,
      "2002-2003->2004-2005": 0.0495139598701719,
      "2004-2005->2006-2007": 0.058743087769750645,
      "2006-2007->2008-2009": 0.0421965411300354,
      "2008-2009->2010-2011": 0.04594857596401292,
      "2010-2011->2012-2013": 0.04159053546062751,
      "2012-2013->2014-2015": 0.091050498936664,
      "2014-2015->2016-2017": 0.09042571430945628,
      "2016-2017->2018-2019": 0.07736936028774402,
      "2018-2019->2020-2021": 0.03490019754312865
    },
    "mean_biannual_js": 0.07350456934004197
  },
  "parameters": {
    "embedding_model": "dangvantuan/sentence-camembert-base",
    "embedding_key": "camembert",
    "clustering_algorithm": "kmeans",
    "n_clusters": 20,
    "hdbscan_params": null,
    "agglomerative_params": null,
    "umap_params": {
      "n_neighbors": 15,
      "n_components": 5,
      "min_dist": 0.0,
      "metric": "cosine",
      "random_state": 42
    },
    "num_documents": 115805,
    "num_words_per_topic": 30,
    "timestamp": "20260126_130645",
    "run_dir": "/home/robin/Code_repo/psycholinguistic2125/JADT_rap_fr/results/BERTopic/run_20260126_130645_camembert",
    "use_openai": true,
    "include_keybert": true,
    "interactive_html": true
  }
}