{
  "silhouette_metrics": {
    "silhouette_umap": 0.1717301607131958,
    "per_cluster_silhouette_umap": {
      "0": 0.356747567653656,
      "1": 0.24898095428943634,
      "2": 0.19333583116531372,
      "3": 0.2539357542991638,
      "4": 0.16253769397735596,
      "5": 0.12023747712373734,
      "6": 0.0718907043337822,
      "7": 0.25222423672676086,
      "8": 0.16443577408790588,
      "9": 0.034631188958883286,
      "10": 0.07584846764802933,
      "11": 0.08295852690935135,
      "12": 0.09473922848701477,
      "13": 0.05935294181108475,
      "14": 0.3042823076248169,
      "15": 0.08400139957666397,
      "16": 0.09677255898714066,
      "17": 0.05015232041478157,
      "18": 0.34063461422920227,
      "19": 0.21106788516044617
    }
  },
  "artist_metrics": {
    "silhouette_by_artist": null,
    "js_divergence": 0.45102387138411404,
    "specialization": 0.16750515176634462,
    "pct_specialists": 2.18978102189781,
    "pct_moderate": 11.496350364963504,
    "pct_generalists": 86.3138686131387,
    "mean_dominant_ratio": 0.205937804223867,
    "mean_significant_topics": 7.372262773722627,
    "mean_topic_concentration": 0.09351510930325455
  },
  "temporal_metrics": {
    "mean_variance": 0.0006554725782897396,
    "decade_changes": {
      "1990s->2000s": 0.0549673666267224,
      "2000s->2010s": 0.1927479741475565,
      "2010s->2020s": 0.18091823066968096
    },
    "biannual_changes": {
      "1992-1993->1994-1995": 0.1117166490829213,
      "1994-1995->1996-1997": 0.10364652560008271,
      "1996-1997->1998-1999": 0.07874186414202441,
      "1998-1999->2000-2001": 0.0782603249482564,
      "2000-2001->2002-2003": 0.06293742857402995,
      "2002-2003->2004-2005": 0.06558724792399688,
      "2004-2005->2006-2007": 0.07785754900512544,
      "2006-2007->2008-2009": 0.06120217436741338,
      "2008-2009->2010-2011": 0.06999427570707407,
      "2010-2011->2012-2013": 0.048077376269984304,
      "2012-2013->2014-2015": 0.0860757535570392,
      "2014-2015->2016-2017": 0.10970251698244038,
      "2016-2017->2018-2019": 0.08944076614551048,
      "2018-2019->2020-2021": 0.08048695015361662
    },
    "mean_biannual_js": 0.08026624303282255
  },
  "parameters": {
    "embedding_model": "sentence-transformers/all-mpnet-base-v2",
    "embedding_key": "mpnet",
    "n_clusters": 20,
    "umap_params": {
      "n_neighbors": 15,
      "n_components": 5,
      "min_dist": 0.0,
      "metric": "cosine",
      "random_state": 42
    },
    "num_documents": 115805,
    "num_words_per_topic": 30,
    "timestamp": "20260124_082340",
    "run_dir": "/home/robin/Code_repo/psycholinguistic2125/JADT_rap_fr/results/BERTopic/run_20260124_082340_mpnet",
    "use_openai": true,
    "include_keybert": true,
    "interactive_html": true
  }
}