{
  "coherence_metrics": {
    "cv": 0.5882623367731253,
    "umass": -10.021625029905717,
    "per_topic_cv": [
      0.577008330137178,
      0.8033208215171198,
      0.5822303537054713,
      0.45451690340905937,
      0.6055069302272258,
      0.7876578211641198,
      0.5300687919401181,
      0.5005285864130927,
      0.496369341597365,
      0.5334722384201854,
      0.40199697154186875,
      0.5130227481755419,
      0.42646889760329476,
      0.5413759952520533,
      0.5541273561044203,
      0.6257840683784235,
      0.7862347641411465,
      0.7759532871772152,
      0.5397355327177772,
      0.72986699583983
    ]
  },
  "artist_metrics": {
    "silhouette": null,
    "js_divergence": 0.140157239605301,
    "specialization": 0.1860694941326031,
    "pct_specialists": 0.5474452554744526,
    "pct_moderate": 22.445255474452555,
    "pct_generalists": 77.00729927007299,
    "mean_dominant_ratio": 0.24740175597042136,
    "mean_significant_topics": 6.41970802919708,
    "mean_topic_concentration": 0.07103883612074706
  },
  "temporal_metrics": {
    "mean_variance": 3.1153792787995684e-05,
    "decade_changes": {
      "1990s->2000s": 0.020153063169829295,
      "2000s->2010s": 0.023976883198241785,
      "2010s->2020s": 0.021474416977280326
    },
    "biannual_changes": {
      "1992-1993->1994-1995": 0.06886282666620308,
      "1994-1995->1996-1997": 0.06022644953640111,
      "1996-1997->1998-1999": 0.03842032607898865,
      "1998-1999->2000-2001": 0.022896886514271967,
      "2000-2001->2002-2003": 0.031338042150929855,
      "2002-2003->2004-2005": 0.028753751783176247,
      "2004-2005->2006-2007": 0.02035866602873664,
      "2006-2007->2008-2009": 0.014842524019968066,
      "2008-2009->2010-2011": 0.018417352488368944,
      "2010-2011->2012-2013": 0.013791724745190772,
      "2012-2013->2014-2015": 0.018788136998577447,
      "2014-2015->2016-2017": 0.01210671751647931,
      "2016-2017->2018-2019": 0.01781102567772104,
      "2018-2019->2020-2021": 0.011112844796056955
    },
    "mean_biannual_js": 0.026980519642933572
  },
  "parameters": {
    "num_topics": 20,
    "alpha": "symmetric",
    "eta": "auto",
    "passes": 15,
    "iterations": 400,
    "min_word_len": 2,
    "min_doc_freq": 5,
    "max_doc_freq_ratio": 0.3,
    "use_ngrams": "bigram_only",
    "ngram_min_count": 10,
    "ngram_threshold": 50,
    "vocabulary_size": 40172,
    "num_documents": 115785,
    "num_words_per_topic": 30,
    "timestamp": "20260126_124051",
    "run_dir": "/home/robin/Code_repo/psycholinguistic2125/JADT_rap_fr/results/LDA/run_20260126_124051_bigram_only"
  }
}