{
  "silhouette_metrics": {
    "silhouette_umap": -0.022921524941921234,
    "per_cluster_silhouette_umap": {
      "0": 0.0645478293299675,
      "1": 0.04231584444642067,
      "2": 0.08646649122238159,
      "3": -0.0764104500412941,
      "4": -0.02071770466864109,
      "5": -0.08859678357839584,
      "6": 0.16863030195236206,
      "7": 0.07467962801456451,
      "8": -0.1621510535478592,
      "9": -0.08106182515621185,
      "10": -0.09973285347223282,
      "11": -0.10813116282224655,
      "12": -0.11772508174180984,
      "13": -0.04966503381729126,
      "14": -0.11527367681264877,
      "15": 0.24479573965072632,
      "16": 0.010507006198167801,
      "17": -0.0038992129266262054,
      "18": -0.34191805124282837,
      "19": -0.20296110212802887
    }
  },
  "artist_metrics": {
    "silhouette_by_artist": null,
    "js_divergence": 0.508539850581412,
    "specialization": 0.22769186647706374,
    "pct_specialists": 5.656934306569343,
    "pct_moderate": 21.16788321167883,
    "pct_generalists": 73.17518248175182,
    "mean_dominant_ratio": 0.25253674824718353,
    "mean_significant_topics": 6.614963503649635,
    "mean_topic_concentration": 0.110239525327684
  },
  "temporal_metrics": {
    "mean_variance": 0.0008716768885584272,
    "decade_changes": {
      "1990s->2000s": 0.09126038544368441,
      "2000s->2010s": 0.24454765425113206,
      "2010s->2020s": 0.20404803983108466
    },
    "biannual_changes": {
      "1992-1993->1994-1995": 0.1844027011265401,
      "1994-1995->1996-1997": 0.11536024682349016,
      "1996-1997->1998-1999": 0.0810313365476643,
      "1998-1999->2000-2001": 0.09329077422037055,
      "2000-2001->2002-2003": 0.07377739456451222,
      "2002-2003->2004-2005": 0.07618399765709204,
      "2004-2005->2006-2007": 0.08068000898523603,
      "2006-2007->2008-2009": 0.07639934520716714,
      "2008-2009->2010-2011": 0.06816213494673054,
      "2010-2011->2012-2013": 0.05726220486903976,
      "2012-2013->2014-2015": 0.12143905078238232,
      "2014-2015->2016-2017": 0.1277887830863736,
      "2016-2017->2018-2019": 0.09485883893398446,
      "2018-2019->2020-2021": 0.0859076559588698
    },
    "mean_biannual_js": 0.09546746240781805
  },
  "parameters": {
    "embedding_model": "intfloat/multilingual-e5-base",
    "embedding_key": "e5",
    "clustering_algorithm": "kmeans",
    "n_clusters": 20,
    "hdbscan_params": null,
    "agglomerative_params": null,
    "umap_params": {
      "n_neighbors": 15,
      "n_components": 5,
      "min_dist": 0.0,
      "metric": "cosine",
      "random_state": 42
    },
    "num_documents": 115805,
    "num_words_per_topic": 30,
    "timestamp": "20260126_133046",
    "run_dir": "/home/robin/Code_repo/psycholinguistic2125/JADT_rap_fr/results/BERTopic/run_20260126_133046_e5",
    "use_openai": true,
    "include_keybert": true,
    "interactive_html": true
  }
}