{
  "coherence_metrics": {
    "cv": 0.3206466553746197,
    "umass": -3.9043589256654547,
    "per_topic_cv": [
      0.38134453788246037,
      0.3441409163752343,
      0.2813376262399471,
      0.3463330020730885,
      0.23063798725097398,
      0.22305895522068195,
      0.3541373061376819,
      0.2611533402747246,
      0.33620170268963206,
      0.17272019413340486,
      0.38857302393035714,
      0.46807680013134656,
      0.18385405497840943,
      0.38779921267360074,
      0.4313269572230224,
      0.5632860700395377,
      0.26580812969570566,
      0.20798008253458294,
      0.23510064229133798,
      0.3500625657166644
    ]
  },
  "artist_metrics": {
    "silhouette": null,
    "js_divergence": 0.19495554015985045,
    "specialization": 0.557364548717903,
    "pct_specialists": 63.138686131386855,
    "pct_moderate": 35.21897810218978,
    "pct_generalists": 1.6423357664233578,
    "mean_dominant_ratio": 0.5578156103005948,
    "mean_significant_topics": 3.113138686131387,
    "mean_topic_concentration": 0.10310210737571739
  },
  "temporal_metrics": {
    "mean_variance": 0.00026080445253184154,
    "decade_changes": {
      "1990s->2000s": 0.03701328460560731,
      "2000s->2010s": 0.09119295676673658,
      "2010s->2020s": 0.04933458231015914
    },
    "biannual_changes": {
      "1992-1993->1994-1995": 0.05872896395710551,
      "1994-1995->1996-1997": 0.06879066194921009,
      "1996-1997->1998-1999": 0.03368958622717138,
      "1998-1999->2000-2001": 0.01630106627268204,
      "2000-2001->2002-2003": 0.025698807756828892,
      "2002-2003->2004-2005": 0.01572142408819752,
      "2004-2005->2006-2007": 0.024524157208263068,
      "2006-2007->2008-2009": 0.018523579135416218,
      "2008-2009->2010-2011": 0.024964730356570264,
      "2010-2011->2012-2013": 0.018219785633762975,
      "2012-2013->2014-2015": 0.04238192513339973,
      "2014-2015->2016-2017": 0.03313160191665241,
      "2016-2017->2018-2019": 0.030442683854917833,
      "2018-2019->2020-2021": 0.0139471268233314
    },
    "mean_biannual_js": 0.030361864308107805
  },
  "parameters": {
    "num_topics": 20,
    "alpha": "symmetric",
    "eta": "auto",
    "passes": 15,
    "iterations": 400,
    "min_word_len": 2,
    "min_doc_freq": 5,
    "max_doc_freq_ratio": 0.3,
    "use_ngrams": "both",
    "ngram_min_count": 10,
    "ngram_threshold": 50,
    "vocabulary_size": 81475,
    "num_documents": 115805,
    "num_words_per_topic": 30,
    "keep_all_the_document": true,
    "timestamp": "20260224_100615",
    "run_dir": "/home/robin/Code_repo/psycholinguistic2125/JADT_rap_fr/results/LDA/run_20260224_100615_both"
  }
}