{
  "timestamp": "20260318_175850",
  "inputs": {
    "lda_folder": "results/LDA/run_20260224_094852_bigram_only",
    "bertopic_folder": "results/BERTopic/run_20260126_141647_mpnet",
    "iramuteq_folder": "results/IRAMUTEQ/evaluation_20260126_124001",
    "iramuteq_original": "results/IRAMUTEQ/original_run_from_pierre_corpus_rap2_alceste_1"
  },
  "n_aligned_documents": 115805,
  "agreement": {
    "bertopic_vs_lda": {
      "ari": 0.007626521587206416,
      "nmi": 0.015008404489599054,
      "ami": 0.014462018470036886,
      "n_one_to_one": 0
    },
    "bertopic_vs_iramuteq": {
      "ari": 0.04423150962533735,
      "nmi": 0.1023805026032236,
      "ami": 0.10188652985696235,
      "n_one_to_one": 0
    },
    "lda_vs_iramuteq": {
      "ari": 0.00486005204598059,
      "nmi": 0.015126495391151929,
      "ami": 0.014551780991715888,
      "n_one_to_one": 0
    }
  },
  "artist_separation": {
    "bertopic": {
      "cramers_v": 0.20792314816413732,
      "pct_specialists": 2.18978102189781,
      "pct_moderate": 11.496350364963504,
      "pct_generalists": 86.3138686131387,
      "mean_entropy": 0
    },
    "lda": {
      "cramers_v": 0.11434489898615,
      "pct_specialists": 0.5474452554744526,
      "pct_moderate": 22.445255474452555,
      "pct_generalists": 77.00729927007299,
      "mean_entropy": 0
    },
    "iramuteq": {
      "cramers_v": 0.38535996742801476,
      "pct_specialists": 12.226277372262775,
      "pct_moderate": 44.34306569343065,
      "pct_generalists": 43.43065693430657,
      "mean_entropy": 0
    }
  },
  "temporal": {
    "bertopic": {
      "mean_variance": 0.0006766168550087636,
      "most_variable_topic": "3",
      "max_variance": 0.0035655518969602883
    },
    "lda": {
      "mean_variance": 3.3529550615965925e-05,
      "most_variable_topic": "16",
      "max_variance": 9.370708736128185e-05
    },
    "iramuteq": {
      "mean_variance": 0.0019169829770840266,
      "most_variable_topic": "9",
      "max_variance": 0.015928631580087185
    }
  },
  "vocabulary": {
    "distinctiveness": {
      "bertopic": 0.5061747437533783,
      "lda": 0.997719150995086,
      "iramuteq": 0.9964219257059621
    },
    "bertopic_vs_lda": {
      "mean_jaccard": 0.00268,
      "mean_overlap_coef": 0.0054199999999999995
    }
  },
  "intra_topic_distances": {
    "bertopic": {
      "js_mean": 0.820089626798762,
      "js_std": 0.002050370779118941,
      "labbe_mean": 0.9771293424031061,
      "labbe_std": 0.003988471204750894,
      "n_topics": 20
    },
    "lda": {
      "js_mean": 0.820342836952283,
      "js_std": 0.002048204845962673,
      "labbe_mean": 0.9782481112521392,
      "labbe_std": 0.004219817814730943,
      "n_topics": 20
    },
    "iramuteq": {
      "js_mean": 0.8184616042134643,
      "js_std": 0.006888459308409165,
      "labbe_mean": 0.9748261081201361,
      "labbe_std": 0.01313715693207891,
      "n_topics": 20
    }
  },
  "topic_distances": {
    "bertopic": {
      "intra_all_paired": {
        "js_mean": 0.820089626798762,
        "js_std": 0.002050370779118941,
        "labbe_mean": 0.9771293424031061,
        "labbe_std": 0.003988471204750894
      },
      "inter_all_paired": {
        "js_mean": 0.8220252742207051,
        "js_std": 0.0009976270715205135,
        "labbe_mean": 0.9813026782125782,
        "labbe_std": 0.0021844693463734612
      },
      "intra_aggregated_20": {
        "js_mean": 0.7111452983197006,
        "js_std": 0.012107048561212311,
        "labbe_mean": 0.7658115652078865,
        "labbe_std": 0.029740676687157675
      },
      "inter_aggregated_20": {
        "js_mean": 0.7260587924838496,
        "js_std": 0.007384337777625795,
        "labbe_mean": 0.7942649362490816,
        "labbe_std": 0.016989368919707176
      }
    },
    "lda": {
      "intra_all_paired": {
        "js_mean": 0.820342836952283,
        "js_std": 0.002048204845962673,
        "labbe_mean": 0.9782481112521392,
        "labbe_std": 0.004219817814730943
      },
      "inter_all_paired": {
        "js_mean": 0.8216386285334124,
        "js_std": 0.000851562110328634,
        "labbe_mean": 0.9805707344234351,
        "labbe_std": 0.0017884127186512044
      },
      "intra_aggregated_20": {
        "js_mean": 0.7121395694438759,
        "js_std": 0.013243601185176453,
        "labbe_mean": 0.7658597521866606,
        "labbe_std": 0.026843968371777344
      },
      "inter_aggregated_20": {
        "js_mean": 0.7211238049991838,
        "js_std": 0.0059862307467469095,
        "labbe_mean": 0.7840480214472072,
        "labbe_std": 0.012757945168445703
      }
    },
    "iramuteq": {
      "intra_all_paired": {
        "js_mean": 0.8184616042134643,
        "js_std": 0.006888459308409165,
        "labbe_mean": 0.9748261081201361,
        "labbe_std": 0.01313715693207891
      },
      "inter_all_paired": {
        "js_mean": 0.8229389937015213,
        "js_std": 0.001886283207720874,
        "labbe_mean": 0.9832228271602876,
        "labbe_std": 0.003578430347888739
      },
      "intra_aggregated_20": {
        "js_mean": 0.7022261651747462,
        "js_std": 0.02449542684315808,
        "labbe_mean": 0.7542847968283714,
        "labbe_std": 0.04133566453381979
      },
      "inter_aggregated_20": {
        "js_mean": 0.7345223055284559,
        "js_std": 0.01694431809433967,
        "labbe_mean": 0.8131923297625729,
        "labbe_std": 0.035279981910618215
      }
    }
  },
  "aggregation_size": 20,
  "inter_topic_per_topic": {
    "bertopic": {
      "0": 0.980427377044114,
      "1": 0.9828867866592605,
      "2": 0.9803610663062838,
      "3": 0.9818341015671759,
      "4": 0.9868120353503904,
      "5": 0.9795492439519521,
      "6": 0.9800016251757723,
      "7": 0.9825970502266457,
      "8": 0.9860803726060625,
      "9": 0.9794315701487699,
      "10": 0.98099029112805,
      "11": 0.9779400604265862,
      "12": 0.9808682717318389,
      "13": 0.9804098061891232,
      "14": 0.9792355301204694,
      "15": 0.9813240753425966,
      "16": 0.9794718806269177,
      "17": 0.9799865550908468,
      "18": 0.9822627363591703,
      "19": 0.9835831281995386
    },
    "lda": {
      "0": 0.9829908207484125,
      "1": 0.9826228804088114,
      "2": 0.9778935741172617,
      "3": 0.9799613907104198,
      "4": 0.9787867098310641,
      "5": 0.9836546565825173,
      "6": 0.9814935146441316,
      "7": 0.9791069210818824,
      "8": 0.9792239245121124,
      "9": 0.9788747916765289,
      "10": 0.9799255985190084,
      "11": 0.9788911577851879,
      "12": 0.9799719676402299,
      "13": 0.9784800148149184,
      "14": 0.9826128269333647,
      "15": 0.982125675570657,
      "16": 0.9808234883727839,
      "17": 0.9819801173195807,
      "18": 0.9788742318086403,
      "19": 0.983120425391191
    },
    "iramuteq": {
      "1": 0.9937105432275548,
      "2": 0.9881351169990091,
      "3": 0.9819791842657791,
      "4": 0.9850336939092851,
      "5": 0.9868442911028728,
      "6": 0.9866825121628433,
      "7": 0.9834397049743256,
      "8": 0.9836503991480051,
      "9": 0.9816997815028131,
      "10": 0.9811732543555125,
      "11": 0.9834047642185484,
      "12": 0.9783013736651399,
      "13": 0.9796060866418084,
      "14": 0.9823782607766858,
      "15": 0.98098372489352,
      "16": 0.9800784973265938,
      "17": 0.9816210815910952,
      "18": 0.985499676561124,
      "19": 0.9817502956158114,
      "20": 0.9784843002674285
    }
  },
  "multi_aggregation": {
    "bertopic": {
      "aggregation_sizes": [
        8,
        24,
        40,
        56,
        72
      ],
      "intra_labbe_means": [
        0.8622800565286862,
        0.7437930848500802,
        0.6796873630954233,
        0.6356969508763685,
        0.6030694221786138
      ],
      "inter_labbe_means": [
        0.8805561104388205,
        0.7748774374195972,
        0.7184421443934397,
        0.6801639249983888,
        0.6526139497577491
      ]
    },