{
  "coherence_metrics": {
    "cv": 0.308974191363911,
    "umass": -4.126752988398309,
    "per_topic_cv": [
      0.366919135024801,
      0.47542206114070706,
      0.21151113948533656,
      0.22391536094783557,
      0.22795194279792033,
      0.2516111081465365,
      0.3262303141188912,
      0.3528231742895324,
      0.18714482209329925,
      0.5706102515813742,
      0.31359754796539374,
      0.36729983481412753,
      0.19924004783728805,
      0.21999759822315226,
      0.3735095567943353,
      0.38160891182494805,
      0.3601436512804238,
      0.3564850927184502,
      0.21003992728922266,
      0.20342234890464578
    ]
  },
  "artist_metrics": {
    "silhouette": null,
    "js_divergence": 0.18894469393831165,
    "specialization": 0.4555529562428424,
    "pct_specialists": 28.832116788321166,
    "pct_moderate": 56.38686131386861,
    "pct_generalists": 14.78102189781022,
    "mean_dominant_ratio": 0.439435032335338,
    "mean_significant_topics": 4.3321167883211675,
    "mean_topic_concentration": 0.10646026904980126
  },
  "temporal_metrics": {
    "mean_variance": 0.00020212220394690093,
    "decade_changes": {
      "1990s->2000s": 0.03465216058438511,
      "2000s->2010s": 0.09065932865825004,
      "2010s->2020s": 0.05340674171378258
    },
    "biannual_changes": {
      "1992-1993->1994-1995": 0.07904005695854485,
      "1994-1995->1996-1997": 0.0475134420887449,
      "1996-1997->1998-1999": 0.03055782590226924,
      "1998-1999->2000-2001": 0.02007007174513879,
      "2000-2001->2002-2003": 0.03128898221833475,
      "2002-2003->2004-2005": 0.018109934070697123,
      "2004-2005->2006-2007": 0.020939798948161305,
      "2006-2007->2008-2009": 0.017072281453080873,
      "2008-2009->2010-2011": 0.021046992293375293,
      "2010-2011->2012-2013": 0.024477993644778887,
      "2012-2013->2014-2015": 0.04273643984844401,
      "2014-2015->2016-2017": 0.03790857410961735,
      "2016-2017->2018-2019": 0.02907844618229911,
      "2018-2019->2020-2021": 0.011295869071159504
    },
    "mean_biannual_js": 0.030795479181046137
  },
  "parameters": {
    "num_topics": 20,
    "alpha": "symmetric",
    "eta": "auto",
    "passes": 15,
    "iterations": 400,
    "min_word_len": 2,
    "min_doc_freq": 5,
    "max_doc_freq_ratio": 0.3,
    "use_ngrams": "trigram_only",
    "ngram_min_count": 10,
    "ngram_threshold": 50,
    "vocabulary_size": 80458,
    "num_documents": 115785,
    "num_words_per_topic": 30,
    "timestamp": "20260123_203033",
    "run_dir": "/home/robin/Code_repo/psycholinguistic2125/JADT_rap_fr/results/LDA/run_20260123_203033_trigram_only"
  }
}